DescAlmacenStock	Proveedor	DMarca	DFamil_N1	DFamil_N2	DFamil_N3	DFamil_N4	DFamil_N5	LVenta	Codigo_Anterior	Cod.Artículo	Artículo	RefProv	PendRecibir	Stock	StockDisp	PendServir	PRec+Stock+Disp+PServ	SumaStocks0	PrecioAdq_Artic	PrecioInvent	PVP_artic	Oferta_Compra	Oferta_Venta	PVPanterior	%MB-Stock	%MB-Stock-Oferta	UltFechaAlbCompra	UltFechaAlbVenta	ArticActivo	Obsoleto	Comprar_Stock	Comprar_Cliente	Clasificación	Ean13	Fijo_Vendedor	Val Stock x PrecioAdq_Artic	Val Stock x PrecioInvent	Val Stock x PVP_Artic
ALMACEN REPARACIONES	*EDESA INDUSTRIAL, S.L.	FAGOR	00002 - Electrodomesticos	00007 - Pequeño Electrodoméstico	00001 - Cocina	00004 - Batidoras	 -	Pequeño Electrodoméstico	6255143	1,158E+12	BATIDORA C/A 600 W FAGOR B675MA	B675MA	0	1	1	0	2	No	22	22	37,99		27,94	40,02	0,299289287	0,047244094			S	S	N	N	LIQUIDACION	8,41388E+12		22	22	37,99
ALMACEN REPARACIONES	*GRUPO HRC HOME, S.L	ROMO	00001 - Muebles	00058 - Terraza y Jardín	00001 - Terraza y Jardin	00002 - Conjuntos	 -	Terraza y Jardín	6374091	1,365E+12	CONJUNTO JARDIN MONACHIL ROMO ROSJMONACHIL	ROSJMONACHIL	0	1	1	0	2	No	795	795	1389		799	1529	0,307451404	-0,203942428		17/11/2025	S	S	N	N	LIQUIDACION	8,43568E+12	9,99	795	795	1389
ALMACEN REPARACIONES	*INDUFEX S.L.	NEVA	00001 - Muebles	00050 - Dormitorios Matrimonio	00001 - Dormitorio	00005 - Mesitas de noche	 -	Dormitorios matrimonio	6316597	5,82004E+11	MESITA 2+1 CAJONES 55 55X60X35  NOGAL NEVA NV-662	NV-662	0	2	2	0	4	No	107,1	106,05	209				0,386026316	0,386026316			S	S	N	N	LIQUIDACION			214,2	212,1	418
ALMACEN REPARACIONES	ADAVIGAL, S.L.	PARIS	00001 - Muebles	00057 - Asientos	00002 - Sofás	00001 - Sillas	 -	Asientos	6366164	1,018E+12	SILLA BLANCA PARIS 2530020000	2530020000	0	1	1	0	2	No	14,81	14,81	29,9		10,9	29,9	0,400665552	-0,644045872		02/05/2025	S	N	N	N	LIQUIDACION	8,42751E+12	1	14,81	14,81	29,9
ALMACEN REPARACIONES	ADAVIGAL, S.L.	PARIS	00001 - Muebles	00057 - Asientos	00002 - Sofás	00001 - Sillas	 -	Asientos	6369350	1,018E+12	SILLA GRIS PARIS 2530020001	2530020001	0	3	1	0	4	No	14,81	14,81	29,9		19,9	29,9	0,400665552	0,099492462		26/11/2025	S	S	N	N	LIQUIDACION	8,43568E+12	2	44,43	44,43	89,7
ALMACEN REPARACIONES	ADAVIGAL, S.L.	SMILE	00001 - Muebles	00057 - Asientos	00002 - Sofás	00001 - Sillas	 -	Asientos	6366165	1,018E+12	SILLA GRIS ANTRACITA SMILE 2660024238	2660024238	0	4	4	0	8	No	25,86	25,86	71		29,9	71	0,559287324	-0,046508361		05/10/2023	S	N	N	N	BAJA ROTACION	8,42751E+12	2	103,44	103,44	284
ALMACEN REPARACIONES	ADI HOGAR Y HOSTELERIA IBERICA S.L.	NINGUNA	00001 - Muebles	00054 - Menaje	00002 - Servicio de Mesa	00099 - Acc. de Mesa	 -	Menage		8,45001E+11	"ACCESORIO ""C"" INVENTARIABLE"	845INV	0	1	0	0	1	No	0	0	0						13/02/2026	03/02/2026	S	N	S	S	VENDER			0	0	0
ALMACEN REPARACIONES	AGAMYD S.A	SALLY	00001 - Muebles	00056 - Auxiliares	00001 - Mueble Auxiliar	00006 - Mesas	 -	Mueble Auxiliar	6241492	1,16E+12	MESA DE CENTRO RECT. 110X45X60 SALLY 112425	112425	0	1	1	0	2	No	66	60,69	129				0,430737209	0,430737209			S	S	N	N	LIQUIDACION			66	60,69	129
ALMACEN REPARACIONES	AGAMYD S.A	XAVI	00001 - Muebles	00056 - Auxiliares	00001 - Mueble Auxiliar	00006 - Mesas	 -	Mueble Auxiliar	6265133-22	1,16E+12	MESA DE CENTRO XAVI,#ACABADO EN BLANCO		0	1	1	0	2	No	64,8	49,37	129				0,536917054	0,536917054		23/02/2024	S	N	S	S	OFERTA			64,8	49,37	129
ALMACEN REPARACIONES	ALMA SOFAS S.L.	IZNAJAR	00001 - Muebles	00057 - Asientos	00002 - Sofás	00004 - Sofas	 -	Asientos	6366813	1,464E+12	CONJUNTO 3+2 PLAZAS IZNAJAR TELA OFERTA,#ACABADO EN TELA EDA COLOR 1 CRUDO	TELA OFERTA	0	1	1	0	2	No	674,96	603,56	1361,19				0,463478574	0,463478574	04/02/2025	02/10/2024	S	N	S	S	COLECCION			674,96	603,56	1361,19
ALMACEN REPARACIONES	ALMA SOFAS S.L.	NINGUNA	00001 - Muebles	00057 - Asientos	00002 - Sofás	00008 - Chaise longues	 -	Asientos		1,464E+12	ACCESORIO  C INVENTARIABLE	INV1464	0	3	3	0	6	No	0	0	0						30/01/2026	30/04/2024	S	N	S	S	VENDER			0	0	0
ALMACEN REPARACIONES	ALTA S.R.L. UNIPERSONALE	NINGUNA	00003 - Cocinas	00002 - Cocina	00002 - Mobiliario	00099 - Acc. Mobiliario	 -	Cocinas	6360623	1,36E+12	COCINA SISTEMA 22 2100391	2100391	0	1	1	0	2	No	0,01	0,01	0,01				-0,21	-0,21	08/04/2022		S	S	S	S	VENDER			0,01	0,01	0,01
ALMACEN REPARACIONES	ANJI DELI FURNITURE CO.LIMITED	AITIN	00001 - Muebles	00057 - Asientos	00002 - Sofás	00001 - Sillas	 -	Asientos	6294889-49511	1,326E+12	SILLA AITIN DL-806,#ACABADO EN TELA UF-860-17B	DL-806	0	2	2	0	4	No	22,96	22,87	53,9		23,9	53,9	0,486591837	-0,157853556			S	S	N	N	LIQUIDACION	8,43568E+12	2	45,92	45,74	107,8
ALMACEN REPARACIONES	ANJI DELI FURNITURE CO.LIMITED	BIMBA	00001 - Muebles	00057 - Asientos	00002 - Sofás	00002 - Butacas	 -	Asientos	6340587-51572	1,326E+12	BUTACA BIMBA,#ACABADO EN TELA COWBOY 215		0	1	1	0	2	No	115,78	115,78	249,01		159	189	0,437396892	0,118906918	04/01/2024	27/05/2025	S	N	N	N	LIQUIDACION	8,43568E+12	2	115,78	115,78	249,01
ALMACEN REPARACIONES	ANJI DELI FURNITURE CO.LIMITED	BIMBA	00001 - Muebles	00057 - Asientos	00002 - Sofás	00002 - Butacas	 -	Asientos	6340587-51578	1,326E+12	BUTACA BIMBA,#ACABADO EN TELA PK1003-3 BEIGE		0	2	2	0	4	No	115,78	115,78	249,01		159	389	0,437396892	0,118906918		19/05/2025	S	N	N	N	LIQUIDACION	8,43568E+12	1,59	231,56	231,56	498,02
ALMACEN REPARACIONES	ANJI DELI FURNITURE CO.LIMITED	CLUBBY	00001 - Muebles	00057 - Asientos	00002 - Sofás	00002 - Butacas	 -	Asientos	6340581-51572	1,326E+12	SILLON CLUBBY,#ACABADO EN TELA COWBOY 215		0	1	1	0	2	No	99,79	99,79	219		139	339	0,448648858	0,13132446		09/03/2026	S	N	N	N	LIQUIDACION	8,43568E+12	2	99,79	99,79	219
ALMACEN REPARACIONES	ANJI DELI FURNITURE CO.LIMITED	HAVEN	00001 - Muebles	00057 - Asientos	00002 - Sofás	00002 - Butacas	 -	Asientos	6340582-51573	1,326E+12	BUTACA HAVEN,#ACABADO EN TELA PK1003-7 MOSTAZA		0	2	2	0	4	No	78,69	78,69	169		79,9	269	0,436598225	-0,191675845		15/04/2024	S	N	N	N	LIQUIDACION		1,29	157,38	157,38	338
ALMACEN REPARACIONES	ANJI SHENGXING OFFICE FURNITURE CO.	ARKET	00001 - Muebles	00057 - Asientos	00002 - Sofás	00002 - Butacas	 -	Asientos	6325758-50398	1,022E+12	SILLON RELAX POWER LIFT 2 MOTORES ARKET SX-80507-2S,#ACABADO EN TELA FABRIC K-10-093 GRIS	SX-80507-2S	0	2	2	0	4	No	176,99	163,22	379				0,478901847	0,478901847			S	S	N	N	LIQUIDACION			353,98	326,44	758
ALMACEN REPARACIONES	ANJI SHENGXING OFFICE FURNITURE CO.	KABUL	00001 - Muebles	00057 - Asientos	00002 - Sofás	00002 - Butacas	 -	Asientos	6325759-50399	1,022E+12	SILLON RELAX PUSH BACK KABUL SX-80230,#ACABADO EN TELA DLN 1080B-7 GRIS	SX-80230	0	1	1	0	2	No	92,81	92,82	199				0,435617085	0,435617085			S	S	N	N	LIQUIDACION	8,43568E+12		92,81	92,82	199
ALMACEN REPARACIONES	ANJI SHENGXING OFFICE FURNITURE CO.	MULHACEN	00001 - Muebles	00057 - Asientos	00002 - Sofás	00002 - Butacas	 -	Asientos		1,022E+12	SILLON RELAX MANUAL MULHACEN SX-81351,#ACABADO EN TELA BALTIC 748 OCEAN	SX-81351	0	1	1	0	2	No	100,78	102,22	219				0,435222831	0,435222831	12/03/2025	13/02/2026	S	N	N	N	LIQUIDACION	8,43568E+12		100,78	102,22	219
ALMACEN REPARACIONES	ANJI SHENGXING OFFICE FURNITURE CO.	PETER	00001 - Muebles	00057 - Asientos	00002 - Sofás	00002 - Butacas	 -	Asientos	6256169-41703	1,022E+12	SILLON RELAX POWER LIFT PETER SX-80000,#ACABADO EN PU MOKA	SX-80000	0	2	2	0	4	No	193,3	170,13	559		209	559	0,631740072	0,015036842	01/08/2024		S	N	N	N	LIQUIDACION	8,43568E+12	2	386,6	340,26	1118
ALMACEN REPARACIONES	ANJI SHENGXING OFFICE FURNITURE CO.	RONDO	00001 - Muebles	00057 - Asientos	00002 - Sofás	00002 - Butacas	 -	Asientos	6347054	1,022E+12	SILLON RELAX POWER LIFT Y MASAJE RONDO SX-AF80590S,#ACABADO EN TELA XNR6 1 BEIG	SX-AF80590S	0	1	0	0	1	No	168,64	168,64	358,38		329	358,38	0,430620012	0,37977386	21/10/2025	23/12/2025	S	N	N	N	LIQUIDACION	8,43568E+12		168,64	168,64	358,38
ALMACEN REPARACIONES	ANJI SHENGXING OFFICE FURNITURE CO.	RONDO	00001 - Muebles	00057 - Asientos	00002 - Sofás	00002 - Butacas	 -	Asientos	6347054	1,022E+12	SILLON RELAX POWER LIFT Y MASAJE RONDO SX-AF80590S,#ACABADO EN TELA XNR6 7 GRIS OSCURO	SX-AF80590S	0	2	1	0	3	No	152,04	148,18	329		299	329	0,455021884	0,400341806	25/02/2026	18/03/2026	S	N	N	N	LIQUIDACION	8,43568E+12		304,08	296,36	658
ALMACEN REPARACIONES	ANJI SHENGXING OFFICE FURNITURE CO.	RONDO	00001 - Muebles	00057 - Asientos	00002 - Sofás	00002 - Butacas	 -	Asientos	6347054-51961	1,022E+12	SILLON RELAX POWER LIFT Y MASAJE RONDO SX-AF80590S,#ACABADO EN TELA DLN1080B-8 NEGRO	SX-AF80590S	0	2	1	0	3	No	149,5	156,5	369		299	369	0,486815718	0,366672241	21/11/2024	01/04/2024	S	N	N	N	LIQUIDACION	8,43568E+12		299	313	738
ALMACEN REPARACIONES	ANJI SHENGXING OFFICE FURNITURE CO.	RONDO	00001 - Muebles	00057 - Asientos	00002 - Sofás	00002 - Butacas	 -	Asientos	6347054-51962	1,022E+12	SILLON RELAX POWER LIFT Y MASAJE RONDO SX-AF80590S,#ACABADO EN TELA DLN1080B-11 GRIS	SX-AF80590S	0	2	2	0	4	No	149,5	156,5	369		339	369	0,486815718	0,44140118	25/11/2024	29/01/2026	S	N	N	N	LIQUIDACION	8,43568E+12		299	313	738
ALMACEN REPARACIONES	ANJI SHENGXING OFFICE FURNITURE CO.	VELETA	00001 - Muebles	00057 - Asientos	00002 - Sofás	00002 - Butacas	 -	Asientos		1,022E+12	SILLON RELAX MANUAL BALANCIN VELETA SX-81349,#ACABADO EN TELA NAVY 19 GRIS	SX-81349	0	1	0	0	1	No	102,57	100,42	219				0,445168037	0,445168037	25/02/2026	18/03/2026	S	N	S	N	IMPORTACION	8,43568E+12		102,57	100,42	219
ALMACEN REPARACIONES	ANJI SIKANDIKE HOME SUPPLIES CO.LTD	NINGUNA	00001 - Muebles	00052 - Salón	00001 - Convencional	00003 - Bufets	 -	Salón	6331339-50774	1,38E+12	APARADOR GRIS PATA DORADA 150X40X70  ELLESB01,#ACABADO EN ACABADO GRIS PATA DORADA	ELLESB01	0	1	1	0	2	No	120,39	120,5	239		129	289	0,389937238	-0,130271318			S	S	N	N	LIQUIDACION		3	120,39	120,5	239
ALMACEN REPARACIONES	ANJI SIKANDIKE HOME SUPPLIES CO.LTD	NINGUNA	00001 - Muebles	00052 - Salón	00002 - Salón comedor	00001 - Muebles tv	 -	Salón	6331338-50775	1,38E+12	MUEBLE TV NEGRO Y ROBLE PATA METAL NEGRO 150X40X50  KOLNTU01,#ACABADO EN ACABADO NEGRO Y ROBLE PATA METAL NEGRO	KOLNTU01	0	1	1	0	2	No	64,89	64,95	129		65,9	159	0,39077907	-0,192556904			S	S	N	N	LIQUIDACION	8,43568E+12	2	64,89	64,95	129
ALMACEN REPARACIONES	ANJI SIKANDIKE HOME SUPPLIES CO.LTD	NINGUNA	00001 - Muebles	00056 - Auxiliares	00001 - Mueble Auxiliar	00019 - Comodas	 -	Mueble Auxiliar	6331342-50774	1,38E+12	COMODA GRANDE 6 CAJ.GRIS PATA DORADA 120X40X70  ELLECD03,#ACABADO EN ACABADO GRIS PATA DORADA	ELLECD03	0	1	1	0	2	No	120,39	120,5	239				0,389937238	0,389937238		13/03/2024	S	N	N	N	LIQUIDACION	8,43568E+12		120,39	120,5	239
ALMACEN REPARACIONES	ANJI XINYUE FURNITURE CO., LTD	ARGOS	00001 - Muebles	00057 - Asientos	00002 - Sofás	00002 - Butacas	 -	Asientos		4,495E+12	SILLON RELAX MANUAL ARGOS,#ACABADO EN AS1128-35 GRIS	9966 MANUAL	0	1	1	0	2	No	76	99,1	219				0,452461187	0,452461187	27/10/2025	10/10/2024	S	N	N	N	LIQUIDACION	8,43568E+12		76	99,1	219
ALMACEN REPARACIONES	ANJI XINYUE FURNITURE CO., LTD	ARGOS	00001 - Muebles	00057 - Asientos	00002 - Sofás	00002 - Butacas	 -	Asientos		4,495E+12	SILLON RELAX POWER LIFT ARGOS USB #ACABADO EN AS1128-77 GRIS PERLA	9966 POWER LIFT-USB	0	2	2	0	4	No	136,57	131,96	299				0,465981271	0,465981271	05/11/2025	14/02/2026	S	N	N	N	LIQUIDACION			273,14	263,92	598
ALMACEN REPARACIONES	ANJI XINYUE FURNITURE CO., LTD	ARGOS	00001 - Muebles	00057 - Asientos	00002 - Sofás	00002 - Butacas	 -	Asientos		4,495E+12	SILLON RELAX MANUAL ARGOS, #ACABADO EN AS1128-77 GRIS PERLA	9966 MANUAL	0	1	1	0	2	No	96,76	99,4	219				0,450803653	0,450803653	02/02/2026	02/03/2026	S	N	S	N	IMPORTACION			96,76	99,4	219
ALMACEN REPARACIONES	ANJI XINYUE FURNITURE CO., LTD	LOTUS	00001 - Muebles	00057 - Asientos	00002 - Sofás	00002 - Butacas	 -	Asientos		4,495E+12	SILLON RELAX POWER LIFT LOTUS 9909,#ACABADO EN AS1128-40 BEIGE	9909	0	1	1	0	2	No	143,45	138,45	309				0,457849515	0,457849515	04/12/2024	28/07/2025	S	N	N	N	LIQUIDACION			143,45	138,45	309
ALMACEN REPARACIONES	ANJI XINYUE FURNITURE CO., LTD	NEW ARKO	00001 - Muebles	00057 - Asientos	00002 - Sofás	00002 - Butacas	 -	Asientos		4,495E+12	SILLON RELAX POWER LIFT NEW ARKO 2 MOTORES 9794 ,#ACABADO EN MOLLY 9 GRIS	9794	0	1	0	0	1	No	148	168,95	319		419	459	0,359155172	0,512101432	27/02/2026	18/03/2026	S	N	S	N	IMPORTACION			148	168,95	319
ALMACEN REPARACIONES	ANTONIO ALCALA LOPEZ	VIP 2.0	00001 - Muebles	00056 - Auxiliares	00001 - Mueble Auxiliar	00006 - Mesas	 -	Mueble Auxiliar	6238021-42335	1,502E+12	MESA CENTRO ELEVABLE 110X46X60 C/CRISTAL VIP 2.0 VIP2004 B,#ACABADO EN NATURAL ROBLE CLARO	VIP2004 B	0	1	1	0	2	No	267,12	267,12	509				0,364999607	0,364999607	28/10/2021	07/05/2024	S	N	N	S	LIQUIDACION			267,12	267,12	509
ALMACEN REPARACIONES	AP PHOTO INDUSTRIES S.L	SWISS PRO	00002 - Electrodomesticos	00011 - Electrónica de consumo	00013 - Baja Frecuencia	00006 - Altavoces	 -	Electrónica de consumo	6240766	1,265E+12	ALTAVOZ SWISS PRO DISCO BALL LIGHT PHOENIX	DISCOBALLLIGHTPHOENIX	0	1	0	0	1	No	39,9	40,6	68,95		51,97	68,95	0,28751269	0,054723879		08/07/2025	S	S	N	N	LIQUIDACION	8,43543E+12		39,9	40,6	68,95
ALMACEN REPARACIONES	AP PHOTO INDUSTRIES S.L	SWISS PRO	00002 - Electrodomesticos	00011 - Electrónica de consumo	00013 - Baja Frecuencia	00006 - Altavoces	 -	Electrónica de consumo	6298167	1,265E+12	ALTAVOZ BATERIA BLUETOOTH SWISSGO ARA P30	ARAP30	0	1	0	0	1	No	44,11	43,99	76,1				0,300553219	0,300553219			S	S	N	N	LIQUIDACION	8,42023E+12		44,11	43,99	76,1
ALMACEN REPARACIONES	ARBE STOLANIC SL	NINGUNA	00003 - Cocinas	00002 - Cocina	00002 - Mobiliario	00005 - Encimera	 -	Cocinas		4,775E+12	SLIM PUSH CONTROL 4.0		0	1	1	0	2	No	113,75	113,75	211,76				0,350030695	0,350030695	08/01/2026	30/09/2025	S	N	S	S	VENDER			113,75	113,75	211,76
ALMACEN REPARACIONES	AUXILIAR DE TABLEROS MECANIZADOS SL	ARM	00001 - Muebles	00051 - Camas juveniles	00002 - Modular	00001 - Armarios	 -	Dormitorios Juveniles	6350886	1,493E+12	ARYA ARMARIO 2P CORREDERAS 150 BLANCO ARTIK  ARM150A	ARM150A	0	1	0	0	1	No	171,86	171,52	339,01				0,387808029	0,387808029	30/12/2025	18/03/2026	S	N	S	N	OFERTA STOCK	8,42349E+12		171,86	171,52	339,01
ALMACEN REPARACIONES	AUXILIAR DE TABLEROS MECANIZADOS SL	CLASS	00001 - Muebles	00056 - Auxiliares	00001 - Mueble Auxiliar	00011 - Zapateros	 -	Mueble Auxiliar		1,493E+12	ZAPATERO CLASS 4 PUERTAS 30 PARES R.CANADIAN/BLANCO	017818F	0	3	3	0	6	No	59,79	58,83	116,9				0,391066724	0,391066724	03/02/2026	17/03/2026	S	N	S	N	OFERTA STOCK	8,42349E+12		179,37	176,49	350,7
ALMACEN REPARACIONES	AUXILIAR DE TABLEROS MECANIZADOS SL	ETHNA	00001 - Muebles	00052 - Salón	00002 - Salón comedor	00104 - Aparadores	 -	Salón	6309628	1,493E+12	APARADOR 3 PUERTAS ETHNA BLANCO ARTIK/NATUR	0E6608A	0	1	1	0	2	No	66,16	66,16	129				0,379429457	0,379429457	08/01/2025	14/03/2026	S	N	N	N	LIQUIDACION	8,42349E+12		66,16	66,16	129
ALMACEN REPARACIONES	AUXILIAR DE TABLEROS MECANIZADOS SL	JULIA	00001 - Muebles	00052 - Salón	00002 - Salón comedor	00001 - Muebles tv	 -	Salón		1,493E+12	JULIA  PLUS SALON  TV 220 ROBLE NODI/BL.ARTIK 016647W	016647W	0	1	0	0	1	No	87,18	85,61	179				0,421295531	0,421295531	26/09/2025	17/02/2026	S	N	S	N	OFERTA STOCK	8,42349E+12		87,18	85,61	179
ALMACEN REPARACIONES	AUXILIAR DE TABLEROS MECANIZADOS SL	NINGUNA	00001 - Muebles	00051 - Camas juveniles	00001 - Convencional	00012 - Librerías juveniles	 -	Dormitorios Juveniles		1,493E+12	ACCESORIO  C INVENTARIABLE	INV1493	0	3	3	0	6	No	0	0	0						16/03/2026		S	N	S	S	VENDER			0	0	0
ALMACEN REPARACIONES	AUXILIAR DE TABLEROS MECANIZADOS SL	NINGUNA	00001 - Muebles	00051 - Camas juveniles	00002 - Modular	00001 - Armarios	 -	Dormitorios Juveniles	6385130	1,493E+12	ARMARIO 2P CORREDERAS BLANCO 2,00 X 1,00 X 0,50  MAX019O	MAX019O	0	4	3	0	7	No	82,2	80,45	169				0,423997041	0,423997041	27/09/2025	12/02/2026	S	N	S	N	OFERTA STOCK	8,42349E+12		328,8	321,8	676
ALMACEN REPARACIONES	AYM ROMERO SL	NINGUNA	00003 - Cocinas	00001 - Baño	00002 - Complementos	00099 - Accesorios	 -	Baño		1,553E+12	ACCESORIO  INVENTARIABLE	INV1553	0	1	1	0	2	No	0	0	0						05/12/2024		S	N	S	S	VENDER			0	0	0
ALMACEN REPARACIONES	AYM ROMERO SL	NINGUNA	00003 - Cocinas	00001 - Baño	00003 - Sanitarios	00006 - Griferia baño	 -	Baño		4,471E+12	GRIFERÍA DE COCINA CONSTANZA GCE005	GCE005	0	1	0	0	1	No	108,99	108,99	181,66				0,274039965	0,274039965	25/02/2026	14/03/2026	S	N	S	S	VENDER	8,43567E+12		108,99	108,99	181,66
ALMACEN REPARACIONES	Agustin Ariza Cobo	MIKA	00001 - Muebles	00057 - Asientos	00002 - Sofás	00002 - Butacas	 -	Asientos		4,924E+12	BUTACA MIKA 1 MOTOR CARDIO 2 TIEMPOS GRUPO 1,#ACABADO EN TELA NASERA	GRUPO 1	0	1	0	0	1	No	306,8	306,8	618,72				0,400006465	0,400006465	20/02/2026	26/02/2026	S	N	S	S	VENDER			306,8	306,8	618,72
ALMACEN REPARACIONES	BABYLISS IBERICA S.L.U.	BABYLISS	00002 - Electrodomesticos	00007 - Pequeño Electrodoméstico	00002 - Aseo	00010 - Planchas Pelo	 -	Pequeño Electrodoméstico	6314042	1,358E+12	RIZADOR AUTOMATICO BABYLISS C2663PE	C2663PE	0	1	1	0	2	No	52,98	42,98	91,55		54,58	78,18	0,431941016	0,047163796		22/06/2023	S	S	N	N	LIQUIDACION		2	52,98	42,98	91,55
ALMACEN REPARACIONES	BABYLISS IBERICA S.L.U.	BABYLISS	00002 - Electrodomesticos	00007 - Pequeño Electrodoméstico	00002 - Aseo	00011 - Corta pelo	 -	Pequeño Electrodoméstico	6313911	1,358E+12	CORTAPELOS CON CABLE BABILYSS E695E	E695E	0	1	1	0	2	No	16,14	13,3	24,95		21,41	24,19	0,35498998	0,248341896	09/12/2025	11/12/2025	S	S	N	S	NO COLECCION	3,03005E+12		16,14	13,3	24,95
ALMACEN REPARACIONES	BADA BAQIANG(TIANJIN)COMMERCE & TRA	NINGUNA	00001 - Muebles	00057 - Asientos	00002 - Sofás	00013 - Sofas cama	 -	Asientos	5953584-34860	1,317E+12	SOFA CAMA SIST. CLIC-CLAC POLO-FACTORY QLM-58,#ACABADO EN 271 PU ROJO	QLM-58	0	1	1	0	2	No	118,41	118,41	349		119	259	0,589466762	-0,20400084			S	S	N	N	LIQUIDACION	2,00006E+12	2	118,41	118,41	349
ALMACEN REPARACIONES	BAZHOU ANGUS TRADING CO, LTD	ASTOR	00001 - Muebles	00057 - Asientos	00002 - Sofás	00015 - Sillas despacho	 -	Asientos	6384380	1,495E+12	SILLA OFICINA NEGRO ASTOR 802-1	802-1	0	1	1	0	2	No	57,45	57,33	199		77,9	199	0,651410553	0,109508344	26/02/2024	06/02/2025	S	N	N	N	LIQUIDACION		2	57,45	57,33	199
ALMACEN REPARACIONES	BAZHOU ANGUS TRADING CO, LTD	CLAVIN	00001 - Muebles	00057 - Asientos	00002 - Sofás	00015 - Sillas despacho	 -	Asientos	6384383	1,495E+12	SILLON GAMMING CLAVIN Y830 TELA,#ACABADO EN GRIS 35 AZUL 40	Y830-9	0	2	2	0	4	No	49,04	53,71	109		72,9	199	0,403769725	0,108517147	26/02/2024	18/09/2025	S	N	N	N	LIQUIDACION		2	98,08	107,42	218
ALMACEN REPARACIONES	BAZHOU HETAI FURNITURE	NINGUNA	00001 - Muebles	00056 - Auxiliares	00001 - Mueble Auxiliar	00099 - Acc. Auxiliar	 -	Mueble Auxiliar	6340464-51535	1,402E+12	APARADOR 180X40X79CM  1903 NOGAL,#ACABADO EN CHAPA NOGAL PUERTA PU PINTADA TIR.LATON PATAS ROBL	1903 NOGAL	0	1	1	0	2	No	190,01	190,01	599		259	599	0,616173456	0,112308494		12/08/2025	S	S	N	N	LIQUIDACION	8,43568E+12	2,59	190,01	190,01	599
ALMACEN REPARACIONES	BEKO ELECTRONICS ESPAÑA, S.L.	GRUNDIG	00002 - Electrodomesticos	00006 - Gran Electrodoméstico	00003 - Lavado	00001 - Lavadoras	 -	Gran Electrodoméstico		4,393E+12	LAVADORA 10KG 1400 RPM CLASE A INVERTER VAPOR GW7P5104110W GRUNDIG	GW7P5104110W	0	1	0	0	1	No	276,75	284,09	583,8		399	517,04	0,411187222	0,138473935	10/02/2026	18/03/2026	S	N	S	N	OFERTA	4,01383E+12	3,42	276,75	284,09	583,8
ALMACEN REPARACIONES	BEKO ELECTRONICS ESPAÑA, S.L.	GRUNDIG	00002 - Electrodomesticos	00006 - Gran Electrodoméstico	00003 - Lavado	00002 - Lavavajillas	 -	Gran Electrodoméstico	6364244	4,393E+12	LAVAVAJILLAS 14 SERVICIOS 60 CLASE E GRUNDIG GNFP3450X	GNFP3450X	0	1	1	0	2	No	261,74	252,18	435,77		321,28	458,97	0,299773275	0,050243401		17/05/2024	S	S	N	N	LIQUIDACION	4,01383E+12	0	261,74	252,18	435,77
ALMACEN REPARACIONES	BLISS SOFAS, S.L.	NINGUNA	00001 - Muebles	00057 - Asientos	00002 - Sofás	 -	 -	Tapiceria		3,886E+12	ACCESORIO C INVENTARIABLE	3886INV	0	1	1	0	2	No	0	0	0						22/10/2025		S	N	S	S	VENDER			0	0	0
ALMACEN REPARACIONES	BSH ELECTRODOMESTICOS ESPAÑA,S.A.	BALAY	00002 - Electrodomesticos	00006 - Gran Electrodoméstico	00004 - Secado	00001 - Secadoras	 -	Gran Electrodoméstico		4,343E+12	SECADORA BALAY 9 KG BOMBA CALOR, A++, 60 CM, BLANCA PUERTA DE CRISTAL PAUSA + CARGA 3SB090B	3SB090B	0	1	0	0	1	No	400	413,11	768,39				0,349466937	0,349466937	21/01/2025	01/09/2025	S	N	N	N	LIQUIDACION	4,24201E+12	0	400	413,11	768,39
ALMACEN REPARACIONES	BSH ELECTRODOMESTICOS ESPAÑA,S.A.	BALAY	00002 - Electrodomesticos	00007 - Pequeño Electrodoméstico	00001 - Cocina	00027 - Hornos Microondas	00002 - Hornos Microondas con grill	Pequeño Electrodoméstico	6369520	4,343E+12	MICROONDAS BALAY ENCASTRABLE SIN MARCO 20 L. CRISTAL BLANCO CON GRILL 3CG5172B2	3CG5172B2	0	1	1	0	2	No	162	180,02	334,88		282,81	327,64	0,349545509	0,229786075	02/03/2026	02/03/2026	S	N	S	S	VENDER	4,24201E+12		162	180,02	334,88
ALMACEN REPARACIONES	BSH ELECTRODOMESTICOS ESPAÑA,S.A.	BOSCH	00002 - Electrodomesticos	00006 - Gran Electrodoméstico	00001 - Coccion	00002 - Hornos Empotrables	 -	Gran Electrodoméstico	6340118	4,342E+12	HORNO MULTIFUNCION CLASE F BOSCH HBA512ES0	HBA512ES0	0	1	0	0	1	No	282,55	255,09	474,47		400,92	464,26	0,34946593	0,230123466	16/09/2024	26/02/2025	S	N	N	N	EXPOSICIÓN	4,24201E+12	0	282,55	255,09	474,47
ALMACEN REPARACIONES	BSH ELECTRODOMESTICOS ESPAÑA,S.A.	BOSCH	00002 - Electrodomesticos	00007 - Pequeño Electrodoméstico	00003 - Hogar	00011 - Aspiradores	 -	Pequeño Electrodoméstico	6348613	4,345E+12	ASPIRADOR ESCOBA 24,6V BOSCH BCH3P210	BCH3P210	0	1	1	0	2	No	163,12	50,05	86,5		63,56	91,04	0,299878613	0,04719163			S	S	N	N	LIQUIDACION	4,24201E+12		163,12	50,05	86,5
ALMACEN REPARACIONES	BSH ELECTRODOMESTICOS ESPAÑA,S.A.	NINGUNA	00002 - Electrodomesticos	00006 - Gran Electrodoméstico	00003 - Lavado	00002 - Lavavajillas	 -	Gran Electrodoméstico	6354714	4,343E+12	LAVAVAJILLAS 060 INTEGRABLE D (COCINA ALMERIA N 1) BALAY 3VH5330NA	3VH5330NA	0	1	0	0	1	No	507,97	424,17	788,96				0,349465499	0,349465499			S	S	N	N	LIQUIDACION	2,00006E+12		507,97	424,17	788,96
ALMACEN REPARACIONES	CAMASOFAS IBERCAN S.L.	NINGUNA	00001 - Muebles	00057 - Asientos	00002 - Sofás	00013 - Sofas cama	 -	Asientos		1,238E+12	ACCESORIO  C INVENTARIABLE	1238INV	0	1	1	0	2	No	0	0	0						05/02/2026		S	N	S	S	VENDER			0	0	0
ALMACEN REPARACIONES	CATA ELECTRODOMESTICOS,S.L	CATA	00002 - Electrodomesticos	00006 - Gran Electrodoméstico	00005 - Extraccion de Humos	00001 - Campanas	 -	Gran Electrodoméstico	6222576	7,03001E+11	CAMPANA TITAN BK 900XGBK CATA 02059201	2059201	0	1	1	0	2	No	362,82	251,96	435,39		321	458,57	0,299773536	0,050244237			S	S	N	N	LIQUIDACION	8,42225E+12		362,82	251,96	435,39
ALMACEN REPARACIONES	CECOTEC INNOVACIONES S.L.	CECOTEC	00002 - Electrodomesticos	00007 - Pequeño Electrodoméstico	00001 - Cocina	00005 - Cafeteras	 -	Pequeño Electrodoméstico	6394134	1,199E+12	CAFETERA EXPRES CECOTEC CAFELIZZIA 890 ROSE PRO 1574	1574	0	1	0	0	1	No	60,04	68,57	89,9				0,077088988	0,077088988	26/02/2024	11/11/2024	S	N	N	N	LIQUIDACION	8,43548E+12		60,04	68,57	89,9
ALMACEN REPARACIONES	CECOTEC INNOVACIONES S.L.	CECOTEC	00002 - Electrodomesticos	00007 - Pequeño Electrodoméstico	00001 - Cocina	00014 - Molinillos	 -	Pequeño Electrodoméstico	6357434	1,199E+12	MOLINILLO CECOTEC INSTANTMILL PRESS  4280	4280	0	1	0	0	1	No	8,53	5,67	12,9				0,468162791	0,468162791	28/10/2024	05/11/2025	S	N	N	S	NO COLECCION	8,4356E+12		8,53	5,67	12,9
ALMACEN REPARACIONES	CECOTEC INNOVACIONES S.L.	CECOTEC	00002 - Electrodomesticos	00007 - Pequeño Electrodoméstico	00001 - Cocina	00020 - Tostadores	 -	Pequeño Electrodoméstico		1,199E+12	TOSTADOR VERTICAL Toast&Taste Blanco & Negro CECOTEC  03190	3190	0	1	1	0	2	No	21,91	19,83	32,9				0,27068997	0,27068997	31/12/2025	03/03/2026	S	N	S	S	COLECCION	8,43548E+12		21,91	19,83	32,9
ALMACEN REPARACIONES	CECOTEC INNOVACIONES S.L.	CECOTEC	00002 - Electrodomesticos	00007 - Pequeño Electrodoméstico	00001 - Cocina	00020 - Tostadores	 -	Pequeño Electrodoméstico		1,199E+12	TOSTADOR PLANO  TURBO EASYTOAST INOX CECOTEC 08004	8004	0	1	0	0	1	No	16,95	14,42	26,9				0,35136803	0,35136803	20/02/2026	05/03/2026	S	N	N	N	LIQUIDACION	8,43548E+12		16,95	14,42	26,9
ALMACEN REPARACIONES	CECOTEC INNOVACIONES S.L.	CECOTEC	00002 - Electrodomesticos	00007 - Pequeño Electrodoméstico	00001 - Cocina	00026 - Hornos Sobremesa	 -	Pequeño Electrodoméstico		1,199E+12	HORNO SOBREMESA 10L Bake&Toast 1090 White 03811 CECOTEC	3811	0	1	0	0	1	No	21,97	21,82	32,9				0,19750152	0,19750152	27/06/2025	16/02/2026	S	S	N	S	NO COLECCION	8,43548E+12		21,97	21,82	32,9
ALMACEN REPARACIONES	CECOTEC INNOVACIONES S.L.	CECOTEC	00002 - Electrodomesticos	00011 - Electrónica de consumo	00050 - Movilidad urbana	00001 - Patinetes	 -	Electrónica de consumo	6303341	1,199E+12	PATINETE ELECTRICO CECOTEC OUTSIDER E-VOLUTION 8,5 PHOENIX	OUTSIDEREVOLUTION8,5PHOENIX	0	1	1	0	2	No	260	258,65	399,89				0,217368526	0,217368526	21/05/2022		S	S	N	N	LIQUIDACION	8,43548E+12		260	258,65	399,89
ALMACEN REPARACIONES	CENDISA S.L.	NINGUNA	00003 - Cocinas	00002 - Cocina	00002 - Mobiliario	00099 - Acc. Mobiliario	 -	Cocinas	6299073	2,60001E+11	COPETE ENCIMERA MIXTO MINI (CML) - 400.0 CROMO  185333	185333	0	1	1	0	2	No	17,75	17,75	45,9				0,53208061	0,53208061			S	S	S	S	VENDER			17,75	17,75	45,9
ALMACEN REPARACIONES	CHITRA EUROPEAN FURNITURE S.L.	ALICANTE	00001 - Muebles	00057 - Asientos	00002 - Sofás	00002 - Butacas	 -	Asientos		1,284E+12	SILLON RELAX ELECTRICO+ POWER LIFT (073) ALICANTE,#ACABADO EN CREMA	0	0	1	1	0	2	No	224	220,71	459		419	459	0,418171895	0,362627446	29/01/2026	11/03/2026	S	N	S	S	COLECCION C/A			224	220,71	459
ALMACEN REPARACIONES	CHITRA EUROPEAN FURNITURE S.L.	FERROL	00001 - Muebles	00057 - Asientos	00002 - Sofás	00002 - Butacas	 -	Asientos	6349849-45926	1,284E+12	SILLON RELAX ELECTRICO FERROL PIEL/PVC,#ACABADO EN PIEL CHOCOLATE	PIEL/PVC	0	1	1	0	2	No	255	240	739		249	539	0,607036536	-0,16626506			S	S	N	N	LIQUIDACION	8,43568E+12	3	255	240	739
ALMACEN REPARACIONES	CHITRA EUROPEAN FURNITURE S.L.	NINGUNA	00001 - Muebles	00057 - Asientos	00002 - Sofás	00002 - Butacas	 -	Asientos		1,284E+12	ACCESORIO MOBILIARIO  C INVENTARIABLE	1284INV	0	1	1	0	2	No	0	0	0						20/01/2026		S	N	S	S	VENDER			0	0	0
ALMACEN REPARACIONES	CHITRA EUROPEAN FURNITURE S.L.	OSAKA	00001 - Muebles	00057 - Asientos	00002 - Sofás	00002 - Butacas	 -	Asientos	6307320-22681	1,284E+12	SILLON + POUF OSAKA,#ACABADO EN MICROFIBRA AZUL		0	1	-2	0	-1	No	293	277,6	599				0,439238731	0,439238731	13/02/2026	27/02/2026	S	N	S	S	COLECCION C/A			293	277,6	599
ALMACEN REPARACIONES	COMERCIAL LAMA,S.L	NINGUNA	00001 - Muebles	00056 - Auxiliares	00001 - Mueble Auxiliar	00007 - Percheros	 -	Mueble Auxiliar	6349670	9,52001E+11	PERCHERO NEGRO (2 - 4)  300108	300108	0	1	1	0	2	No	23,99	22,73	46,9				0,413575693	0,413575693		12/12/2023	S	S	S	N	OFERTA	8,43555E+12		23,99	22,73	46,9
ALMACEN REPARACIONES	COMERCIANTES ELECTROD.CORDOBESES SA	AEG	00002 - Electrodomesticos	00006 - Gran Electrodoméstico	00003 - Lavado	00001 - Lavadoras	 -	Gran Electrodoméstico		1,415E+12	LAVADORA AEG (E) 9 KG 1400 RPM CLASE-A (-20%)  INVERTER PUERTA NEGRA PANEL DARK SILVER INVERTER PROGRAMA HIGIENE CON VAPOR PROSTEAM PRECISEWASH LFR7394N4B	LFR7394N4B	0	1	0	0	1	No	368,76	352,76	674,2		559	607,44	0,36689469	0,236422898	18/03/2026	18/03/2026	S	N	S	S	EXCLUSIVO	7,33339E+12	2	368,76	352,76	674,2
ALMACEN REPARACIONES	COMERCIANTES ELECTROD.CORDOBESES SA	BALAY	00002 - Electrodomesticos	00006 - Gran Electrodoméstico	00002 - Frio	00002 - Congeladores	 -	Gran Electrodoméstico		1,415E+12	CONGELADOR BALAY VERTICAL 1 P 186X60CM BLANCO 3GFE553WE	3GFE553WE	0	1	0	0	1	No	469,77	446,7	787,95		665,52	771,01	0,314033885	0,187842589	11/03/2026	06/03/2026	S	N	S	S	VENDER	4,24201E+12		469,77	446,7	787,95
ALMACEN REPARACIONES	COMERCIANTES ELECTROD.CORDOBESES SA	BOSCH	00002 - Electrodomesticos	00006 - Gran Electrodoméstico	00002 - Frio	00003 - Combinados	 -	Gran Electrodoméstico		1,415E+12	FRIGORIFICO COMBI 203 CM CLASE E INOX BOSCH KGN392IEF	KGN392IEF	0	1	1	0	2	No	463	462,99	862,54		769,23	842,62	0,350502122	0,271716002	07/10/2025	11/03/2026	S	N	S	S	COLECCION	4,24201E+12	0	463	462,99	862,54
ALMACEN REPARACIONES	COMERCIANTES ELECTROD.CORDOBESES SA	CANDY	00002 - Electrodomesticos	00006 - Gran Electrodoméstico	00001 - Coccion	00002 - Hornos Empotrables	 -	Gran Electrodoméstico		1,415E+12	HORNO CANDY MULTIFUNCION INOX A+ 65 L.  FIDCX602CA	FIDCX602CA	0	1	0	0	1	No	130,22	130,22	242,21		204,58	237	0,349464514	0,229806433	16/10/2025	03/01/2026	S	N	S	S	VENDER			130,22	130,22	242,21
ALMACEN REPARACIONES	COMERCIANTES ELECTROD.CORDOBESES SA	GRUNDIG	00002 - Electrodomesticos	00006 - Gran Electrodoméstico	00002 - Frio	00003 - Combinados	 -	Gran Electrodoméstico		1,415E+12	FRIGORIFICO GRUNDIG COMBI (E) 192 X 70 CLASE-D DARK INOX ANTIHUELLA DISPLAY EN PUERTA  GKPN6793XD	GKPN6793XD	0	1	1	0	2	No	503,43	503,43	936,38		790,89	916,24	0,349462505	0,229791374	24/07/2025	21/07/2025	S	N	S	S	VENDER	4,01383E+12		503,43	503,43	936,38
ALMACEN REPARACIONES	COMERCIANTES ELECTROD.CORDOBESES SA	GRUNDIG	00002 - Electrodomesticos	00015 - Climatización	00001 - Climatización	00001 - Acondicionadores	 -	Climatización		1,415E+12	ACONDICIONADOR GRUNDIG 3000 F. A+++ /A++ INVERTER NUEVO DISEÑO WIFI INCLUIDO GEEPDH121	GEEPDH121	0	1	0	0	1	No	258,38	258,38	549		423,74	470,35	0,430528597	0,26218955	02/03/2026	02/02/2026	S	N	S	S	VENDER	GEEPDH121	5	258,38	258,38	549
ALMACEN REPARACIONES	COMERCIANTES ELECTROD.CORDOBESES SA	HISENSE	00002 - Electrodomesticos	00006 - Gran Electrodoméstico	00002 - Frio	00001 - Frigorificos	 -	Gran Electrodoméstico		1,415E+12	FRIGORIFICO HISENSE 1 PUERTA 185 X 60 CLASE-E BLANCO NO FROST  DISPLAY EXTERIOR METAL TECH-COOLING, MULTI-AIR FLOW, MICRO VENTS COOLING RL481N4BWE	RL481N4BWE	0	1	1	0	2	No	386	386	717,97		606,41	702,52	0,349471426	0,229795023	10/09/2025	03/09/2025	S	N	S	S	VENDER	6,92173E+12		386	386	717,97
ALMACEN REPARACIONES	COMERCIANTES ELECTROD.CORDOBESES SA	HISENSE	00002 - Electrodomesticos	00006 - Gran Electrodoméstico	00002 - Frio	00002 - Congeladores	 -	Gran Electrodoméstico		1,415E+12	CONGELADOR HISENSE HORIZONTAL 248 L. CLASE-E ANCHO 96,3 CM. FUNCION BOTELLERO FT321D4AWLE	FT321D4AWLE	0	1	1	0	2	No	204	203,65	378,25		309	370,64	0,34853536	0,202535599	02/03/2026	19/02/2026	S	N	S	S	COLECCION	6,92173E+12		204	203,65	378,25
ALMACEN REPARACIONES	COMERCIANTES ELECTROD.CORDOBESES SA	HISENSE	00002 - Electrodomesticos	00006 - Gran Electrodoméstico	00002 - Frio	00003 - Combinados	 -	Gran Electrodoméstico		1,415E+12	FRIGORIFICO HISENSE COMBI 186 X 60 TOTAL NF CLASE-E INOX 304 L. RB390N4ACE	RB390N4ACE	0	2	2	0	4	No	307,49	303,09	557,58		439	557,58	0,34226676	0,164603872	18/03/2026	09/02/2026	S	N	S	S	COLECCION	6,92173E+12	0	614,98	606,18	1115,16
ALMACEN REPARACIONES	COMERCIANTES ELECTROD.CORDOBESES SA	HISENSE	00002 - Electrodomesticos	00006 - Gran Electrodoméstico	00002 - Frio	00003 - Combinados	 -	Gran Electrodoméstico		1,415E+12	FRIGORIFICO HISENSE COMBI 202 X 60 CLASE-C 336 L. BLANCO TOTAL NF. INVERTER (10 A. MOTOR) METAL BACK RB440N4AWC	RB440N4AWC	0	1	0	0	1	No	416	416	775,01		659	757,12	0,350511606	0,236176024	08/10/2025	16/03/2026	S	N	S	S	COLECCION	6,92173E+12	0	416	416	775,01
ALMACEN REPARACIONES	COMERCIANTES ELECTROD.CORDOBESES SA	INFINITON	00002 - Electrodomesticos	00006 - Gran Electrodoméstico	00002 - Frio	00001 - Frigorificos	 -	Gran Electrodoméstico		1,415E+12	FRIGORIFICO 1 PUERTA BLANCO NO FROST CLASE E CAPACIDAD TOTAL NETA 375 (L),  CL360L85WEC INFINITON	CL360L85WEC	0	1	0	0	1	No	310	310	589		549	609,39	0,363157895	0,316757741	11/03/2026	11/03/2026	S	N	S	S	COLECCION	8,44564E+12		310	310	589
ALMACEN REPARACIONES	COMERCIANTES ELECTROD.CORDOBESES SA	INFINITON	00002 - Electrodomesticos	00006 - Gran Electrodoméstico	00002 - Frio	00002 - Congeladores	 -	Gran Electrodoméstico		1,415E+12	CONGELADOR VERTICAL CV265L85WEM INFINITON	CV265L85WEM	0	1	1	0	2	No	330	330	649		599	664,89	0,384745763	0,333388982	09/03/2026	09/03/2026	S	N	S	S	COLECCION	8,44564E+12	0	330	330	649
ALMACEN REPARACIONES	COMERCIANTES ELECTROD.CORDOBESES SA	INFINITON	00002 - Electrodomesticos	00006 - Gran Electrodoméstico	00003 - Lavado	00001 - Lavadoras	 -	Gran Electrodoméstico		1,415E+12	LAVADORA INFINITON 6 KG. 1000 RPM CLASE-D DISPLAY LOOK INOX (PLATA PINTADO) WMD61DPE	WMD61DPE	0	1	1	0	2	No	189	184,28	352,11		269	335,39	0,366735395	0,171082528	18/02/2026	10/12/2025	S	N	S	N	OFERTA	8,44564E+12		189	184,28	352,11
ALMACEN REPARACIONES	COMERCIANTES ELECTROD.CORDOBESES SA	INFINITON	00002 - Electrodomesticos	00015 - Climatización	00001 - Climatización	00001 - Acondicionadores	 -	Climatización		1,415E+12	ACONDICIONADOR INFINITON 3000 F. A++ (GAS R32) INVERTER WIFI INCLUIDO MODO NOCTURNO SLEEP, FILTRO ANTIBACTERIAS , GOLDEN FIN , RECUBRIMIENTO DE COBRE ANTI HUMEDAD Y ANTI CORROSION , AIR FLOW , DESHUMIDIFICADOR Y 22DB SPTSE12A2	SPTSE12A2	0	1	0	0	1	No	197,6	198,53	369		329	369	0,348993767	0,269844073	18/03/2026	18/03/2026	S	N	S	S	VENDER		0	197,6	198,53	369
ALMACEN REPARACIONES	COMERCIANTES ELECTROD.CORDOBESES SA	LG	00002 - Electrodomesticos	00006 - Gran Electrodoméstico	00002 - Frio	00001 - Frigorificos	 -	Gran Electrodoméstico		1,415E+12	FRIGORIFICO LG AMERICANO 4 PUERTAS ANCHO 1787 X 835 X 730 MM  CLASE-E INOX 530 L. NF  INVERTER (10 A. MOTOR) GMB860PYDE	GMB860PYDE	0	1	0	0	1	No	844,83	832,61	1548,65		1308,03	1515,35	0,349460433	0,22978976	23/10/2025	03/03/2026	S	N	S	S	VENDER	8,80609E+12		844,83	832,61	1548,65
ALMACEN REPARACIONES	COMERCIANTES ELECTROD.CORDOBESES SA	LG	00002 - Electrodomesticos	00006 - Gran Electrodoméstico	00002 - Frio	00003 - Combinados	 -	Gran Electrodoméstico		1,415E+12	FRIGORIFICO LG COMBI 203 X 60 CLASE-E INOX TOTAL NF METAL FRESH DISPLAY EN PUERTA INVERTER (10 CLASE-A MOTOR) APERTURA 90 º BIG ZONE GBV5250EPY	GBV5250EPY	0	1	1	0	2	No	452,33	452,33	841,34		710,61	823,24	0,34946716	0,229789477	23/09/2025	13/10/2025	S	N	S	S	VENDER	8,80609E+12		452,33	452,33	841,34
ALMACEN REPARACIONES	COMERCIANTES ELECTROD.CORDOBESES SA	LG	00002 - Electrodomesticos	00006 - Gran Electrodoméstico	00003 - Lavado	00002 - Lavavajillas	 -	Gran Electrodoméstico		1,415E+12	LAVAVAJILLAS LG CLASE-C 14 CUBIERTOS 3ª BANDEJA  INOX ANTIHUELLAS DF355FP	DF355FP	0	1	0	0	1	No	357,77	357,77	665,45		562,06	651,14	0,349460215	0,229794506	30/01/2026	20/01/2026	S	N	S	S	VENDER	8,80608E+12		357,77	357,77	665,45
ALMACEN REPARACIONES	COMERCIANTES ELECTROD.CORDOBESES SA	LG	00002 - Electrodomesticos	00011 - Electrónica de consumo	00001 - Televisión	00001 - Televisores	"00004 - Televisor entre 40"" y 49"""	Electrónica de consumo		1,415E+12	"TELEVISOR LG 65"" (164) CM. NANOCELL 65NANO80A6B"	65NANO80A6B	0	1	1	0	2	No	468,46	450,48	595,4	360,87	533,09	606,26	0,084513268	-0,022493012	13/03/2026	09/03/2026	S	N	S	S	COLECCION			468,46	450,48	595,4
ALMACEN REPARACIONES	COMERCIANTES ELECTROD.CORDOBESES SA	MITSUBISHI	00002 - Electrodomesticos	00015 - Climatización	00001 - Climatización	00001 - Acondicionadores	 -	Climatización		1,415E+12	ACONDICIONADOR MITSUBISHI MULTI SPLIT 2150 + 2150 F. A++/A++ WIFI OPCIONAL, FILTRO PURIFICADOR MXZDW2525E40VF	MXZDW2525E40VF	0	1	1	0	2	No	1067,9	1067,9	1615,73		1359,44	2083,47	0,200263039	0,049491702	23/09/2025	18/09/2025	S	N	N	N	LIQUIDACION			1067,9	1067,9	1615,73
ALMACEN REPARACIONES	COMERCIANTES ELECTROD.CORDOBESES SA	ORBEGOZO	00001 - Muebles	00054 - Menaje	00003 - Servicio de Hogar	00003 - Mesas de Planchar	 -	Menage		1,415E+12	MESA ORBEGOZO PLANCHA 110X33CM TP1000	TP1000	0	1	1	0	2	No	17,26	17,26	26,11				0,200130218	0,200130218	11/09/2025	11/09/2025	S	N	S	S	VENDER	8,43604E+12		17,26	17,26	26,11
ALMACEN REPARACIONES	COMERCIANTES ELECTROD.CORDOBESES SA	TCL	00002 - Electrodomesticos	00011 - Electrónica de consumo	00001 - Televisión	00001 - Televisores	 -	Electrónica de consumo		1,415E+12	"TELEVISOR TCL 75"" 4K  / DOLBY AUDIO / HDMI 2.1 / GOOGLE ASSISTANT 75V6B"	75V6B	0	1	0	0	1	No	425,74	425,74	702,5		609	715,24	0,26669694	0,154112644	01/09/2025	07/01/2026	S	N	N	N	OFERTA			425,74	425,74	702,5
ALMACEN REPARACIONES	COMERCIANTES ELECTROD.CORDOBESES SA	TCL	00002 - Electrodomesticos	00011 - Electrónica de consumo	00001 - Televisión	00001 - Televisores	"00004 - Televisor entre 40"" y 49"""	Electrónica de consumo		1,415E+12	"TELEVISOR TCL 65"" MINILED   65C6K"	65C6K	0	1	-3	0	-2	No	501,85	494,94	575,29	399,89	579	777	-0,041000887	-0,03433057	11/03/2026	12/03/2026	S	N	S	S	COLECCIÓN Y FOLLETO	5,90129E+12		501,85	494,94	575,29
ALMACEN REPARACIONES	COMERCIANTES ELECTROD.CORDOBESES SA	WHIRLPOOL	00002 - Electrodomesticos	00006 - Gran Electrodoméstico	00003 - Lavado	00002 - Lavavajillas	 -	Gran Electrodoméstico		1,415E+12	LAVAVAJILLAS WHIRLPOOL INTEGRABLE 14 CUBIERTOS CLASE E W2IHD526A	W2IHD526A	0	1	0	0	1	No	250,32	250,32	465,6		393,25	455,58	0,349469072	0,229784615	09/03/2026	17/03/2026	S	N	S	S	VENDER	8,00344E+12		250,32	250,32	465,6
ALMACEN REPARACIONES	COMPRA MUEBLES DESDE CASA SLU	NINGUNA	0 - SIN FAMILIA	 -	 -	 -	 -	Mueble Auxiliar		1,347E+12	ACCESORIO C INVENTARIABLE NINGUNA	1347INV	0	4	4	0	8	No	0	0	0						13/02/2026		S	N	S	S	VENDER			0	0	0
ALMACEN REPARACIONES	COMPRA MUEBLES DESDE CASA SLU	NINGUNA	00001 - Muebles	00051 - Camas juveniles	00001 - Convencional	00001 - Cama	 -	Dormitorios Juveniles		1,347E+12	ARES PLUS CAMA DOBLE + 2 CAJONES CON SOMIER (COLCHONES 190X90 - 180X90) BL.ALPES/BASALTO 1S7432Y (ENTREGA INCLUIDA)	1S7432Y	0	1	1	0	2	No	201,9	197,86	299				0,199295652	0,199295652	16/02/2026	16/02/2026	S	N	S	S	VENDER	8,42349E+12		201,9	197,86	299
ALMACEN REPARACIONES	COMPRA MUEBLES DESDE CASA SLU	NINGUNA	00001 - Muebles	00051 - Camas juveniles	00001 - Convencional	00012 - Librerías juveniles	 -	Dormitorios Juveniles	6314771	1,347E+12	LORAS ESTANTERIA BLANCO ARTIK/ROBLE CANADIAN 0F2252A (ENTREGA INCLUIDA)	0F2252A	0	1	1	0	2	No	54,78	57,3	83				0,164662651	0,164662651	21/02/2025		S	N	N	N	LIQUIDACION	8,42349E+12		54,78	57,3	83
ALMACEN REPARACIONES	COMPRA MUEBLES DESDE CASA SLU	NINGUNA	00001 - Muebles	00051 - Camas juveniles	00002 - Modular	00001 - Armarios	 -	Dormitorios Juveniles		1,347E+12	ARMARIO 4 PUERTAS BLANCO BRILLO MAX054BO (ENTREGA INCLUIDA)	MAX054BO	0	1	1	0	2	No	192,08	173,18	285				0,264744561	0,264744561	09/02/2026	15/01/2026	S	N	S	S	VENDER	8,42349E+12		192,08	173,18	285
ALMACEN REPARACIONES	CONFORDES S.L.	ALCAZABA	00001 - Muebles	00059 - Descanso	00001 - Colchonería	00001 - Colchones	 -	Descanso		1,088E+12	COLCHON 105X190 ALCAZABA CM26311	CM26311	0	1	0	0	1	No	114	113,86	544,48		279,5	559	0,746968484	0,507081932	18/03/2026	14/03/2026	S	N	S	S	VENDER			114	113,86	544,48
ALMACEN REPARACIONES	CONFORDES S.L.	DL27053	00001 - Muebles	00059 - Descanso	00001 - Colchonería	00010 - Base tapizada	 -	Descanso	6207334	1,088E+12	DIVALIN 090X200 BLANCO DL27053		0	1	1	0	2	No	68	66,97	274,26		127,05	254,1	0,704536936	0,362190476	18/02/2026	24/12/2025	S	N	S	S	COLECCION STOCK			68	66,97	274,26
ALMACEN REPARACIONES	CONFORDES S.L.	DL27053	00001 - Muebles	00059 - Descanso	00001 - Colchonería	00010 - Base tapizada	 -	Descanso	6207341	1,088E+12	DIVALIN 135X190 BLANCO DL27053		0	1	1	0	2	No	75	75	302,49		141,17	282,33	0,699990082	0,357158036	30/01/2026	06/03/2026	S	N	S	S	COLECCION STOCK			75	75	302,49
ALMACEN REPARACIONES	CONFORDES S.L.	DL27053	00001 - Muebles	00059 - Descanso	00001 - Colchonería	00010 - Base tapizada	 -	Descanso	6207344	1,088E+12	DIVALIN 150X190 BLANCO DL27053		0	2	0	0	2	No	81	80,69	326,69		153,27	306,53	0,701139	0,362987538	04/03/2026	17/03/2026	S	N	S	S	COLECCION STOCK			162	161,38	653,38
ALMACEN REPARACIONES	CONFORDES S.L.	DL27053	00001 - Muebles	00059 - Descanso	00001 - Colchonería	00010 - Base tapizada	 -	Descanso	6207345	1,088E+12	DIVALIN 150X200 BLANCO DL27053		0	1	1	0	2	No	89	88,67	358,95		167,38	334,76	0,701098482	0,358999283	21/01/2026	24/02/2026	S	N	S	S	COLECCION STOCK			89	88,67	358,95
ALMACEN REPARACIONES	COSTERA MOBLES, S.L.	TRANSFER	00001 - Muebles	00052 - Salón	00002 - Salón comedor	00003 - Modulos	 -	Salón	6394614	4,05501E+12	MODULO 1 HUECO 64X32X45 CM TRANSFER T10064A24	T10064A24	0	1	1	0	2	No	92,17	91,25	179				0,383170391	0,383170391	20/04/2023		S	N	S	S	PRODUCTO KIBUC			92,17	91,25	179
ALMACEN REPARACIONES	COSTERA MOBLES, S.L.	TRANSFER	00001 - Muebles	00056 - Auxiliares	00001 - Mueble Auxiliar	00006 - Mesas	 -	Mueble Auxiliar	6396213	4,05501E+12	MESA DE CENTRO FIJA 120X70X37 CM TRANSFER T2512070	T2512070	0	1	1	0	2	No	188,7	188,7	369				0,381227642	0,381227642	03/03/2025		S	N	S	S	PRODUCTO KIBUC			188,7	188,7	369
ALMACEN REPARACIONES	CRISTALERIA F.SOLA S.L.	NINGUNA	00001 - Muebles	00050 - Dormitorios Matrimonio	00001 - Dormitorio	00099 - Acc. Dormitorios	 -	Dormitorios matrimonio	6365411	1,458E+12	FLOAT 6MM TEMPLADO C.PULIDO-VACIADO PLACA-ESMALTE  PRESUPUESTO 202866	PRESUPUESTO 202866	0	1	1	0	2	No	125,28	125,28	249,01				0,391234087	0,391234087			S	S	S	S	VENDER			125,28	125,28	249,01
ALMACEN REPARACIONES	CUCINE OGGI SL	NINGUNA	00003 - Cocinas	00002 - Cocina	00002 - Mobiliario	00099 - Acc. Mobiliario	 -	Cocinas	6373891	1,465E+12	KIT SOTTOVASCA PARA BAJO FREGADERO 600  FR 60	FR 60	0	1	0	0	1	No	58,8	58,8	99,9				0,287807808	0,287807808			S	N	S	S	VENDER			58,8	58,8	99,9
ALMACEN REPARACIONES	D'SUEÑOS J MATTRES S.L.U	CB-58	00001 - Muebles	00050 - Dormitorios Matrimonio	00001 - Dormitorio	00002 - Cabezales	 -	Dormitorios matrimonio	6316302	1,027E+12	CABECERO PARA CAMA 150 CB-58 SERIE A ALTURA 120CM,#ACABADO EN TELA DINO 5	SERIE A	0	1	1	0	2	No	73,44	72,06	149				0,414814765	0,414814765	26/02/2026	02/03/2026	S	N	S	S	VENDER			73,44	72,06	149
ALMACEN REPARACIONES	D'SUEÑOS J MATTRES S.L.U	CB-60	00001 - Muebles	00050 - Dormitorios Matrimonio	00001 - Dormitorio	00002 - Cabezales	 -	Dormitorios matrimonio	6394170	1,027E+12	CABECERO PARA CAMA 150 ALTURA 120 CB-60 SERIE C	SERIE C	0	1	1	0	2	No	101,74	96,65	199				0,412329146	0,412329146	27/11/2025	25/10/2025	S	N	S	S	VENDER			101,74	96,65	199
ALMACEN REPARACIONES	D'SUEÑOS J MATTRES S.L.U	CB-79	00001 - Muebles	00050 - Dormitorios Matrimonio	00001 - Dormitorio	00002 - Cabezales	 -	Dormitorios matrimonio		1,027E+12	CABECERO PARA CAMA 150 ALTO 120 CB-79 SERIE A,#ACABADO EN TELA DINO 5	SERIE A	0	1	1	0	2	No	73,44	69,77	149				0,433411409	0,433411409	29/01/2026	29/12/2025	S	N	S	S	VENDER			73,44	69,77	149
ALMACEN REPARACIONES	D'SUEÑOS J MATTRES S.L.U	CERAMIC	00001 - Muebles	00059 - Descanso	00001 - Colchonería	00001 - Colchones	 -	Descanso	6317312	1,027E+12	COLCHON 150X190 CERAMIC		0	1	1	0	2	No	121,25	120,83	519		259,5	519	0,718296146	0,436592293	12/02/2026	16/03/2026	S	N	S	S	COLECCION STOCK			121,25	120,83	519
ALMACEN REPARACIONES	D'SUEÑOS J MATTRES S.L.U	CM-0110	00001 - Muebles	00059 - Descanso	00001 - Colchonería	00009 - Canapes	 -	Descanso		1,027E+12	CANAPE ABATIBLE CM-0110 90X190 CM KRAFT 5 BARRAS (ONLINE) ARTICO	CM-0110	0	2	2	0	4	No	88,61	88,61	206,11		169	206,11	0,479801562	0,365573373	28/11/2025	16/03/2026	S	N	S	S	COLECCION STOCK			177,22	177,22	412,22
ALMACEN REPARACIONES	D'SUEÑOS J MATTRES S.L.U	CM-0410	00001 - Muebles	00059 - Descanso	00001 - Colchonería	00009 - Canapes	 -	Descanso	6286489-19793	1,027E+12	CANAPE ABATIBLE 135X190 CM-0410,#ACABADO EN WENGUE		0	1	1	0	2	No	136,48	131,85	319		287,1	319	0,49987931	0,444310345			S	S	N	N	LIQUIDACION			136,48	131,85	319
ALMACEN REPARACIONES	D'SUEÑOS J MATTRES S.L.U	CM-0410	00001 - Muebles	00059 - Descanso	00001 - Colchonería	00009 - Canapes	 -	Descanso	6382970	1,027E+12	CANAPE ABATIBLE 105X190 C/U?ERO CM-0410,#ACABADO EN WENGUE		0	1	1	0	2	No	125,95	125,95	299		269,1	299	0,490302676	0,43366964	12/03/2026	17/03/2026	S	N	S	S	COLECCION			125,95	125,95	299
ALMACEN REPARACIONES	D'SUEÑOS J MATTRES S.L.U	CM-0410	00001 - Muebles	00059 - Descanso	00001 - Colchonería	00009 - Canapes	 -	Descanso	6382970	1,027E+12	CANAPE ABATIBLE 105X190 C/U?ERO CM-0410,#ACABADO EN BLANCO		0	1	1	0	2	No	125,95	124,38	299		269,1	299	0,496656187	0,440729097	08/01/2026	05/02/2026	S	N	S	S	COLECCION			125,95	124,38	299
ALMACEN REPARACIONES	D'SUEÑOS J MATTRES S.L.U	CM-0410	00001 - Muebles	00059 - Descanso	00001 - Colchonería	00009 - Canapes	 -	Descanso	6382970-22	1,027E+12	CANAPE ABATIBLE 105X190 C/U?ERO CM-0410,#ACABADO EN BLANCO		0	1	1	0	2	No	125,95	125,56	299		269,1	299	0,491880936	0,435423263	12/03/2026	05/03/2026	S	N	S	S	COLECCION STOCK			125,95	125,56	299
ALMACEN REPARACIONES	D'SUEÑOS J MATTRES S.L.U	CM-0410	00001 - Muebles	00059 - Descanso	00001 - Colchonería	00009 - Canapes	 -	Descanso	6382971-22	1,027E+12	CANAPE ABATIBLE 135X190 C/U?ERO CM-0410,#ACABADO EN BLANCO		0	2	0	0	2	No	136,48	135,52	334,15		287,1	319	0,509264701	0,428842912	12/03/2026	18/03/2026	S	N	S	S	COLECCION STOCK			272,96	271,04	668,3
ALMACEN REPARACIONES	D'SUEÑOS J MATTRES S.L.U	CM-0410	00001 - Muebles	00059 - Descanso	00001 - Colchonería	00009 - Canapes	 -	Descanso	6382971-42735	1,027E+12	CANAPE ABATIBLE 135X190 C/U?ERO CM-0410,#ACABADO EN CAMBRIAN		0	1	0	0	1	No	136,48	135,52	334,15		287,1	319	0,509264701	0,428842912	12/03/2026	18/03/2026	S	N	S	S	COLECCION STOCK			136,48	135,52	334,15
ALMACEN REPARACIONES	D'SUEÑOS J MATTRES S.L.U	CM-0410	00001 - Muebles	00059 - Descanso	00001 - Colchonería	00009 - Canapes	 -	Descanso	6382971-556	1,027E+12	CANAPE ABATIBLE 135X190 C/U?ERO CM-0410,#ACABADO EN CEREZO		0	1	1	0	2	No	136,48	136,46	334,15		287,1	319	0,505860841	0,424881226	12/02/2026	06/02/2026	S	N	S	S	COLECCION STOCK			136,48	136,46	334,15
ALMACEN REPARACIONES	D'SUEÑOS J MATTRES S.L.U	CM-0410	00001 - Muebles	00059 - Descanso	00001 - Colchonería	00009 - Canapes	 -	Descanso	6382972	1,027E+12	CANAPE ABATIBLE 150X190 C/U?ERO CM-0410,#ACABADO EN WENGUE		0	1	1	0	2	No	142,96	141,9	339		305,1	339	0,493513274	0,437236971	19/02/2026	19/02/2026	S	N	S	S	COLECCION			142,96	141,9	339
ALMACEN REPARACIONES	D'SUEÑOS J MATTRES S.L.U	CM-0410	00001 - Muebles	00059 - Descanso	00001 - Colchonería	00009 - Canapes	 -	Descanso	6382972-22	1,027E+12	CANAPE ABATIBLE 150X190 C/U?ERO CM-0410,#ACABADO EN BLANCO		0	4	1	0	5	No	142,96	142,65	339		305,1	339	0,490836283	0,434262537	12/03/2026	18/03/2026	S	N	S	S	COLECCION STOCK			571,84	570,6	1356
ALMACEN REPARACIONES	D'SUEÑOS J MATTRES S.L.U	CM-0410	00001 - Muebles	00059 - Descanso	00001 - Colchonería	00009 - Canapes	 -	Descanso	6382972-42735	1,027E+12	CANAPE ABATIBLE 150X190 C/U?ERO CM-0410,#ACABADO EN CAMBRIAN		0	2	2	0	4	No	142,96	142,18	339		305,1	339	0,492513864	0,436126516	12/03/2026	14/03/2026	S	N	S	S	COLECCION STOCK			285,92	284,36	678
ALMACEN REPARACIONES	D'SUEÑOS J MATTRES S.L.U	CM-0410	00001 - Muebles	00059 - Descanso	00001 - Colchonería	00009 - Canapes	 -	Descanso	6382972-43833	1,027E+12	CANAPE ABATIBLE 150X190 C/U?ERO CM-0410,#ACABADO EN VINTAGE		0	1	1	0	2	No	142,96	141,38	339		305,1	339	0,495369322	0,439299246	12/03/2026	14/03/2026	S	N	S	S	COLECCION STOCK			142,96	141,38	339
ALMACEN REPARACIONES	D'SUEÑOS J MATTRES S.L.U	CM-0420	00001 - Muebles	00059 - Descanso	00001 - Colchonería	00009 - Canapes	 -	Descanso	6296841	1,027E+12	CANAPE ABATIBLE 150X190 CM-0420,#ACABADO EN CAMBRIAN TELA TAPA BEIG		0	2	2	0	4	No	152,68	151,73	359		323,1	359	0,48859805	0,431775611	26/02/2026	04/12/2025	S	N	S	S	VENDER			305,36	303,46	718
ALMACEN REPARACIONES	D'SUEÑOS J MATTRES S.L.U	CM-0420	00001 - Muebles	00059 - Descanso	00001 - Colchonería	00009 - Canapes	 -	Descanso	6296853	1,027E+12	CANAPE ABATIBLE 150X200 CM-0420,#ACABADO EN VINTAGE		0	1	1	0	2	No	168,88	168,88	399		359,1	399	0,487857644	0,430952938	03/07/2025	23/08/2025	S	N	S	S	VENDER			168,88	168,88	399
ALMACEN REPARACIONES	D'SUEÑOS J MATTRES S.L.U	CM-0420	00001 - Muebles	00059 - Descanso	00001 - Colchonería	00009 - Canapes	 -	Descanso	6316048	1,027E+12	CANAPE ABATIBLE LATERAL 090X190 CM-0420,#ACABADO EN WENGUE		0	1	1	0	2	No	140,53	140,53	329		296,1	329	0,483157143	0,425730159	13/11/2025	13/11/2025	S	N	S	S	VENDER		3	140,53	140,53	329
ALMACEN REPARACIONES	D'SUEÑOS J MATTRES S.L.U	CM-0420	00001 - Muebles	00059 - Descanso	00001 - Colchonería	00009 - Canapes	 -	Descanso	6316048-22	1,027E+12	CANAPE ABATIBLE LATERAL 090X190 CM-0420,#ACABADO EN BLANCO		0	1	1	0	2	No	140,53	139,91	329		296,1	329	0,485437386	0,428263762	12/03/2026	17/03/2026	S	N	S	S	VENDER			140,53	139,91	329
ALMACEN REPARACIONES	D'SUEÑOS J MATTRES S.L.U	CM-0420-AL	00001 - Muebles	00059 - Descanso	00001 - Colchonería	00009 - Canapes	 -	Descanso		1,027E+12	CANAPE ABATIBLE LATERAL 135x200 CM-0420-AL		0	1	1	0	2	No	172,12	172,12	403,63		363,27	403,63	0,484019523	0,426693093	28/11/2024	20/12/2024	S	N	S	S	VENDER			172,12	172,12	403,63
ALMACEN REPARACIONES	D'SUEÑOS J MATTRES S.L.U	CM-0420-AL	00001 - Muebles	00059 - Descanso	00001 - Colchonería	00009 - Canapes	 -	Descanso		1,027E+12	CANAPE ABATIBLE LATERAL 105X190 CM-0420-AL,#ACABADO EN VINTAGE		0	1	1	0	2	No	151,87	151,87	356,14		320,53	356,14	0,484015556	0,426691105	04/07/2025	02/08/2025	S	N	S	S	VENDER			151,87	151,87	356,14
ALMACEN REPARACIONES	D'SUEÑOS J MATTRES S.L.U	KUBIC	00001 - Muebles	00059 - Descanso	00001 - Colchonería	00001 - Colchones	 -	Descanso	6317306	1,027E+12	COLCHON ENROLLADO 105X190 KUBIC		0	1	1	0	2	No	79,94	79,94	323,16		161,58	323,16	0,700682634	0,401365268	12/02/2026	06/03/2026	S	N	S	S	VENDER			79,94	79,94	323,16
ALMACEN REPARACIONES	D'SUEÑOS J MATTRES S.L.U	NINGUNA	0 - SIN FAMILIA	 -	 -	 -	 -	Descanso		1,027E+12	ACCESORIO C INVENTARIABLE NINGUNA	1027INV	0	95	94	0	189	No	0	7,13	0						13/03/2026	17/01/2026	S	N	S	S	VENDER			0	677,35	0
ALMACEN REPARACIONES	D'SUEÑOS J MATTRES S.L.U	NINGUNA	00001 - Muebles	00059 - Descanso	00001 - Colchonería	00009 - Canapes	 -	Descanso		1,027E+12	ACCESORIO MOBILIARIO  C INVENTARIABLE	"""C"""	0	13	12	0	25	No	0	10,47	0						18/03/2026	14/02/2026	S	N	S	S	VENDER			0	136,11	0
ALMACEN REPARACIONES	D'SUEÑOS J MATTRES S.L.U	STAR	00001 - Muebles	00059 - Descanso	00001 - Colchonería	00002 - Bases, somieres y canapés	 -	Descanso		1,027E+12	SOMIER 090X190 STAR		0	1	1	0	2	No	32,29	32,29	77,16		69,44	77,16	0,493637895	0,43734303	18/03/2026	03/03/2026	S	N	S	S	VENDER			32,29	32,29	77,16
ALMACEN REPARACIONES	D'SUEÑOS J MATTRES S.L.U	TT-10	00001 - Muebles	00059 - Descanso	00001 - Colchonería	00009 - Canapes	 -	Descanso	6400264-19793	1,027E+12	TAPA DE CANAPE 135X190 TT-10,#ACABADO EN WENGUE		0	1	0	0	1	No	57,51	57,51	139		125,1	139	0,499373381	0,443748201		23/01/2024	S	N	S	S	VENDER			57,51	57,51	139
ALMACEN REPARACIONES	DAIKIN AC SPAIN,S.A.	DAIKIN	00002 - Electrodomesticos	00015 - Climatización	00001 - Climatización	00001 - Acondicionadores	 -	Climatización	6354654	8,71001E+11	ACONDICIONADOR DAIKIN 4.500 F GAS R32 INVERTER A++/ A+ CONTROL WIFI OPCIONAL AXC50D	AXC50D	0	1	0	0	1	No	786,65	786,65	1463,17		1001,41	1534,75	0,34946281	0,049493714	04/02/2025	14/04/2025	S	N	N	N	LIQUIDACION	4,54885E+12	3,14	786,65	786,65	1463,17
ALMACEN REPARACIONES	DAIKIN AC SPAIN,S.A.	DAIKIN	00002 - Electrodomesticos	00015 - Climatización	00001 - Climatización	00001 - Acondicionadores	 -	Climatización	6394321	8,71001E+11	ACONDICIONADOR DAIKIN INVERTER 2250 F. A++ GAS R-32 GAMA SIESTA SENSIRA WIFI OPCIONAL AXF25E	AXF25E	0	1	-3	0	-2	No	384,37	385,32	753,19		631,92	701,44	0,380983284	0,262189518	06/11/2025	26/11/2025	S	N	S	S	COLECCION	4,57354E+12	0	384,37	385,32	753,19
ALMACEN REPARACIONES	DAIKIN AC SPAIN,S.A.	DAIKIN	00002 - Electrodomesticos	00015 - Climatización	00001 - Climatización	00001 - Acondicionadores	 -	Climatización	6394322	8,71001E+11	ACONDICIONADOR DAIKIN INVERTER 3.000 F. A++ GAS R-32 GAMA SIESTA SENSIRA WIFI OPCIONAL AXF35E	AXF35E	0	1	-9	0	-8	No	438,98	437,14	799		556,48	852,86	0,337998248	0,049490727	18/08/2025	05/09/2025	S	N	N	N	LIQUIDACION	4,57354E+12	4	438,98	437,14	799
ALMACEN REPARACIONES	DAKE FREGADEROS SLU	NINGUNA	00003 - Cocinas	00002 - Cocina	00001 - Fregado	00003 - Griferia cocina	 -	Cocinas	6374029	1,459E+12	GRIFO VIU-S CROMO NEGRO  524813	524813	0	1	0	0	1	No	186,18	186	292,56				0,230721903	0,230721903			S	N	S	S	VENDER			186,18	186	292,56
ALMACEN REPARACIONES	DELONGHI ELECTRODOMEST.ESPAÑA S.L.U	BRAUN HOGAR	00002 - Electrodomesticos	00007 - Pequeño Electrodoméstico	00001 - Cocina	00013 - Licuadoras	 -	Pequeño Electrodoméstico	6109330	4,411E+12	LICUADORA BRAUN HOGAR J300	J300	0	1	1	0	2	No	83,97	80,98	140		102,84	147,3	0,300101429	0,047201478			S	S	N	N	LIQUIDACION	2,00006E+12		83,97	80,98	140
ALMACEN REPARACIONES	DELONGHI ELECTRODOMEST.ESPAÑA S.L.U	DELONGHI	00002 - Electrodomesticos	00007 - Pequeño Electrodoméstico	00001 - Cocina	00005 - Cafeteras	 -	Pequeño Electrodoméstico	6347920	8,90001E+11	CAFETERA EXPRESS 15 BARES DELONGHI ECP33.21W	ECP33.21W	0	1	0	0	1	No	105,78	100,55	183		127,7	182,9	0,335161202	0,047255286	17/07/2024	16/01/2026	S	N	N	N	LIQUIDACION	8,0044E+12	0,5	105,78	100,55	183
ALMACEN REPARACIONES	DIA CASH, S.L.	NINGUNA	00000 - Interno	00099 - Art. para uso interno	00001 - Oficina	00099 - Accesorios Oficina	 -	Artículos uso interno	6254463	1,966E+12	FOLIOS A-4 80GR.(PAQUETE 500 FOLIOS) GOLDEN STAR 160281	160281	0	10	10	0	20	No	3,79	3,82	2,55				-0,812627451	-0,812627451	15/01/2026	17/03/2026	S	N	S	S	VENDER			37,9	38,2	25,5
ALMACEN REPARACIONES	DISTRIBUCIONES LUNA S.A.	CUBA SOFA	00001 - Muebles	00058 - Terraza y Jardín	00001 - Terraza y Jardin	00002 - Conjuntos	 -	Terraza y Jardín		1,59001E+11	SET  ALUMINIO BLANCO COJINES BEIGE KUBA SOFA (LIQUIDACION ULTIMA UNIDAD)		0	2	2	0	4	No	890	890	1539		799	1539	0,300259909	-0,347809762	16/07/2025	05/09/2025	S	N	N	N	LIQUIDACION		12	1780	1780	3078
ALMACEN REPARACIONES	DISTRIBUCIONES LUNA S.A.	KENYA	00001 - Muebles	00058 - Terraza y Jardín	00001 - Terraza y Jardin	00002 - Conjuntos	 -	Terraza y Jardín	6394870	1,59001E+11	SET 4 PIEZAS BLANCO-MADERA (SOFA 3 PLAZAS) KENYA		0	1	0	0	1	No	790	790	1829		959	1609	0,47736468	0,003232534		20/01/2026	S	N	N	N	LIQUIDACION	8,43568E+12	10,69	790	790	1829
ALMACEN REPARACIONES	DISTRIBUCIONES LUNA S.A.	MESSINA	00001 - Muebles	00058 - Terraza y Jardín	00001 - Terraza y Jardin	00002 - Conjuntos	 -	Terraza y Jardín	6365906	1,59001E+11	SET MESSINA FIBRA SINTETICA COLOR NATURAL MESSINA		0	1	0	0	1	No	690	690	1198,99		699	1409	0,303663917	-0,194420601		27/07/2023	S	S	N	N	LIQUIDACION	8,43568E+12	9,29	690	690	1198,99
ALMACEN REPARACIONES	DISTRIBUCIONES LUNA S.A.	NINGUNA	00001 - Muebles	00058 - Terraza y Jardín	00001 - Terraza y Jardin	00099 - Acc. Terraza	 -	Terraza y Jardín		1,59001E+11	ACCESORIO  C INVENTARIABLE	"""C"""	0	1	1	0	2	No	0	65	0						06/11/2025	12/06/2025	S	N	S	S	VENDER			0	65	0
ALMACEN REPARACIONES	DISTRIGAL SL	20	00001 - Muebles	00057 - Asientos	00002 - Sofás	00001 - Sillas	 -	Asientos	6192039	5,88001E+11	SILLA COCINA TAP.BLANCO 20	M023SILLA20 BLA	0	3	3	0	6	No	13,54	13,54	27,6				0,406398551	0,406398551	13/03/2026	18/03/2026	S	N	S	S	COLECCION STOCK	8,43554E+12		40,62	40,62	82,8
ALMACEN REPARACIONES	DISTRIGAL SL	ANTIGONA	00001 - Muebles	00052 - Salón	00002 - Salón comedor	00004 - Comedores completos	 -	Salón	6317055	4,376E+12	COMPOSICION UNICA LUCES LED 229 CM ANTIGONA ANDERSEN PINO	B010P641AN AND	0	1	1	0	2	No	112,04	113,46	219				0,373120548	0,373120548	12/02/2025	12/02/2025	S	S	N	N	LIQUIDACION			112,04	113,46	219
ALMACEN REPARACIONES	DISTRIGAL SL	AROA	00001 - Muebles	00057 - Asientos	00002 - Sofás	00001 - Sillas	 -	Asientos	6255555	5,88001E+11	SILLA PATAS CROMADAS AROA TAP.JARAMA BEIG M023AROASIL BEI	TAP.JARAMA BEIG	0	1	1	0	2	No	38,03	36,41	76,7		20	70,02	0,425604954	-1,202805	28/06/2023	18/01/2024	S	N	N	N	LIQUIDACION	8,43554E+12	1	38,03	36,41	76,7
ALMACEN REPARACIONES	DISTRIGAL SL	CABRA	00001 - Muebles	00050 - Dormitorios Matrimonio	00001 - Dormitorio	00005 - Mesitas de noche	 -	Dormitorios matrimonio	6260014	4,376E+12	MESITA DE NOCHE 2 CAJONES 50X60X39,6 CM CABRA BLANCO-GRAFITO	C029CABRAMES BLP	0	1	1	0	2	No	30,3	29,99	59,07				0,385679702	0,385679702	05/03/2026	05/03/2026	S	N	S	S	VENDER	8,43554E+12		30,3	29,99	59,07
ALMACEN REPARACIONES	DISTRIGAL SL	CHAMPION	00001 - Muebles	00051 - Camas juveniles	00001 - Convencional	00001 - Cama	 -	Dormitorios Juveniles	6260054	4,376E+12	CAMA COMPACTO CON CAJONERA 72X202,6X98 CHAMPION CAMBRIAN-BLANCO	C029CHAMP109CBB	0	2	2	0	4	No	141,11	141,01	284,57				0,400421337	0,400421337	13/03/2026	17/03/2026	S	N	S	S	COLECCION STOCK	8,43568E+12		282,22	282,02	569,14
ALMACEN REPARACIONES	DISTRIGAL SL	CHAMPION	00001 - Muebles	00056 - Auxiliares	00001 - Mueble Auxiliar	00011 - Zapateros	 -	Mueble Auxiliar	6255481	4,376E+12	ZAPATERO 3P. 108,1X60X17 CHAMPION CAMBRIA-BLANCO C029CHAMP012 CBB	C029CHAMP012 CBB	0	1	0	0	1	No	32,46	32,45	64,14		57,9	64,14	0,387831307	0,321856649	16/02/2026	17/03/2026	S	N	S	S	COLECCION STOCK	8,43554E+12		32,46	32,45	64,14
ALMACEN REPARACIONES	DISTRIGAL SL	CORFU	00001 - Muebles	00056 - Auxiliares	00001 - Mueble Auxiliar	00006 - Mesas	 -	Mueble Auxiliar	6234859-22	4,376E+12	MESA COMEDOR EXTENSIBLE 76X138-198X88 CM CORFU,#ACABADO EN BLANCO	C029CORFUMEXT BLA	0	1	1	0	2	No	80,79	80,79	158,99				0,385144349	0,385144349	16/01/2026	14/03/2026	S	N	S	S	COLECCION STOCK			80,79	80,79	158,99
ALMACEN REPARACIONES	DISTRIGAL SL	CORFU	00001 - Muebles	00056 - Auxiliares	00001 - Mueble Auxiliar	00006 - Mesas	 -	Mueble Auxiliar	6234859-42735	4,376E+12	MESA COMEDOR EXTENSIBLE 76X138-198X88 CM CORFU,#ACABADO EN CAMBRIAN	A031CORFUMEXTCBR	0	1	1	0	2	No	82,4	82,18	162,16				0,386792057	0,386792057	23/01/2026	26/02/2026	S	N	S	S	COLECCION STOCK			82,4	82,18	162,16
ALMACEN REPARACIONES	DISTRIGAL SL	COVADONGA	00001 - Muebles	00059 - Descanso	00001 - Colchonería	00010 - Base tapizada	 -	Descanso		4,371E+12	BASE TAPIZADA 3D 135X190 COVADONGA B017COV135190 BEI	B017COV135190 BEI	0	2	2	0	4	No	37,67	37,67	84,9		76,41	84,9	0,463124853	0,403472059	21/06/2025	03/10/2024	S	N	N	N	LIQUIDACION			75,34	75,34	169,8
ALMACEN REPARACIONES	DISTRIGAL SL	COVADONGA	00001 - Muebles	00059 - Descanso	00001 - Colchonería	00010 - Base tapizada	 -	Descanso		4,371E+12	BASE TAPIZADA 3D 90X190 COVADONGA/YECLA B017COV90190 BEI + 6 PATAS	B017COV90190P BEI	0	4	2	0	6	No	32,52	32,52	73,1		66,9	82,62	0,46170725	0,411820628	18/03/2026	18/03/2026	S	N	S	S	COLECCION STOCK			130,08	130,08	292,4
ALMACEN REPARACIONES	DISTRIGAL SL	COVADONGA	00001 - Muebles	00059 - Descanso	00001 - Colchonería	00010 - Base tapizada	 -	Descanso		4,371E+12	BASE TAPIZADA 3D 105X190 COVADONGA/YECLA B017COV105190PBEI + 6 PATAS	B017COV105190PBEI	0	6	3	0	9	No	34,71	34,72	89,42		71,9	89,42	0,530181168	0,415699583	16/03/2026	16/03/2026	S	N	S	S	COLECCION STOCK			208,26	208,32	536,52
ALMACEN REPARACIONES	DISTRIGAL SL	COVADONGA	00001 - Muebles	00059 - Descanso	00001 - Colchonería	00010 - Base tapizada	 -	Descanso		4,371E+12	BASE TAPIZADA 3D 135X190 COVADONGA/YECLA B017COV135190PBEI + 6 PATAS	B017COV135190PBEI	0	13	9	0	22	No	37,32	37,32	83,3		66,9	83,3	0,457896759	0,325004484	18/03/2026	18/03/2026	S	N	S	S	COLECCION STOCK			485,16	485,16	1082,9
ALMACEN REPARACIONES	DISTRIGAL SL	DAISY	00001 - Muebles	00057 - Asientos	00002 - Sofás	00013 - Sofas cama	 -	Asientos	6366702	5,88001E+11	SOFA CAMA CLIC-CLAC CON BRAZOS Y ARCON DAISY TELA GRIS	TELA GRIS	0	1	1	0	2	No	148,01	145	429		149	369	0,591025641	-0,177516779		07/07/2023	S	N	N	N	LIQUIDACION	8,43554E+12	2	148,01	145	429
ALMACEN REPARACIONES	DISTRIGAL SL	DONALD	00001 - Muebles	00051 - Camas juveniles	00001 - Convencional	00003 - Armarios juveniles	 -	Dormitorios Juveniles	6394655	4,376E+12	ARMARIO 3P.2C MOD.DONALD ANDERSEN-GRAFITO DONALD	C029DONALD025 ANG	0	1	1	0	2	No	150,16	150,16	299				0,392329097	0,392329097	20/02/2025	21/02/2025	S	N	N	N	LIQUIDACION	8,43554E+12		150,16	150,16	299
ALMACEN REPARACIONES	DISTRIGAL SL	FRIDA	00001 - Muebles	00052 - Salón	00001 - Convencional	00003 - Bufets	 -	Salón	6327116	4,376E+12	APARADOR FRIDA CA?ON	B010P9C3FR43 CAÑ	0	1	1	0	2	No	95,45	80,33	189				0,485717989	0,485717989			S	S	N	N	LIQUIDACION	8,43554E+12		95,45	80,33	189
ALMACEN REPARACIONES	DISTRIGAL SL	FUNNY	00001 - Muebles	00051 - Camas juveniles	00001 - Convencional	00014 - Literas	 -	Dormitorios Juveniles	6401140	5,88001E+11	LITERA METALICA 90X190 CM FUNNY	S027DB2202 GRI	0	1	0	0	1	No	79,75	79,74	155,64				0,380073246	0,380073246	18/03/2026	18/03/2026	S	N	S	S	VENDER			79,75	79,74	155,64
ALMACEN REPARACIONES	DISTRIGAL SL	GUADIANA	00001 - Muebles	00059 - Descanso	00001 - Colchonería	00009 - Canapes	 -	Descanso	6401714	4,371E+12	CANAPE 105X190 TAPA 3D VALLE GUADIANA,#ACABADO EN CAMBRIAN WEB GUAVAL105 CBR	WEB GUAVAL105 CBR	0	2	1	0	3	No	85,09	85,07	195,82		206,1	229	0,47434021	0,500559437	18/03/2026	18/03/2026	S	N	S	S	VENDER			170,18	170,14	391,64
ALMACEN REPARACIONES	DISTRIGAL SL	GUADIANA	00001 - Muebles	00059 - Descanso	00001 - Colchonería	00009 - Canapes	 -	Descanso		4,371E+12	CANAPE 90X190 TAPA 3D VALLE GUADIANA,#ACABADO EN BLANCO WEB GUAVAL90 BLA	WEB GUAVAL90 BLA	0	1	1	0	2	No	80,81	80,77	185,95		197,1	219	0,474419468	0,5041517	18/03/2026	18/03/2026	S	N	S	S	VENDER			80,81	80,77	185,95
ALMACEN REPARACIONES	DISTRIGAL SL	GUADIANA	00001 - Muebles	00059 - Descanso	00001 - Colchonería	00009 - Canapes	 -	Descanso		4,371E+12	CANAPE 90X190 TAPA 3D VALLE GUADIANA,#ACABADO EN NOGAL WEB GUAVAL90 NOG	WEB GUAVAL90 NOG	0	1	1	0	2	No	80,81	80,81	185,95		197,1	219	0,474159183	0,503906139	03/03/2026	03/03/2026	S	N	S	S	VENDER			80,81	80,81	185,95
ALMACEN REPARACIONES	DISTRIGAL SL	GUADIANA	00001 - Muebles	00059 - Descanso	00001 - Colchonería	00009 - Canapes	 -	Descanso		4,371E+12	CANAPE 90X190 TAPA 3D VALLE GUADIANA,#ACABADO EN ARTICO WEB GUAVAL90 ART	WEB GUAVAL90 ART	0	1	0	0	1	No	80,81	79,47	185,95		197,1	219	0,482878731	0,51213242	18/03/2026	18/03/2026	S	N	S	S	VENDER			80,81	79,47	185,95
ALMACEN REPARACIONES	DISTRIGAL SL	GUADIANA	00001 - Muebles	00059 - Descanso	00001 - Colchonería	00009 - Canapes	 -	Descanso		4,371E+12	CANAPE 90X190 TAPA 3D VALLE GUADIANA,#ACABADO EN CAMBRIAN WEB GUAVAL90 CBR	WEB GUAVAL90 CBR	0	2	2	0	4	No	85,09	74,86	195,79		197,1	219	0,537358394	0,540433283	13/03/2026	13/03/2026	S	N	S	S	VENDER			170,18	149,72	391,58
ALMACEN REPARACIONES	DISTRIGAL SL	GUADIANA	00001 - Muebles	00059 - Descanso	00001 - Colchonería	00009 - Canapes	 -	Descanso		4,371E+12	CANAPE 150X190 TAPA 3D VALLE GUADIANA,#ACABADO EN BLANCO WEB GUAVAL150 BLA	WEB GUAVAL150 BLA	0	3	3	0	6	No	89,26	92,9	205,35		233,1	259	0,452598003	0,517764908	12/03/2026	13/03/2026	S	N	S	S	VENDER			267,78	278,7	616,05
ALMACEN REPARACIONES	DISTRIGAL SL	GUADIANA	00001 - Muebles	00059 - Descanso	00001 - Colchonería	00009 - Canapes	 -	Descanso		4,371E+12	CANAPE 150X190 TAPA 3D VALLE GUADIANA,#ACABADO EN CAMBRIAN WEB GUAVAL150 CBR	WEB GUAVAL150 CBR	0	4	4	0	8	No	95,81	91,72	220,42		149	259	0,496501225	0,255159732	18/03/2026	18/03/2026	S	N	S	S	VENDER			383,24	366,88	881,68
ALMACEN REPARACIONES	DISTRIGAL SL	GUADIANA	00001 - Muebles	00059 - Descanso	00001 - Colchonería	00009 - Canapes	 -	Descanso		4,371E+12	CANAPE 135X190 TAPA 3D VALLE GUADIANA,#ACABADO EN NOGAL WEB GUAVAL135 NOG	WEB GUAVAL135 NOG	0	1	1	0	2	No	87,53	84,98	201,4		224,1	249	0,489444886	0,541161089	18/03/2026	18/03/2026	S	N	S	S	VENDER			87,53	84,98	201,4
ALMACEN REPARACIONES	DISTRIGAL SL	GUADIANA	00001 - Muebles	00059 - Descanso	00001 - Colchonería	00009 - Canapes	 -	Descanso		4,371E+12	CANAPE 135X190 TAPA 3D VALLE GUADIANA,#ACABADO EN WENGUE WEB GUAVAL135 WEN	WEB GUAVAL135 WEN	0	1	1	0	2	No	84,13	84,13	193,58		224,1	249	0,474133175	0,545750558	18/03/2026	18/03/2026	S	N	S	S	VENDER			84,13	84,13	193,58
ALMACEN REPARACIONES	DISTRIGAL SL	GUADIANA	00001 - Muebles	00059 - Descanso	00001 - Colchonería	00009 - Canapes	 -	Descanso		4,371E+12	CANAPE 135X190 TAPA 3D VALLE GUADIANA,#ACABADO EN ARTICO WEB GUAVAL135 ART	WEB GUAVAL135 ART	0	2	1	0	3	No	87,53	85,48	201,4		224,1	249	0,486440914	0,538461401	12/03/2026	12/03/2026	S	N	S	S	VENDER			175,06	170,96	402,8
ALMACEN REPARACIONES	DISTRIGAL SL	GUADIANA	00001 - Muebles	00059 - Descanso	00001 - Colchonería	00009 - Canapes	 -	Descanso		4,371E+12	CANAPE 135X190 TAPA 3D VALLE GUADIANA,#ACABADO EN CAMBRIAN WEB GUAVAL135 CBR	WEB GUAVAL135 CBR	0	4	3	0	7	No	87,55	86,85	201,45		129	249	0,478339538	0,185360465	18/03/2026	18/03/2026	S	N	S	S	VENDER			350,2	347,4	805,8
ALMACEN REPARACIONES	DISTRIGAL SL	HERMES	00001 - Muebles	00059 - Descanso	00001 - Colchonería	00002 - Bases, somieres y canapés	 -	Descanso	6252997	4,371E+12	SOMIER LAMINAS 105X190 HERMES S027H105190 000	S027H105190 000	0	1	0	0	1	No	26,76	26,73	58,67		52,8	58,67	0,448725072	0,3874375	16/01/2026	13/03/2026	S	S	S	S	COLECCION STOCK			26,76	26,73	58,67
ALMACEN REPARACIONES	DISTRIGAL SL	JANSEN	00001 - Muebles	00057 - Asientos	00002 - Sofás	00001 - Sillas	 -	Asientos	6397084	5,88001E+11	SILLA JANSEN BLANCO	BLANCO	0	1	0	0	1	No	14,64	14,64	30,26				0,414593523	0,414593523	27/02/2026	17/03/2026	S	N	S	S	COLECCION STOCK	8,43568E+12		14,64	14,64	30,26
ALMACEN REPARACIONES	DISTRIGAL SL	JULIETA	00001 - Muebles	00052 - Salón	00001 - Convencional	00003 - Bufets	 -	Salón	6296188	4,376E+12	APARADOR + MARCO 71X167X40 JULIETA CAMBRIAN-CHOCOLATE	CAMBRIAN-CHOCOLATE	0	1	1	0	2	No	114,97	112,46	229				0,405779039	0,405779039			S	S	N	N	LIQUIDACION		3	114,97	112,46	229
ALMACEN REPARACIONES	DISTRIGAL SL	LANE	00001 - Muebles	00057 - Asientos	00002 - Sofás	00001 - Sillas	 -	Asientos	6397087	5,88001E+11	SILLA LANE BEIG	BEIG	0	1	-5	0	-4	No	23,97	23,97	48,78		43,9	48,78	0,405418204	0,339323462	13/03/2026	18/03/2026	S	N	S	S	COLECCION STOCK	8,43554E+12		23,97	23,97	48,78
ALMACEN REPARACIONES	DISTRIGAL SL	LANE	00001 - Muebles	00057 - Asientos	00002 - Sofás	00001 - Sillas	 -	Asientos	6397088	5,88001E+11	SILLA LANE GRIS	GRIS	0	4	0	0	4	No	23,97	23,99	48,78		43,9	48,78	0,404922099	0,33877221	06/02/2026	14/03/2026	S	N	S	S	COLECCION STOCK		2	95,88	95,96	195,12
ALMACEN REPARACIONES	DISTRIGAL SL	LARA	00001 - Muebles	00050 - Dormitorios Matrimonio	00001 - Dormitorio	00002 - Cabezales	 -	Dormitorios matrimonio	6240637-43526	4,376E+12	CABECERO C/PATAS 160 LARA LARA N 01,#ACABADO EN CAMBRIAN BLANCO	C029 LAR2CABECECBB	0	1	0	0	1	No	39,36	39,44	76,9				0,379422627	0,379422627	13/03/2026	13/03/2026	S	N	S	S	COLECCION STOCK	8,43554E+12		39,36	39,44	76,9
ALMACEN REPARACIONES	DISTRIGAL SL	LARA	00001 - Muebles	00050 - Dormitorios Matrimonio	00001 - Dormitorio	00005 - Mesitas de noche	 -	Dormitorios matrimonio	6247165-43526	4,376E+12	MESITA NOCHE LARA,#ACABADO EN CAMBRIAN BLANCO	C029LAR2MESITACBB	0	2	2	0	4	No	42,76	43,33	83,74				0,37390375	0,37390375	18/03/2026	18/03/2026	S	N	S	S	COLECCION STOCK	8,43554E+12		85,52	86,66	167,48
ALMACEN REPARACIONES	DISTRIGAL SL	LARA	00001 - Muebles	00051 - Camas juveniles	00001 - Convencional	00025 - Dormitorio S/Armario	 -	Salón	6330097	4,376E+12	CONJUNTO CABECERO CON PATAS + 2 MESITAS LARA		0	1	1	0	2	No	129,14	125,98	259				0,411444788	0,411444788		07/06/2025	S	N	S	S	VENDER			129,14	125,98	259
ALMACEN REPARACIONES	DISTRIGAL SL	LARA	00001 - Muebles	00056 - Auxiliares	00001 - Mueble Auxiliar	00006 - Mesas	 -	Mueble Auxiliar	6331328	4,376E+12	MESA CENTRO ELEVABLE COLOR CA?ON LARA	C029MCLARA CAÑ	0	1	1	0	2	No	30,37	29,07	59,9				0,412776294	0,412776294	06/02/2026	09/02/2026	S	S	S	S	VENDER	8,43554E+12		30,37	29,07	59,9
ALMACEN REPARACIONES	DISTRIGAL SL	LLANES	00001 - Muebles	00059 - Descanso	00001 - Colchonería	00010 - Base tapizada	 -	Descanso	6400166	4,371E+12	BASE TAPIZADA 3D 090X190 LLANES S027LLA90190BEI	S027LLA90190BEI	0	1	0	0	1	No	26,92	27,28	99		89,1	99	0,666577778	0,629530864	05/07/2023	09/07/2024	S	N	N	N	LIQUIDACION			26,92	27,28	99
ALMACEN REPARACIONES	DISTRIGAL SL	MADRID	00001 - Muebles	00057 - Asientos	00002 - Sofás	00004 - Sofas	 -	Asientos	6307807	5,88001E+11	SOFA 3 PL.C/2 RELAX MADRID TAP. JADE BEIG	X0021812S3P BEI	0	1	1	0	2	No	308,77	269,92	628,99				0,480749773	0,480749773	15/12/2020		S	S	N	N	LIQUIDACION	8,43554E+12		308,77	269,92	628,99
ALMACEN REPARACIONES	DISTRIGAL SL	MARVY	00001 - Muebles	00057 - Asientos	00002 - Sofás	00013 - Sofas cama	 -	Asientos	6366697	5,88001E+11	SOFA CAMA CLIC-CLAC CON ARCON MARVY TELA BEIG	TELA BEIG	0	1	1	0	2	No	141,92	141,81	409		149	289	0,580464303	-0,151611409			S	N	N	N	LIQUIDACION	8,43568E+12	2	141,92	141,81	409
ALMACEN REPARACIONES	DISTRIGAL SL	MENFIS	00001 - Muebles	00057 - Asientos	00002 - Sofás	00002 - Butacas	 -	Asientos	6325826-50525	5,88001E+11	SILLON MENFIS,#ACABADO EN TELA NOLIA PIEDRA	X0021810S1PE PDR	0	1	1	0	2	No	152,84	179,9	309				0,295537217	0,295537217	28/10/2021		S	S	N	N	LIQUIDACION	8,43554E+12		152,84	179,9	309
ALMACEN REPARACIONES	DISTRIGAL SL	MOCASIN	00001 - Muebles	00059 - Descanso	00001 - Colchonería	00099 - Acc. Colchoneria	 -	Descanso	6400177	4,371E+12	KIT ZAPATERO PARA INTERIOR CANAPE 135 MOCASIN A018MOCASIN135 000	A018MOCASIN135 000	0	2	1	0	3	No	13,59	13,41	29,91				0,457502508	0,457502508	18/03/2026	25/10/2025	S	N	S	S	VENDER	8,43554E+12		27,18	26,82	59,82
ALMACEN REPARACIONES	DISTRIGAL SL	NERVION	00001 - Muebles	00059 - Descanso	00001 - Colchonería	00010 - Base tapizada	 -	Descanso		4,371E+12	BASE TAPIZADA 3D 150X190 NERVION/YECLA S027NER150190 BEI+ 6 PATAS	S027NER150190 BEI	0	15	13	0	28	No	39,95	39,96	92,74		74,9	92,74	0,478632737	0,354451268	18/03/2026	18/03/2026	S	N	S	S	COLECCION STOCK			599,25	599,4	1391,1
ALMACEN REPARACIONES	DISTRIGAL SL	NINGUNA	0 - SIN FAMILIA	 -	 -	 -	 -	Dormitorios Juveniles		5,88001E+11	ACCESORIO C INVENTARIABLE NINGUNA	0588INV	0	43	40	1	84	No	8,62	4,76	0						17/03/2026	17/03/2026	S	N	S	S	VENDER			370,66	204,68	0
ALMACEN REPARACIONES	DISTRIGAL SL	NINGUNA	0 - SIN FAMILIA	 -	 -	 -	 -	Mueble Auxiliar		4,371E+12	ACCESORIO C INVENTARIABLE NINGUNA	4371INV	0	61	61	0	122	No	0	37,37	0						17/03/2026	10/03/2026	S	N	S	S	VENDER			0	2279,57	0
ALMACEN REPARACIONES	DISTRIGAL SL	NINGUNA	00001 - Muebles	00056 - Auxiliares	00001 - Mueble Auxiliar	00099 - Acc. Auxiliar	 -	Mueble Auxiliar		4,376E+12	ACCESORIO MOBILIARIO C INVENTARIABLE	"""C"""	0	15	14	0	29	No	0	5,15	0						17/03/2026	10/03/2026	S	N	S	S	VENDER			0	77,25	0
ALMACEN REPARACIONES	DISTRIGAL SL	RAMBLA	00001 - Muebles	00050 - Dormitorios Matrimonio	00001 - Dormitorio	00003 - Armarios	 -	Dormitorios matrimonio	6260027	4,376E+12	ARMARIO 2 PUERTAS CORREDERAS 207,6X180X55 RAMBLA CENIZA-NEGRO	C029RAMBLA2A2PCNN	0	1	1	0	2	No	189,14	187,9	376,38				0,395932302	0,395932302	23/02/2026	23/02/2026	S	N	S	S	VENDER	8,43554E+12		189,14	187,9	376,38
ALMACEN REPARACIONES	DISTRIGAL SL	REACONDICIONADO	00001 - Muebles	00050 - Dormitorios Matrimonio	00001 - Dormitorio	00005 - Mesitas de noche	 -	Dormitorios matrimonio	6302039	4,376E+12	CABECERO 210X55X4,8 CM CALI CAMBRIAN-BLANCO REACONDICIONADO	CAMBRIAN-BLANCO	0	1	1	0	2	No	31,18	29,03	60,9		39	62,9	0,423213465	0,099325641	17/04/2021		S	S	N	N	LIQUIDACION		1	31,18	29,03	60,9
ALMACEN REPARACIONES	DISTRIGAL SL	RORY	00001 - Muebles	00057 - Asientos	00002 - Sofás	00001 - Sillas	 -	Asientos	6397085	5,88001E+11	SILLA RORY BEIG	BEIG	0	3	2	0	5	No	22,99	22,99	46,86		42,9	46,86	0,406361502	0,351564103	13/03/2026	13/03/2026	S	N	S	S	COLECCION STOCK	8,43568E+12		68,97	68,97	140,58
ALMACEN REPARACIONES	DISTRIGAL SL	SAKURA	00001 - Muebles	00057 - Asientos	00002 - Sofás	00001 - Sillas	 -	Asientos	6255482	5,88001E+11	SILLA PATAS CROMADAS SAKURA TAP.JARAMA MARENGO M023 DC-A141S MRG	TAP.JARAMA MARENGO M023 DC-A141S MRG	0	1	1	0	2	No	19,61	18,67	39,91				0,433958908	0,433958908			S	S	N	N	LIQUIDACION	8,43554E+12		19,61	18,67	39,91
ALMACEN REPARACIONES	DISTRIGAL SL	SIL30MM	00001 - Muebles	00059 - Descanso	00001 - Colchonería	00009 - Canapes	 -	Descanso	6392015-22	4,371E+12	CANAPE 150X190 TAPA 3D VOLVO SIL30MM,#ACABADO EN BLANCO		0	1	1	0	2	No	109,95	114,15	269		242,1	269	0,486537175	0,42948575		21/05/2024	S	N	N	N	LIQUIDACION			109,95	114,15	269
ALMACEN REPARACIONES	DISTRIGAL SL	SIL30MM	00001 - Muebles	00059 - Descanso	00001 - Colchonería	00009 - Canapes	 -	Descanso	6392018-22	4,371E+12	CANAPE 135X190 TAPA 3D VOLVO SIL30MM,#ACABADO EN BLANCO		0	1	1	0	2	No	102,1	106,1	259		233,1	259	0,504320463	0,449244959		01/02/2024	S	N	N	N	LIQUIDACION			102,1	106,1	259
ALMACEN REPARACIONES	DISTRIGAL SL	SIL30MM	00001 - Muebles	00059 - Descanso	00001 - Colchonería	00009 - Canapes	 -	Descanso	6400172-42735	4,371E+12	CANAPE 090X190 TAPA 3D NAVIA SIL30MM,#ACABADO EN CAMBRIAN		0	1	1	0	2	No	79,72	80,07	229		206,1	229	0,576922707	0,529914119		10/11/2023	S	N	N	N	LIQUIDACION	8,43568E+12		79,72	80,07	229
ALMACEN REPARACIONES	DISTRIGAL SL	SIL30MM	00001 - Muebles	00059 - Descanso	00001 - Colchonería	00009 - Canapes	 -	Descanso	6400173-40615	4,371E+12	CANAPE 135X190 TAPA 3D NAVIA SIL30MM,#ACABADO EN ARTICO		0	1	1	0	2	No	90,34	90	259		149	259	0,57953668	0,269127517	22/09/2023	18/03/2024	S	N	N	N	LIQUIDACION			90,34	90	259
ALMACEN REPARACIONES	DISTRIGAL SL	SIL30MM	00001 - Muebles	00059 - Descanso	00001 - Colchonería	00009 - Canapes	 -	Descanso	6401703	4,371E+12	CANAPE 135X190 TAPA 3D VALLE SIL30MM,#ACABADO EN BLANCO WEB SILVAL135 BLA	WEB SILVAL135 BLA	0	4	4	0	8	No	93,52	93,53	259		149	259	0,563045174	0,240461074	27/02/2026	06/03/2026	S	N	N	N	LIQUIDACION			374,08	374,12	1036
ALMACEN REPARACIONES	DISTRIGAL SL	SIL30MM	00001 - Muebles	00059 - Descanso	00001 - Colchonería	00009 - Canapes	 -	Descanso	6401703	4,371E+12	CANAPE 135X190 TAPA 3D VALLE SIL30MM,#ACABADO EN CAMBRIAN WEB SILVAL135 CBR	WEB SILVAL135 CBR	0	1	-2	0	-1	No	93,52	93,52	259		149	253,81	0,563091892	0,240542282	07/11/2025	13/02/2026	S	N	N	N	LIQUIDACION			93,52	93,52	259
ALMACEN REPARACIONES	DISTRIGAL SL	SIL30MM	00001 - Muebles	00059 - Descanso	00001 - Colchonería	00009 - Canapes	 -	Descanso	6401703	4,371E+12	CANAPE 135X190 TAPA 3D VALLE SIL30MM,#ACABADO EN ARTICO WEB SILVAL135 ART	WEB SILVAL135 ART	0	2	0	0	2	No	93,52	93,52	259		149	259	0,563091892	0,240542282	01/10/2025	29/12/2025	S	N	N	N	LIQUIDACION			187,04	187,04	518
ALMACEN REPARACIONES	DISTRIGAL SL	SIL30MM	00001 - Muebles	00059 - Descanso	00001 - Colchonería	00009 - Canapes	 -	Descanso	6401703-22	4,371E+12	CANAPE 090X190 TAPA 3D VALLE SIL30MM,#ACABADO EN BLANCO WEB SILVAL90 BLA	WEB SILVAL90 BLA	0	2	1	0	3	No	79,86	81,58	211,01		119	224,39	0,532193735	0,170489076	13/03/2026	26/11/2025	S	N	N	N	LIQUIDACION			159,72	163,16	422,02
ALMACEN REPARACIONES	DISTRIGAL SL	SIL30MM	00001 - Muebles	00059 - Descanso	00001 - Colchonería	00009 - Canapes	 -	Descanso		4,371E+12	CANAPE 090X190 TAPA 3D RIBERA SIL30MM,#ACABADO EN ARTICO	WEB SILNAV90	0	1	1	0	2	No	79,87	77,76	174,44		157	174,44	0,460619124	0,400703185	06/08/2024	06/08/2024	S	N	N	N	LIQUIDACION			79,87	77,76	174,44
ALMACEN REPARACIONES	DISTRIGAL SL	SIL30MM	00001 - Muebles	00059 - Descanso	00001 - Colchonería	00009 - Canapes	 -	Descanso		4,371E+12	CANAPE 150X190 TAPA 3D RIBERA SIL30MM,#ACABADO EN BLANCO	WEB SILNAV150	0	2	2	0	4	No	95,89	92,94	208,5		159	208,5	0,460635971	0,292720755	19/06/2024	01/08/2025	S	N	S	S	VENDER			191,78	185,88	417
ALMACEN REPARACIONES	DISTRIGAL SL	SIL30MM	00001 - Muebles	00059 - Descanso	00001 - Colchonería	00009 - Canapes	 -	Descanso		4,371E+12	CANAPE 150X190 TAPA 3D RIBERA SIL30MM,#ACABADO EN ARTICO	WEB SILNAV150	0	1	1	0	2	No	95,89	93,02	208,5		159	208,5	0,460171703	0,29211195	21/06/2024	24/06/2024	S	N	S	S	VENDER			95,89	93,02	208,5
ALMACEN REPARACIONES	DISTRIGAL SL	SIL30MM	00001 - Muebles	00059 - Descanso	00001 - Colchonería	00009 - Canapes	 -	Descanso		4,371E+12	CANAPE 105X190 TAPA 3D RIBERA SIL30MM,#ACABADO EN CAMBRIAN	WEB SILNAV105	0	1	1	0	2	No	81,72	79,59	177,53		159,78	177,53	0,457534501	0,397271874	19/06/2024	05/07/2024	S	N	N	N	LIQUIDACION			81,72	79,59	177,53
ALMACEN REPARACIONES	DISTRIGAL SL	SIL30MM	00001 - Muebles	00059 - Descanso	00001 - Colchonería	00009 - Canapes	 -	Descanso		4,371E+12	CANAPE 135X190 TAPA 3D RIBERA SIL30MM,#ACABADO EN BLANCO	WEB SILNAV135	0	2	2	0	4	No	90,11	86,59	195,99		176,39	195,99	0,465412011	0,406009978	16/08/2024	14/05/2025	S	N	S	S	VENDER			180,22	173,18	391,98
ALMACEN REPARACIONES	DISTRIGAL SL	SIL30MM	00001 - Muebles	00059 - Descanso	00001 - Colchonería	00009 - Canapes	 -	Descanso		4,371E+12	CANAPE 105X190 TAPA 3D RIBERA SIL30MM,#ACABADO EN ARTICO	WEB SILNAV105	0	1	1	0	2	No	81,72	78,23	177,53		159,78	177,53	0,46680392	0,407571035	12/06/2024	14/11/2024	S	N	N	N	LIQUIDACION			81,72	78,23	177,53
ALMACEN REPARACIONES	DISTRIGAL SL	SIL30MM	00001 - Muebles	00059 - Descanso	00001 - Colchonería	00009 - Canapes	 -	Descanso		4,371E+12	CANAPE 150X190 TAPA 3D RIBERA SIL30MM,#ACABADO EN CAMBRIAN	WEB SILNAV150	0	4	3	0	7	No	95,89	92,88	208,5		159	208,5	0,460984173	0,293177358	21/06/2024	16/03/2026	S	N	S	S	VENDER			383,56	371,52	834
ALMACEN REPARACIONES	DISTRIGAL SL	SIL30MM	00001 - Muebles	00059 - Descanso	00001 - Colchonería	00009 - Canapes	 -	Descanso		4,371E+12	CANAPE 135X190 TAPA 3D RIBERA SIL30MM,#ACABADO EN CAMBRIAN	WEB SILNAV135	0	3	3	0	6	No	90,11	87,73	195,99		176,39	195,99	0,458373897	0,398189807	16/08/2024	25/02/2025	S	N	N	N	LIQUIDACION			270,33	263,19	587,97
ALMACEN REPARACIONES	DISTRIGAL SL	SIL30MM	00001 - Muebles	00059 - Descanso	00001 - Colchonería	00009 - Canapes	 -	Descanso		4,371E+12	CANAPE 150X190 TAPA 3D VALLE SIL30MM,#ACABADO EN CAMBRIAN WEB SILVAL150 CBR	WEB SILVAL150 CBR	0	6	1	0	7	No	102,44	95,99	269		159	269	0,56822342	0,269510063	24/09/2025	13/03/2026	S	N	N	N	LIQUIDACION			614,64	575,94	1614
ALMACEN REPARACIONES	DISTRIGAL SL	SIL30MM	00001 - Muebles	00059 - Descanso	00001 - Colchonería	00009 - Canapes	 -	Descanso		4,371E+12	CANAPE 150X190 TAPA 3D VALLE SIL30MM,#ACABADO EN ARTICO WEB SILVAL150 ART	WEB SILVAL150 ART	0	7	4	0	11	No	95,88	99,18	251,77		159	269	0,523343528	0,245233962	03/03/2026	03/03/2026	S	N	N	N	LIQUIDACION			671,16	694,26	1762,39
ALMACEN REPARACIONES	DISTRIGAL SL	SIL30MM	00001 - Muebles	00059 - Descanso	00001 - Colchonería	00009 - Canapes	 -	Descanso		4,371E+12	CANAPE 150X190 TAPA 3D VALLE SIL30MM,#ACABADO EN BLANCO WEB SILVAL150 BLA	WEB SILVAL150 BLA	0	5	5	0	10	No	102,44	100,24	269		159	269	0,54910632	0,237167296	15/10/2025	19/01/2026	S	N	N	N	LIQUIDACION			512,2	501,2	1345
ALMACEN REPARACIONES	DISTRIGAL SL	SIL30MM	00001 - Muebles	00059 - Descanso	00001 - Colchonería	00009 - Canapes	 -	Descanso		4,371E+12	CANAPE 105X190 TAPA 3D VALLE SIL30MM,#ACABADO EN BLANCO WEB SILVAL105 BLA	WEB SILVAL105 BLA	0	3	3	0	6	No	90,88	90,37	239		139	239	0,542478243	0,213325899	21/08/2025	17/12/2025	S	N	N	N	LIQUIDACION			272,64	271,11	717
ALMACEN REPARACIONES	DISTRIGAL SL	SOTO 2	00001 - Muebles	00050 - Dormitorios Matrimonio	00001 - Dormitorio	00015 - Dormitorio S/Armario	 -	Dormitorios matrimonio	6396946	4,376E+12	DORMITORIO MATRIMONIO S/ARMARIO A.7 AND.PINO-ROBLE SOTO 2 WEBSOTO41	WEBSOTO41	0	1	1	0	2	No	158,92	159,02	316,39				0,391844875	0,391844875	07/02/2026	07/02/2026	S	N	S	S	VENDER			158,92	159,02	316,39
ALMACEN REPARACIONES	DISTRIGAL SL	TECA	00001 - Muebles	00052 - Salón	00001 - Convencional	00002 - Mesas de comedor	 -	Salón	6299276	5,88001E+11	CONJUNTO MESA COMEDOR FIJA + 4 SILLAS TECA		0	1	1	0	2	No	129,2	129,25	251,42				0,377963169	0,377963169	05/11/2025	08/11/2025	S	S	S	S	VENDER			129,2	129,25	251,42
ALMACEN REPARACIONES	DISTRIGAL SL	YURI	00001 - Muebles	00057 - Asientos	00002 - Sofás	00001 - Sillas	 -	Asientos	6380257	5,88001E+11	SILLA PATAS NEGRO YURI TAP.JARAMA MARENGO	TAP.JARAMA MARENGO	0	1	1	0	2	No	10,64	11,18	21,63				0,3745816	0,3745816	09/01/2026	17/03/2026	S	N	S	S	COLECCION STOCK	8,43568E+12		10,64	11,18	21,63
ALMACEN REPARACIONES	DISTRIGAL SL	YURI	00001 - Muebles	00057 - Asientos	00002 - Sofás	00001 - Sillas	 -	Asientos	6380260	5,88001E+11	SILLA PATAS BLANCO YURI TAP.JARAMA MARENGO	TAP.JARAMA MARENGO	0	1	1	0	2	No	10,64	10,67	21,94				0,411545123	0,411545123	13/03/2026	17/03/2026	S	N	S	S	COLECCION STOCK	8,43568E+12		10,64	10,67	21,94
ALMACEN REPARACIONES	DISTRIGAL SL	ZAFIRO	00001 - Muebles	00052 - Salón	00002 - Salón comedor	00004 - Comedores completos	 -	Salón	6331160-37661	5,88001E+11	COMPOSICION UNICA LEDS 250 CM. ZAFIRO,#ACABADO EN BLANCO GRAFITO		0	1	1	0	2	No	134,65	134,63	269				0,394415242	0,394415242	14/02/2025	26/09/2025	S	N	N	N	LIQUIDACION			134,65	134,63	269
ALMACEN REPARACIONES	DUGAR HOME S.L.	DC-651	00001 - Muebles	00057 - Asientos	00002 - Sofás	00001 - Sillas	 -	Asientos		1,178E+12	SILLA TELA DC-651 AZUL	DC-651	0	2	0	0	2	No	48,45	33,68	94,55				0,568981491	0,568981491	18/03/2026	07/03/2026	S	N	S	S	VENDER			96,9	67,36	189,1
ALMACEN REPARACIONES	DUGAR HOME S.L.	DC-901	00001 - Muebles	00057 - Asientos	00002 - Sofás	00001 - Sillas	 -	Asientos		1,178E+12	SILLA MADERA DC-901 NOGAL	DC-901	0	1	0	0	1	No	75,98	47,69	153,14				0,623188586	0,623188586	13/02/2026	21/02/2026	S	N	S	N	OFERTA	1,06101E+12		75,98	47,69	153,14
ALMACEN REPARACIONES	DUGAR HOME S.L.	NINGUNA	00001 - Muebles	00056 - Auxiliares	00001 - Mueble Auxiliar	00018 - Consolas	 -	Mueble Auxiliar		1,178E+12	ACCESORIO MOBILIARIO DUGAR C INVENTARIABLE	1178INV	0	2	2	0	4	No	0	0	0						18/02/2026		S	N	N	N	LIQUIDACION			0	0	0
ALMACEN REPARACIONES	EKORNES IBERICA SL UNIPERSONAL	NINGUNA	00001 - Muebles	00057 - Asientos	00002 - Sofás	00002 - Butacas	 -	Asientos		1,031E+12	ACCESORIO  C INVENTARIABLE	INV1031	0	1	1	0	2	No	0	0	0						26/03/2024		S	N	N	N	LIQUIDACION			0	0	0
ALMACEN REPARACIONES	ELECTRODOMESTICOS TAURUS S.L.	TAURUS	00001 - Muebles	00054 - Menaje	00001 - Servicio Cocina	00008 - Cafeteras	 -	Menage	6352148	1,63001E+11	CAFETERA ITALIANA 12T. KCP90012I TAURUS 984083000	984083000	0	1	0	0	1	No	17,64	18,06	28,36				0,229456982	0,229456982	02/05/2024	08/10/2024	S	N	S	N	OFERTA	8,41423E+12		17,64	18,06	28,36
ALMACEN REPARACIONES	ELECTRODOMESTICOS TAURUS S.L.	TAURUS	00002 - Electrodomesticos	00007 - Pequeño Electrodoméstico	00001 - Cocina	00011 - Freidoras	 -	Pequeño Electrodoméstico	6299231	1,63001E+11	FREIDORA 4,5L TAURUS AQUAFRY	AQUAFRY	0	1	0	0	1	No	126,8	114,49	219		145,4	208,26	0,36742968	0,047229023		17/12/2025	S	S	N	N	LIQUIDACION	8,41423E+12	1	126,8	114,49	219
ALMACEN REPARACIONES	ELECTROLUX ESPAÑA S.A.U.	AEG	00002 - Electrodomesticos	00006 - Gran Electrodoméstico	00003 - Lavado	00002 - Lavavajillas	 -	Gran Electrodoméstico		4,349E+12	LAVAVAJILLAS (E) AEG CLASE-C 14 CUB. AIRDRY,DISPLAY DIGITAL XL, 3ª BANDEJA MAXISPACE, BRAZO ASPERSOR SATÉLITE, PROGRAMA AUTO, 30 MIN, EXTRAHIGIENE, MACHINE CARE, MOTOR INVERTER, 44 DB INOX FFB74927ZM	FFB74927ZM	0	1	0	0	1	No	321	349,12	633,01		499	618	0,332656356	0,153436473	13/03/2026	18/03/2026	S	N	S	S	COLECCIÓN Y FOLLETO	7,33254E+12	4	321	349,12	633,01
ALMACEN REPARACIONES	ELECTROLUX ESPAÑA S.A.U.	ELECTROLUX	00002 - Electrodomesticos	00006 - Gran Electrodoméstico	00001 - Coccion	00003 - Encimeras	 -	Gran Electrodoméstico	6360945	3,56001E+11	ENCIMERA INDUCCION 3F.CONTROL FRITURA 7,3W ELECTROLUX EIF61342	EIF61342	0	1	1	0	2	No	291,53	226	390,53		287,92	411,32	0,299772105	0,050222284			S	S	N	N	LIQUIDACION	7,33254E+12		291,53	226	390,53
ALMACEN REPARACIONES	ESOU  (LANGFANG) IMPORT AND EXPORT $APEL	CORINA	00001 - Muebles	00057 - Asientos	00002 - Sofás	00001 - Sillas	 -	Asientos		4,889E+12	SILLA CORINA DC-3116 ARAGON 70 AZUL	DC-3116-2	0	1	1	0	2	No	44,25	44,25	95,9				0,441684046	0,441684046	14/01/2026	06/02/2026	S	N	S	N	IMPORTACION			44,25	44,25	95,9
ALMACEN REPARACIONES	ESOU  (LANGFANG) IMPORT AND EXPORT $APEL	NINGUNA	00001 - Muebles	00057 - Asientos	00002 - Sofás	00001 - Sillas	 -	Asientos		4,889E+12	ACCESORIO C INVENTARIABLE	4889INV	0	1	1	0	2	No	0	0	0						16/03/2026		S	N	S	S	VENDER			0	0	0
ALMACEN REPARACIONES	EUROPEAN HOME APPLIANCES SPAIN S.A	WHIRLPOOL	00002 - Electrodomesticos	00015 - Climatización	00001 - Climatización	00001 - Acondicionadores	 -	Climatización	6278772	1,89001E+11	SPLIT INVERTER 3000 FR. A+++ R-32 WIFI WHIRLPOOL SPIW312A3WF.1	SPIW312A3WF.1	0	5	0	0	5	No	329	329,39	642,32		469,05	642,64	0,379496357	0,150278435	03/11/2025	22/12/2025	S	S	S	N	OFERTA	8,00344E+12	0	1645	1646,95	3211,6
ALMACEN REPARACIONES	EUROPEAN HOME APPLIANCES SPAIN S.A	WHIRLPOOL	00002 - Electrodomesticos	00015 - Climatización	00001 - Climatización	00001 - Acondicionadores	 -	Climatización		1,89001E+11	SPLIT INVERTER 2200 FR. A++ R-32 WHIRLPOOL SPICR309WF	SPICR309WF	0	1	0	0	1	No	238,38	238,38	464,85		339	376,29	0,379499193	0,149145133	09/09/2025	09/09/2025	S	N	S	N	OFERTA		0	238,38	238,38	464,85
ALMACEN REPARACIONES	EUROPEAN HOME APPLIANCES SPAIN S.A	WHIRLPOOL	00002 - Electrodomesticos	00015 - Climatización	00001 - Climatización	00001 - Acondicionadores	 -	Climatización		1,89001E+11	SPLIT INVERTER 3000 FR. A++ R-32 WHIRLPOOL SPICR312WF	SPICR312WF	0	1	-3	0	-2	No	253,85	253,85	495,01				0,379490313	0,379490313	18/06/2025	15/11/2025	S	N	N	N	LIQUIDACION		0	253,85	253,85	495,01
ALMACEN REPARACIONES	FABRI KIT S.L.	CRETA BASIC V6	00001 - Muebles	00050 - Dormitorios Matrimonio	00001 - Dormitorio	00003 - Armarios	 -	Dormitorios matrimonio		2,05001E+11	ARMARIO 2 PTAS CORREDERA 200X239 CM 1751 CON CAJONERA+ESTANTE	1751	0	1	1	0	2	No	509,17	493,76	1026,85				0,418172469	0,418172469	06/03/2026	16/02/2026	S	S	S	S	COLECCION STOCK			509,17	493,76	1026,85
ALMACEN REPARACIONES	FABRI KIT S.L.	CRETA TOP V6	00001 - Muebles	00050 - Dormitorios Matrimonio	00001 - Dormitorio	00001 - Camas	 -	Dormitorios matrimonio		2,05001E+11	CAMA TAPIZADA STYLOS (135X190) TP180  CRETA TOP V6	TP180	0	1	1	0	2	No	397,62	398,53	801,88				0,398636579	0,398636579	17/02/2026	22/10/2025	S	N	S	S	VENDER			397,62	398,53	801,88
ALMACEN REPARACIONES	FABRI KIT S.L.	CRETA TOP V6	00001 - Muebles	00050 - Dormitorios Matrimonio	00001 - Dormitorio	00017 - Elementos	 -	Dormitorios matrimonio		2,05001E+11	JUEGO DE 4 PATAS NORDICAS TP690  CRETA TOP V6,#ACABADO EN BLANCO	TP690	0	3	3	0	6	No	13,37	13	26,97				0,416759362	0,416759362	18/12/2025		S	N	S	S	VENDER			40,11	39	80,91
ALMACEN REPARACIONES	FABRI KIT S.L.	CRETA TOP V6	00001 - Muebles	00051 - Camas juveniles	00002 - Modular	00006 - Cabeceros	 -	Dormitorios matrimonio		2,05001E+11	CABECERO TARSUS 276 CM TP138  CRETA TOP V6	TP138	0	1	0	0	1	No	183,49	174,3	370,04				0,430053508	0,430053508	17/02/2026	24/01/2026	S	N	S	S	VENDER			183,49	174,3	370,04
ALMACEN REPARACIONES	FABRI KIT S.L.	CRETA TOP V6	00001 - Muebles	00051 - Camas juveniles	00002 - Modular	00006 - Cabeceros	 -	Dormitorios matrimonio		2,05001E+11	CABEZAL EPIRO 296 CM NATURALE RAYADO	204+229I+164D	0	1	0	0	1	No	258,84	241,02	522				0,441313793	0,441313793	02/03/2026	23/01/2026	S	N	S	S	VENDER			258,84	241,02	522
ALMACEN REPARACIONES	FABRI KIT S.L.	GENESIS	00001 - Muebles	00052 - Salón	00001 - Convencional	00002 - Mesas de comedor	 -	Salón		2,05001E+11	MESA RECTANGULAR EXTENSIBLE LOKI 140-200X90 PATAS BLANCO,#ACABADO EN NATURALIA	970B	0	2	0	0	2	No	240,61	227,77	485,24		439	485,24	0,432030129	0,372205695	17/02/2026	07/03/2026	S	N	S	S	COLECCION STOCK			481,22	455,54	970,48
ALMACEN REPARACIONES	FABRI KIT S.L.	GENESIS	00001 - Muebles	00052 - Salón	00002 - Salón comedor	00101 - Mesas de centro	 -	Salón		2,05001E+11	MESA CENTRO MARTE CON PATA MARCO 100X50 PATA BLANCO,#ACABADO EN NATURALIA-RAYADO	910B	0	1	1	0	2	No	64,89	62,94	130,86				0,418023842	0,418023842	19/11/2025	20/11/2025	S	N	S	S	VENDER			64,89	62,94	130,86
ALMACEN REPARACIONES	FABRI KIT S.L.	GENESIS	00001 - Muebles	00052 - Salón	00002 - Salón comedor	00101 - Mesas de centro	 -	Salón		2,05001E+11	MESA RECTANGULAR EXT. PATAS PUENTE VENUS 140X90 CM. GNESIS 960,#ACABADO EN NATURALE	960	0	1	1	0	2	No	319,35	303,35	644,04				0,430076548	0,430076548	22/05/2025	31/05/2025	S	N	S	S	VENDER			319,35	303,35	644,04
ALMACEN REPARACIONES	FABRI KIT S.L.	GNESIS	00001 - Muebles	00052 - Salón	00002 - Salón comedor	00002 - Elementos	 -	Salón		2,05001E+11	GALERIA 154X16CM GNESIS 655,#ACABADO EN COLOR NATURALE	655	0	2	2	0	4	No	33,06	31,75	66,68				0,423852729	0,423852729	07/11/2025	03/03/2026	S	N	S	S	VENDER			66,12	63,5	133,36
ALMACEN REPARACIONES	FABRI KIT S.L.	GNESIS	00001 - Muebles	00052 - Salón	00002 - Salón comedor	00002 - Elementos	 -	Salón		2,05001E+11	GALERIA 126X16CM GNESIS 650,#ACABADO EN COLOR BLANCO	650	0	1	0	0	1	No	27,95	27,17	56,36				0,416683818	0,416683818	23/01/2026	27/12/2025	S	N	S	S	VENDER			27,95	27,17	56,36
ALMACEN REPARACIONES	FABRI KIT S.L.	KIT	00001 - Muebles	00052 - Salón	00001 - Convencional	00003 - Bufets	 -	Salón	6342958	2,05002E+11	APARADOR 2PTA+3CAJ.  ARGOS 2   140X90 CM NATURALE KIT 15110	15110	0	1	0	0	1	No	106,88	102,38	215,54				0,425258421	0,425258421	27/01/2026	04/03/2026	S	N	S	S	VENDER	8,43399E+12		106,88	102,38	215,54
ALMACEN REPARACIONES	FABRI KIT S.L.	KIT	00001 - Muebles	00056 - Auxiliares	00001 - Mueble Auxiliar	00011 - Zapateros	 -	Mueble Auxiliar	6332215	2,05002E+11	ZAPATERO   TREND   CON ESPEJO KIT TR1000-44033	TR1000-44033	0	2	1	0	3	No	66,6	66,13	134,31		88,9	129	0,404234234	0,099917885	05/08/2024	08/04/2025	S	N	N	N	LIQUIDACION	8,43399E+12	2	133,2	132,26	268,62
ALMACEN REPARACIONES	FABRI KIT S.L.	NINGUNA	00001 - Muebles	00050 - Dormitorios Matrimonio	00001 - Dormitorio	00001 - Camas	 -	Dormitorios matrimonio		2,05001E+11	ACCESORIO INVENTARIABLE MOBILIARIO  C	205INV	0	8	7	0	15	No	0	19,24	0						18/03/2026	16/02/2026	S	N	S	S	VENDER			0	153,92	0
ALMACEN REPARACIONES	FABRI KIT S.L.	NODUS	00001 - Muebles	00056 - Auxiliares	00001 - Mueble Auxiliar	00006 - Mesas	 -	Mueble Auxiliar		2,05001E+11	MESA CENTRO DATA ELECTRICA 120X80 CM ND5500,#ACABADO EN COLOR MISTRAL PATA BLANCA	ND5500	0	1	0	0	1	No	445,99	433,6	899,43				0,416679453	0,416679453	17/02/2026	23/02/2026	S	N	S	S	VENDER			445,99	433,6	899,43
ALMACEN REPARACIONES	FABRI KIT S.L.	NODUS	00001 - Muebles	00056 - Auxiliares	00001 - Mueble Auxiliar	00006 - Mesas	 -	Mueble Auxiliar		2,05001E+11	MESA CENTRO ELEV.DUTTY PATA NAD 100X60 ND5045,#ACABADO EN 1 CALIFORNIA/2 SIROCO PATA GRAFITO	ND5045	0	1	1	0	2	No	99,65	96,88	200,97				0,416704981	0,416704981	17/02/2026	26/01/2026	S	N	S	S	VENDER			99,65	96,88	200,97
ALMACEN REPARACIONES	FABRICA DE SILLAS RUIZ Y SANCHEZ SL	LUXEMBURGO	00001 - Muebles	00057 - Asientos	00002 - Sofás	00001 - Sillas	 -	Asientos	6380394	1,299E+12	SILLON ACAB. EPOXI KROSS 55 AZUL FOREST PA/XIA 2 LUXEMBURGO LUX2RYS	LUX2RYS	0	2	1	0	3	No	134,6	132,76	288,74		139	288,74	0,443653114	-0,155680576	17/12/2025	11/03/2024	S	S	N	N	LIQUIDACION		2	269,2	265,52	577,48
ALMACEN REPARACIONES	FLEX EQUIPOS DE DESCANSO S.A.U.	HYDRA FLX	00001 - Muebles	00059 - Descanso	00001 - Colchonería	00001 - Colchones	 -	Descanso		6,45006E+11	COLCHON HYDRA FLX                 90X190	9394144	0	1	1	0	2	No	136,12	108,9	598		139	598	0,779650502	0,052021583	20/09/2024	08/01/2025	S	N	N	N	LIQUIDACION	8,433E+12	1,49	136,12	108,9	598
ALMACEN REPARACIONES	FLEX EQUIPOS DE DESCANSO S.A.U.	IRIS	00001 - Muebles	00059 - Descanso	00001 - Colchonería	00001 - Colchones	 -	Descanso		6,45004E+11	COLCHON FLEX IRIS CT 90010            135X190  9376528	9376528	0	1	1	0	2	No	165,3	148,77	696		313,2	696	0,7413625	0,42525	25/07/2025	25/08/2025	S	N	S	S	LIQUIDACION	8,433E+12		165,3	148,77	696
ALMACEN REPARACIONES	FLEX EQUIPOS DE DESCANSO S.A.U.	NINGUNA	00001 - Muebles	00059 - Descanso	00001 - Colchonería	00004 - Patas	 -	Descanso	5920006	6,45001E+11	PLETINA UNION GEM.(UNIDAD)  9014224	9014224	0	2	2	0	4	No	5,4	7,37	22		11	22	0,59465	0,1893	16/02/2024	05/05/2025	S	N	S	S	VENDER			10,8	14,74	44
ALMACEN REPARACIONES	FLEX EQUIPOS DE DESCANSO S.A.U.	NINGUNA	00001 - Muebles	00059 - Descanso	00001 - Colchonería	00009 - Canapes	 -	Descanso	6212975	6,45008E+11	CANAPE ABATIBLE A19C  CT/GS BLANCO CRT KIT 135X190  10016884	10016884	0	1	1	0	2	No	190,35	180,83	762		381	762	0,712855249	0,425710499	26/02/2026	04/03/2026	S	N	S	S	VENDER	8,433E+12		190,35	180,83	762
ALMACEN REPARACIONES	FLEX EQUIPOS DE DESCANSO S.A.U.	NINGUNA	00001 - Muebles	00059 - Descanso	00001 - Colchonería	00009 - Canapes	 -	Descanso		6,45008E+11	ABATIBLE LIVING POLIPIEL BEIGE   150X190  10030791	10030791	0	1	0	0	1	No	314,55	123,53	1258		629	1258	0,881183386	0,762366773	02/09/2024		S	N	S	S	VENDER	8,433E+12		314,55	123,53	1258
ALMACEN REPARACIONES	FLEX EQUIPOS DE DESCANSO S.A.U.	NINGUNA	00001 - Muebles	00059 - Descanso	00001 - Colchonería	00099 - Acc. Colchoneria	 -	Descanso		6,45001E+11	ACCESORIO COLCHONERIA  C INVENTARIABLE	645INV	0	1	1	0	2	No	0	17,47	0						17/12/2025	13/08/2025	S	N	S	S	VENDER			0	17,47	0
ALMACEN REPARACIONES	FRANCES BAÑON S.L.	FREE	00001 - Muebles	00057 - Asientos	00002 - Sofás	00013 - Sofas cama	 -	Asientos		4,413E+12	SOFA 3 PLAZAS CAMA 140 FREE OFERTA,#ACABADO EN TELA YULI C4 BEIG	OFERTA STOCK	0	3	2	0	5	No	427	418,12	861,13				0,412486849	0,412486849	06/03/2026	06/03/2026	S	N	S	N	OFERTA STOCK			1281	1254,36	2583,39
ALMACEN REPARACIONES	FRANCES BAÑON S.L.	NINGUNA	00001 - Muebles	00057 - Asientos	00002 - Sofás	00004 - Sofas	 -	Asientos		4,413E+12	ACCESORIO C INVENTARIABLE NINGUNA	4413INV	0	1	1	0	2	No	0	0	0						13/03/2026		S	N	S	S	VENDER			0	0	0
ALMACEN REPARACIONES	FRANCES BAÑON S.L.	NINGUNA	00001 - Muebles	00057 - Asientos	00002 - Sofás	00099 - Acc Asientos	 -	Asientos		9,18001E+11	ACCESORIO MOBILIARIO  C INVENTARIABLE	918INV	0	2	2	0	4	No	0	0	0						13/02/2026		S	N	S	S	VENDER			0	0	0
ALMACEN REPARACIONES	FRANCISCO MARTIN ROBLEDO S.L.	ANDORRA	00001 - Muebles	00057 - Asientos	00002 - Sofás	00013 - Sofas cama	 -	Asientos	6343701-51852	7,90001E+11	SOFA CAMA 2 PLAZAS ANDORRA CRISTAL 7,#ACABADO EN TELA CRYSTAL 7	CRISTAL 7	0	1	1	0	2	No	187	206,71	539		279	439	0,535957143	0,103515771		18/02/2025	S	S	N	N	LIQUIDACION	8,43568E+12	2	187	206,71	539
ALMACEN REPARACIONES	FRANCISCO MARTIN ROBLEDO S.L.	AURE	00001 - Muebles	00057 - Asientos	00002 - Sofás	00013 - Sofas cama	 -	Asientos	6358393-132	4,405E+12	SOFA CAMA AURE,#ACABADO EN MARRON		0	1	1	0	2	No	149,55	149,55	309				0,414383495	0,414383495			S	S	N	N	LIQUIDACION	8,43568E+12		149,55	149,55	309
ALMACEN REPARACIONES	FRANCISCO MARTIN ROBLEDO S.L.	BOMBON	00001 - Muebles	00057 - Asientos	00002 - Sofás	00002 - Butacas	 -	Asientos	6340443	7,90001E+11	SILLON RELAX 6125 BOMBON TELA NIDO 1	TELA NIDO 1	0	1	1	0	2	No	70,7	71,78	149				0,417088591	0,417088591			S	S	N	N	LIQUIDACION			70,7	71,78	149
ALMACEN REPARACIONES	FRANCISCO MARTIN ROBLEDO S.L.	CHS	00001 - Muebles	00059 - Descanso	00001 - Colchonería	00001 - Colchones	 -	Descanso	6352976	7,90001E+11	COLCHON 135X190 NOCTIS NOVA		0	1	0	0	1	No	149,19	142,09	969		179	969	0,822570795	0,039503352	25/09/2024	26/09/2024	S	N	N	N	LIQUIDACION	8,43568E+12	5	149,19	142,09	969
ALMACEN REPARACIONES	FRANCISCO MARTIN ROBLEDO S.L.	CHS	00001 - Muebles	00059 - Descanso	00001 - Colchonería	00001 - Colchones	 -	Descanso	6352977	7,90001E+11	COLCHON 150X190 NOCTIS NOVA		0	2	0	0	2	No	165,18	158,95	1049		219	1049	0,816654433	0,121783105	25/09/2024	14/04/2025	S	N	N	N	LIQUIDACION	8,43568E+12	5	330,36	317,9	2098
ALMACEN REPARACIONES	FRANCISCO MARTIN ROBLEDO S.L.	CHS	00001 - Muebles	00059 - Descanso	00001 - Colchonería	00001 - Colchones	 -	Descanso	6352978	7,90001E+11	COLCHON 090X190 EXCELLENCE NOVA		0	1	1	0	2	No	121,08	111,19	789				0,829480482	0,829480482	09/04/2024	25/06/2024	S	N	N	N	LIQUIDACION	8,43568E+12	7,5	121,08	111,19	789
ALMACEN REPARACIONES	FRANCISCO MARTIN ROBLEDO S.L.	CHS	00001 - Muebles	00059 - Descanso	00001 - Colchonería	00001 - Colchones	 -	Descanso	6352979	7,90001E+11	COLCHON 105X190 EXCELLENCE NOVA		0	1	0	0	1	No	141,64	132,36	909		269	909	0,823811221	0,404626022	09/04/2024	19/12/2024	S	N	N	N	LIQUIDACION	8,43568E+12	7,5	141,64	132,36	909
ALMACEN REPARACIONES	FRANCISCO MARTIN ROBLEDO S.L.	CHS	00001 - Muebles	00059 - Descanso	00001 - Colchonería	00001 - Colchones	 -	Descanso	6352980	7,90001E+11	COLCHON 135X190 EXCELLENCE NOVA		0	2	2	0	4	No	172,28	167,33	1089		259	1089	0,814077778	0,218265251	25/09/2024	01/12/2025	S	N	N	N	LIQUIDACION	8,43568E+12	10	344,56	334,66	2178
ALMACEN REPARACIONES	FRANCISCO MARTIN ROBLEDO S.L.	CHS	00001 - Muebles	00059 - Descanso	00001 - Colchonería	00001 - Colchones	 -	Descanso	6352981	7,90001E+11	COLCHON 150X190 EXCELLENCE NOVA		0	2	2	0	4	No	190,78	178,75	1219		249	1219	0,822569729	0,131375502	25/09/2024	19/03/2025	S	N	N	N	LIQUIDACION	8,43568E+12	15	381,56	357,5	2438
ALMACEN REPARACIONES	FRANCISCO MARTIN ROBLEDO S.L.	CHS	00001 - Muebles	00059 - Descanso	00001 - Colchonería	00001 - Colchones	 -	Descanso	6352984	7,90001E+11	COLCHON 135X190 SUMMUN NOVA		0	1	1	0	2	No	220,43	210,39	1389		289	1389	0,816722894	0,119128374	25/09/2024	30/04/2025	S	N	N	N	LIQUIDACION	8,43568E+12	10	220,43	210,39	1389
ALMACEN REPARACIONES	FRANCISCO MARTIN ROBLEDO S.L.	CHS	00001 - Muebles	00059 - Descanso	00001 - Colchonería	00001 - Colchones	 -	Descanso	6352985	7,90001E+11	COLCHON 150X190 SUMMUN NOVA		0	2	2	0	4	No	246,73	228,39	1529		299	1529	0,819259712	0,075746154	25/09/2024	09/06/2025	S	N	N	N	LIQUIDACION	8,43568E+12	10	493,46	456,78	3058
ALMACEN REPARACIONES	FRANCISCO MARTIN ROBLEDO S.L.	CHS	00001 - Muebles	00059 - Descanso	00001 - Colchonería	00001 - Colchones	 -	Descanso	6360009	7,90001E+11	COLCHON 105X200 EXCELLENCE NOVA		0	1	1	0	2	No	149,08	142,98	969		179	969	0,821459443	0,033487151	23/02/2024	25/09/2024	S	N	N	N	LIQUIDACION		7,5	149,08	142,98	969
ALMACEN REPARACIONES	FRANCISCO MARTIN ROBLEDO S.L.	CHS	00001 - Muebles	00059 - Descanso	00001 - Colchonería	00001 - Colchones	 -	Descanso	6361783	7,90001E+11	COLCHON 90X190 SUPREME		0	1	1	0	2	No	243,8	236,48	1369		299	1369	0,790985537	0,043007358	29/10/2024	12/04/2025	S	S	N	N	LIQUIDACION		15	243,8	236,48	1369
ALMACEN REPARACIONES	FRANCISCO MARTIN ROBLEDO S.L.	CHS	00001 - Muebles	00059 - Descanso	00001 - Colchonería	00001 - Colchones	 -	Descanso	6361785	7,90001E+11	COLCHON 135X190 SUPREME		0	2	2	0	4	No	347,25	315,68	2055		389	2055	0,814125158	0,018064781		09/08/2024	S	N	N	N	BAJA ROTACION		15	694,5	631,36	4110
ALMACEN REPARACIONES	FRANCISCO MARTIN ROBLEDO S.L.	CHS	00001 - Muebles	00059 - Descanso	00001 - Colchonería	00001 - Colchones	 -	Descanso	6361786	7,90001E+11	COLCHON 150X190 SUPREME		0	1	1	0	2	No	385,55	345,13	2279		349	2279	0,816758534	-0,196582521	25/09/2024	27/05/2024	S	N	N	N	BAJA ROTACION		15	385,55	345,13	2279
ALMACEN REPARACIONES	FRANCISCO MARTIN ROBLEDO S.L.	CHS	00001 - Muebles	00059 - Descanso	00001 - Colchonería	00001 - Colchones	 -	Descanso		7,90001E+11	COLCHON 135X190 SUMMUN NOVA 2		0	3	0	0	3	No	224,84	218,09	1419		638,55	1419	0,814031783	0,586737295	10/03/2026	11/03/2026	S	N	S	S	COLECCION C/A	8,43568E+12	12	674,52	654,27	4257
ALMACEN REPARACIONES	FRANCISCO MARTIN ROBLEDO S.L.	CHS	00001 - Muebles	00059 - Descanso	00001 - Colchonería	00001 - Colchones	 -	Descanso		7,90001E+11	COLCHON 150X190 SUMMUN NOVA 2		0	2	-1	0	1	No	251,66	244,11	1589		715,05	1589	0,814113845	0,586919656	10/03/2026	18/03/2026	S	N	S	S	COLECCION C/A	8,43568E+12	12	503,32	488,22	3178
ALMACEN REPARACIONES	FRANCISCO MARTIN ROBLEDO S.L.	CHS	00001 - Muebles	00059 - Descanso	00001 - Colchonería	00001 - Colchones	 -	Descanso		7,90001E+11	COLCHON 150X200 SUMMUN NOVA 2		0	2	1	0	3	No	264,71	256,77	1669		751,05	1669	0,813845596	0,586323547	10/03/2026	14/01/2026	S	N	S	S	COLECCION C/A		12	529,42	513,54	3338
ALMACEN REPARACIONES	FRANCISCO MARTIN ROBLEDO S.L.	CHS	00001 - Muebles	00059 - Descanso	00001 - Colchonería	00001 - Colchones	 -	Descanso		7,90001E+11	COLCHON 105X190 EXCELLENCE NOVA 2		0	1	1	0	2	No	141,64	137,43	909		278,97	909	0,817062376	0,403913324	20/01/2026	02/03/2026	S	N	S	S	COLECCION C/A	8,43568E+12	10	141,64	137,43	909
ALMACEN REPARACIONES	FRANCISCO MARTIN ROBLEDO S.L.	CHS	00001 - Muebles	00059 - Descanso	00001 - Colchonería	00001 - Colchones	 -	Descanso		7,90001E+11	COLCHON 150X190 EXCELLENCE NOVA 2		0	8	6	0	14	No	190,78	185,07	1219		379	1219	0,81629639	0,409143272	10/03/2026	18/03/2026	S	N	S	S	COLECCION C/A	8,43568E+12	10	1526,24	1480,56	9752
ALMACEN REPARACIONES	FRANCISCO MARTIN ROBLEDO S.L.	CHS	00001 - Muebles	00059 - Descanso	00001 - Colchonería	00001 - Colchones	 -	Descanso		7,90001E+11	COLCHON 105X190 NEVADA NOVA		0	1	0	0	1	No	159,02	154,25	1009		454,05	1009	0,815022299	0,588938443	04/11/2025	05/03/2026	S	N	S	S	COLECCION C/A		10	159,02	154,25	1009
ALMACEN REPARACIONES	FRANCISCO MARTIN ROBLEDO S.L.	CHS	00001 - Muebles	00059 - Descanso	00001 - Colchonería	00001 - Colchones	 -	Descanso		7,90001E+11	COLCHON 105X200 NEVADA NOVA		0	1	1	0	2	No	167,28	162,26	1059		476,55	1059	0,814603777	0,588008394	08/10/2024	15/10/2025	S	N	S	S	COLECCION C/A		10	167,28	162,26	1059
ALMACEN REPARACIONES	FRANCISCO MARTIN ROBLEDO S.L.	CHS	00001 - Muebles	00059 - Descanso	00001 - Colchonería	00001 - Colchones	 -	Descanso		7,90001E+11	COLCHON 135X190 NEVADA NOVA		0	1	0	0	1	No	194,2	188,37	1229		499	1229	0,814542148	0,543231062	20/01/2026	03/02/2026	S	N	S	S	COLECCION C/A		10	194,2	188,37	1229
ALMACEN REPARACIONES	FRANCISCO MARTIN ROBLEDO S.L.	CHS	00001 - Muebles	00059 - Descanso	00001 - Colchonería	00001 - Colchones	 -	Descanso		7,90001E+11	COLCHON 150X190 NEVADA NOVA		0	1	-2	0	-1	No	215,14	208,69	1359		549	1359	0,814190655	0,540045719	20/01/2026	14/02/2026	S	N	S	S	COLECCION C/A		10	215,14	208,69	1359
ALMACEN REPARACIONES	FRANCISCO MARTIN ROBLEDO S.L.	CHS	00001 - Muebles	00059 - Descanso	00001 - Colchonería	00001 - Colchones	 -	Descanso		7,90001E+11	COLCHON 180X200 NEVADA NOVA		0	1	1	0	2	No	271,67	263,52	1719		773,55	1719	0,814508901	0,587797557	16/12/2025	20/09/2025	S	N	S	S	COLECCION C/A		10	271,67	263,52	1719
ALMACEN REPARACIONES	FRANCISCO MARTIN ROBLEDO S.L.	CHS	00001 - Muebles	00059 - Descanso	00001 - Colchonería	00001 - Colchones	 -	Descanso		7,90001E+11	COLCHON 105X190 SUMMUN NOVA 2		0	1	0	0	1	No	211,05	204,96	1329		598,05	1329	0,813392325	0,585316278	14/08/2025	11/03/2026	S	N	S	S	COLECCION C/A	8,43568E+12	12	211,05	204,96	1329
ALMACEN REPARACIONES	FRANCISCO MARTIN ROBLEDO S.L.	CHS	00001 - Muebles	00059 - Descanso	00001 - Colchonería	00001 - Colchones	 -	Descanso		7,90001E+11	COLCHON 105X200 SUMMUN NOVA 2		0	1	1	0	2	No	222,36	215,69	1409		634,05	1409	0,81477296	0,588384355	14/11/2024	19/02/2026	S	N	S	S	COLECCION C/A	8,43568E+12	12	222,36	215,69	1409
ALMACEN REPARACIONES	FRANCISCO MARTIN ROBLEDO S.L.	CHS	00001 - Muebles	00059 - Descanso	00001 - Colchonería	00001 - Colchones	 -	Descanso		7,90001E+11	COLCHON 180X190 SUMMUN NOVA 2		0	1	1	0	2	No	299,37	290,3	1889		850,05	1889	0,814048174	0,586773719	20/01/2026	13/02/2026	S	N	S	S	COLECCION C/A	8,43568E+12	12	299,37	290,3	1889
ALMACEN REPARACIONES	FRANCISCO MARTIN ROBLEDO S.L.	CHS	00001 - Muebles	00059 - Descanso	00001 - Colchonería	00001 - Colchones	 -	Descanso		7,90001E+11	COLCHON 135X190 NOCTIS  NOVA 2		0	4	3	0	7	No	149,19	144,71	939		422,55	939	0,813525985	0,5856133	10/03/2026	18/03/2026	S	N	S	S	COLECCION C/A		5	596,76	578,84	3756
ALMACEN REPARACIONES	FRANCISCO MARTIN ROBLEDO S.L.	CHS	00001 - Muebles	00059 - Descanso	00001 - Colchonería	00001 - Colchones	 -	Descanso		7,90001E+11	COLCHON 150X190 NOCTIS  NOVA 2		0	1	1	0	2	No	165,18	160,22	1049		472,05	1049	0,815189514	0,589310031	16/12/2025	17/03/2026	S	N	S	S	COLECCION C/A		5	165,18	160,22	1049
ALMACEN REPARACIONES	FRANCISCO MARTIN ROBLEDO S.L.	DIVIT	00001 - Muebles	00059 - Descanso	00001 - Colchonería	00009 - Canapes	 -	Descanso	6339026-22	4,39901E+12	CANAPE 090X190 DIVIT,#ACABADO EN BLANCO		0	1	1	0	2	No	105,28	90,83	249		91,9	249	0,558617269	-0,195911861		25/09/2023	S	N	N	N	LIQUIDACION		2	105,28	90,83	249
ALMACEN REPARACIONES	FRANCISCO MARTIN ROBLEDO S.L.	DIVIT	00001 - Muebles	00059 - Descanso	00001 - Colchonería	00009 - Canapes	 -	Descanso	6339026-42735	4,39901E+12	CANAPE 090X190 DIVIT,#ACABADO EN CAMBRIAN		0	2	2	0	4	No	105,28	98,06	249		224,1	249	0,523483534	0,47053726		14/07/2023	S	N	N	N	LIQUIDACION		2	210,56	196,12	498
ALMACEN REPARACIONES	FRANCISCO MARTIN ROBLEDO S.L.	DIVIT	00001 - Muebles	00059 - Descanso	00001 - Colchonería	00009 - Canapes	 -	Descanso	6339027-22	4,39901E+12	CANAPE 105X190 DIVIT,#ACABADO EN BLANCO		0	1	1	0	2	No	109,53	100,04	259		233,1	259	0,53263166	0,480701845			S	S	N	N	LIQUIDACION			109,53	100,04	259
ALMACEN REPARACIONES	FRANCISCO MARTIN ROBLEDO S.L.	DIVIT	00001 - Muebles	00059 - Descanso	00001 - Colchonería	00009 - Canapes	 -	Descanso	6339028-19793	4,39901E+12	CANAPE 135X190 DIVIT,#ACABADO EN WENGUE		0	1	0	0	1	No	121,36	110,67	289		260,1	289	0,536641176	0,485156863			S	N	N	N	LIQUIDACION			121,36	110,67	289
ALMACEN REPARACIONES	FRANCISCO MARTIN ROBLEDO S.L.	DIVIT	00001 - Muebles	00059 - Descanso	00001 - Colchonería	00009 - Canapes	 -	Descanso	6339028-22	4,39901E+12	CANAPE 135X190 DIVIT,#ACABADO EN BLANCO		0	2	2	0	4	No	121,36	110,67	289		260,1	289	0,536641176	0,485156863			S	N	N	N	LIQUIDACION			242,72	221,34	578
ALMACEN REPARACIONES	FRANCISCO MARTIN ROBLEDO S.L.	DIVIT	00001 - Muebles	00059 - Descanso	00001 - Colchonería	00009 - Canapes	 -	Descanso	6339028-42735	4,39901E+12	CANAPE 135X190 DIVIT,#ACABADO EN CAMBRIAN		0	1	1	0	2	No	121,36	110,67	289		260,1	289	0,536641176	0,485156863			S	N	N	N	LIQUIDACION			121,36	110,67	289
ALMACEN REPARACIONES	FRANCISCO MARTIN ROBLEDO S.L.	DIVIT	00001 - Muebles	00059 - Descanso	00001 - Colchonería	00009 - Canapes	 -	Descanso	6339028-556	4,39901E+12	CANAPE 135X190 DIVIT,#ACABADO EN CEREZO		0	1	1	0	2	No	121,36	110,67	289		260,1	289	0,536641176	0,485156863		11/12/2023	S	N	N	N	LIQUIDACION			121,36	110,67	289
ALMACEN REPARACIONES	FRANCISCO MARTIN ROBLEDO S.L.	DIVIT	00001 - Muebles	00059 - Descanso	00001 - Colchonería	00009 - Canapes	 -	Descanso	6339030-19793	4,39901E+12	CANAPE 150X190 DIVIT,#ACABADO EN WENGUE		0	3	3	0	6	No	125,98	118,13	299		269,1	299	0,521948829	0,468832033		24/07/2023	S	N	N	N	LIQUIDACION			377,94	354,39	897
ALMACEN REPARACIONES	FRANCISCO MARTIN ROBLEDO S.L.	DIVIT	00001 - Muebles	00059 - Descanso	00001 - Colchonería	00009 - Canapes	 -	Descanso	6339030-22	4,39901E+12	CANAPE 150X190 DIVIT,#ACABADO EN BLANCO		0	1	1	0	2	No	125,98	114,2	299		269,1	299	0,537852843	0,486503159			S	N	N	N	LIQUIDACION			125,98	114,2	299
ALMACEN REPARACIONES	FRANCISCO MARTIN ROBLEDO S.L.	DIVIT	00001 - Muebles	00059 - Descanso	00001 - Colchonería	00009 - Canapes	 -	Descanso	6339030-42735	4,39901E+12	CANAPE 150X190 DIVIT,#ACABADO EN CAMBRIAN		0	5	5	0	10	No	125,98	118,91	299		269,1	299	0,518792308	0,465324786		05/08/2025	S	N	N	N	LIQUIDACION			629,9	594,55	1495
ALMACEN REPARACIONES	FRANCISCO MARTIN ROBLEDO S.L.	DIVIT	00001 - Muebles	00059 - Descanso	00001 - Colchonería	00009 - Canapes	 -	Descanso	6339030-556	4,39901E+12	CANAPE 150X190 DIVIT,#ACABADO EN CEREZO		0	1	1	0	2	No	125,98	114,2	299		269,1	299	0,537852843	0,486503159		23/12/2024	S	N	N	N	LIQUIDACION			125,98	114,2	299
ALMACEN REPARACIONES	FRANCISCO MARTIN ROBLEDO S.L.	MIKONOS	00001 - Muebles	00057 - Asientos	00002 - Sofás	00008 - Chaise longues	 -	Asientos	6343700-51851	7,90001E+11	CHAISELONGUE IZQUIERDA V/F MIKONOS CRISTAL 9,#ACABADO EN TELA CRYSTAL 9	CRISTAL 9	0	1	1	0	2	No	250,52	272,88	509				0,351306876	0,351306876			S	S	N	N	LIQUIDACION	8,43568E+12		250,52	272,88	509
ALMACEN REPARACIONES	FRANCISCO MARTIN ROBLEDO S.L.	NINGUNA	00001 - Muebles	00057 - Asientos	00002 - Sofás	00099 - Acc Asientos	 -	Asientos		4,399E+12	ACCESORIO C INVENTARIABLE	4399INV	0	2	2	0	4	No	0	0	0						24/09/2024	13/05/2024	S	N	S	S	VENDER			0	0	0
ALMACEN REPARACIONES	FRANCISCO MARTIN ROBLEDO S.L.	NINGUNA	00001 - Muebles	00058 - Terraza y Jardín	00001 - Terraza y Jardin	00099 - Acc. Terraza	 -	Terraza y Jardín		7,90001E+11	ACCESORIO MOBILIARIO  C INVENTARIABLE	INV790	0	2	2	0	4	No	0	0	0						26/02/2025	07/10/2024	S	N	S	S	VENDER			0	0	0
ALMACEN REPARACIONES	FRANCISCO MARTIN ROBLEDO S.L.	NINGUNA	00001 - Muebles	00059 - Descanso	00001 - Colchonería	00010 - Base tapizada	 -	Descanso	5705429	4,39901E+12	BASE TAPIZADA 090X190  BE90190	BE90190	0	1	1	0	2	No	38,77	38,57	89,9		80,91	89,9	0,480870968	0,423189964	07/08/2023	08/08/2024	S	N	N	N	LIQUIDACION	2,00006E+12		38,77	38,57	89,9
ALMACEN REPARACIONES	FRANCISCO MARTIN ROBLEDO S.L.	NINGUNA	00001 - Muebles	00059 - Descanso	00001 - Colchonería	00010 - Base tapizada	 -	Descanso	5705430	4,39901E+12	BASE TAPIZADA 135X190  BE135190	BE135190	0	6	-1	0	5	No	49,01	48,77	119		107,1	119	0,504103361	0,449003735	19/04/2024	23/11/2024	S	N	N	N	LIQUIDACION			294,06	292,62	714
ALMACEN REPARACIONES	FRANCISCO MARTIN ROBLEDO S.L.	NINGUNA	00001 - Muebles	00059 - Descanso	00001 - Colchonería	00010 - Base tapizada	 -	Descanso	5710790	4,39901E+12	BASE TAPIZADA 105X190  BE105190	BE105190	0	1	0	0	1	No	41,93	41,72	99,9		89,91	99,9	0,494682683	0,438536314	27/06/2023	18/12/2023	S	N	N	N	LIQUIDACION	2,00006E+12		41,93	41,72	99,9
ALMACEN REPARACIONES	FRANCISCO MARTIN ROBLEDO S.L.	NINGUNA	00001 - Muebles	00059 - Descanso	00001 - Colchonería	00010 - Base tapizada	 -	Descanso	5710799	4,39901E+12	BASE TAPIZADA 150X190  BE150190	BE150190	0	6	2	0	8	No	52,12	51,77	129		69,9	129	0,514405426	0,10383834	29/12/2020	05/02/2025	S	N	N	N	LIQUIDACION	2,00006E+12	2	312,72	310,62	774
ALMACEN REPARACIONES	FRANCISCO MARTIN ROBLEDO S.L.	OFERTA	00001 - Muebles	00057 - Asientos	00002 - Sofás	00002 - Butacas	 -	Asientos	6265556-45809	7,90001E+11	SILLON POWER LIFT OFERTA TURIN 1802,#ACABADO EN TELA CAMELIA CHOCO	TURIN 1802	0	1	1	0	2	No	189	145,56	549		199	399	0,679184699	0,114936683		29/03/2025	S	S	N	N	LIQUIDACION		3	189	145,56	549
ALMACEN REPARACIONES	FRANCISCO MARTIN ROBLEDO S.L.	OFERTA	00001 - Muebles	00057 - Asientos	00002 - Sofás	00002 - Butacas	 -	Asientos	6343681-51221	7,90001E+11	SILLON POWER LIFT OFERTA SOFIA 1801 NUEVO,#ACABADO EN TELA NIDO 1	SOFIA 1801 NUEVO	0	2	2	0	4	No	189	189	389				0,412107969	0,412107969			S	S	N	N	LIQUIDACION			378	378	778
ALMACEN REPARACIONES	FRANCISCO MARTIN ROBLEDO S.L.	OFERTA	00001 - Muebles	00059 - Descanso	00001 - Colchonería	00002 - Bases, somieres y canapés	 -	Descanso	6264792	4,39901E+12	SOMIER 150X190 OFERTA		0	2	2	0	4	No	23,7	23,17	59,9		28,9	59,9	0,531958264	0,029906574		14/11/2024	S	S	N	N	LIQUIDACION		2	47,4	46,34	119,8
ALMACEN REPARACIONES	FUENSANTA SIGLO XXI S.L.U.	1300	00001 - Muebles	00057 - Asientos	00002 - Sofás	00004 - Sofas	 -	Asientos	6383545	1,34E+12	CONJUNTO 3(206 CM). +2 PLAZAS (176 CM.)DESLIZANTES 1300 TELA OFERTA	TELA OFERTA	0	1	1	0	2	No	504,19	504,19	1016,94				0,400092532	0,400092532			S	N	S	S	VENDER			504,19	504,19	1016,94
ALMACEN REPARACIONES	FUENSANTA SIGLO XXI S.L.U.	ANA	00001 - Muebles	00057 - Asientos	00002 - Sofás	00004 - Sofas	 -	Asientos	6319204-52423	1,34E+12	CONJUNTO 3+2 PLAZAS ANA TELA OFERTA,#ACABADO EN TELA ALBI CRUDO	TELA OFERTA	0	2	1	0	3	No	536,6	530,33	1085,81		979	1085,81	0,409013271	0,344535955	09/03/2026	10/03/2026	S	N	S	S	COLECCION			1073,2	1060,66	2171,62
ALMACEN REPARACIONES	FUENSANTA SIGLO XXI S.L.U.	BERLIN	00001 - Muebles	00057 - Asientos	00002 - Sofás	00008 - Chaise longues	 -	Asientos		1,34E+12	CHAISELONGUE IZDA. 280 BERLIN TELA OFERTA,#ACABADO EN TELA NASERA 2 NEUTRO	TELA OFERTA	0	1	0	0	1	No	504,76	457,08	1018,09				0,456760404	0,456760404	09/02/2026	06/03/2026	S	N	S	S	COLECCION STOCK			504,76	457,08	1018,09
ALMACEN REPARACIONES	FUENSANTA SIGLO XXI S.L.U.	LAURA	00001 - Muebles	00057 - Asientos	00002 - Sofás	00008 - Chaise longues	 -	Asientos	6314524-48144	1,34E+12	CHAISELONGUE IZQUIERDA 280 CM LAURA TELA OFERTA,#ACABADO EN TELA WINE MARENGO	TELA OFERTA	0	1	0	0	1	No	442,32	406,72	899,5				0,452883602	0,452883602	09/03/2026	09/03/2026	S	N	S	S	VENDER	8,43568E+12		442,32	406,72	899,5
ALMACEN REPARACIONES	FUENSANTA SIGLO XXI S.L.U.	LAURA	00001 - Muebles	00057 - Asientos	00002 - Sofás	00008 - Chaise longues	 -	Asientos	6314525-48144	1,34E+12	CHAISELONGUE DERECHA 280 CM LAURA TELA OFERTA,#ACABADO EN TELA WINE MARENGO	TELA OFERTA	0	1	-5	0	-4	No	442,32	423,33	899,5				0,430539967	0,430539967	09/03/2026	17/02/2026	S	N	S	S	VENDER	8,43568E+12		442,32	423,33	899,5
ALMACEN REPARACIONES	FUENSANTA SIGLO XXI S.L.U.	LISBOA	00001 - Muebles	00057 - Asientos	00002 - Sofás	00016 - Sofá 2 plazas	 -	Asientos	6364997	1,34E+12	SOFA 2 PLAZAS 160CM LISBOA TELA OFERTA,#ACABADO EN TELA ALBI PLATA	TELA OFERTA	0	1	0	0	1	No	289,69	289,69	584,31		419	584,31	0,400104568	0,16342506	09/03/2026	16/02/2026	S	N	N	N	BAJA ROTACION		5	289,69	289,69	584,31
ALMACEN REPARACIONES	FUENSANTA SIGLO XXI S.L.U.	MARBELLA	00001 - Muebles	00057 - Asientos	00002 - Sofás	00013 - Sofas cama	 -	Asientos		1,34E+12	SOFA CAMA 3 PLAZAS 200 CM MARBELLA TELA OFERTA,#ACABADO EN TELA FUTUR 24	TELA OFERTA	0	1	1	0	2	No	381,88	373,16	770,25		699	770,25	0,41379604	0,354043491	19/01/2026	11/03/2026	S	N	N	N	LIQUIDACION			381,88	373,16	770,25
ALMACEN REPARACIONES	FUENSANTA SIGLO XXI S.L.U.	NINGUNA	00001 - Muebles	00057 - Asientos	00002 - Sofás	00099 - Acc Asientos	 -	Asientos		1,34E+12	ACCESORIO C INVENTARIABLE	1340INV	0	15	13	0	28	No	0	27,52	0						12/03/2026	22/12/2025	S	N	S	S	VENDER			0	412,8	0
ALMACEN REPARACIONES	FUENSANTA SIGLO XXI S.L.U.	SOFIA	00001 - Muebles	00057 - Asientos	00002 - Sofás	00008 - Chaise longues	 -	Asientos	6334117-51456	1,34E+12	CHAISELONGUE 275 CM DERECHA BRAZO ARCON SOFIA TELA OFERTA,#ACABADO EN TELA FUTUR 16	TELA OFERTA	0	3	2	0	5	No	320,46	302,48	654,14				0,440485523	0,440485523	31/10/2025	16/03/2026	S	N	S	S	VENDER	8,43568E+12		961,38	907,44	1962,42
ALMACEN REPARACIONES	FUENSANTA SIGLO XXI S.L.U.	SOFIA	00001 - Muebles	00057 - Asientos	00002 - Sofás	00008 - Chaise longues	 -	Asientos	6334119-51722	1,34E+12	CHAISELONGUE 275 CM IZQUIERDA BRAZO ARCON SOFIA SERIE OFERTA,#ACABADO EN TELA FUTUR 25	SERIE OFERTA	0	1	1	0	2	No	320,46	300,98	654,14				0,443260158	0,443260158	03/07/2025	27/01/2026	S	N	S	S	VENDER	8,43568E+12		320,46	300,98	654,14
ALMACEN REPARACIONES	FUENSANTA SIGLO XXI S.L.U.	VIENA	00001 - Muebles	00057 - Asientos	00002 - Sofás	00008 - Chaise longues	 -	Asientos	6397126-51049	1,34E+12	CHAISELONGUE 280 CM IZDA. VIENA TELA OFERTA,#ACABADO EN TELA FUTUR 24	TELA OFERTA	0	1	0	0	1	No	391	369,53	789,27				0,433487526	0,433487526	24/09/2025	30/09/2025	S	N	S	S	VENDER	8,43568E+12		391	369,53	789,27
ALMACEN REPARACIONES	FUNAMI INTERNACIONAL,S.L.	NINGUNA	00001 - Muebles	00057 - Asientos	00002 - Sofás	00001 - Sillas	 -	Asientos	6278960-18	7,87001E+11	SILLA EXPLORE MC56-2  855-018210,#ACABADO EN BEIG	855-018210	0	2	2	0	4	No	66,15	65,01	129		65,9	129	0,390216279	-0,193658574	09/03/2021		S	N	S	N	LIQUIDACION	2,00006E+12	2	132,3	130,02	258
ALMACEN REPARACIONES	GESTION INTEGRAL DE ALMACENES S.L	NINGUNA	00002 - Electrodomesticos	00006 - Gran Electrodoméstico	00008 - Calentadores de Agua	00001 - Calentadores	 -	Gran Electrodoméstico	6400621	1,425E+12	TERMO VERTICAL 80L ESSENTIAL ECO HTW HTW-TV-80ESSECO	HTWTV80ESSECO	0	1	0	0	1	No	87,24	87,26	150,74		109	158,83	0,29955818	0,031333945	30/12/2024	15/04/2025	S	N	N	N	LIQUIDACION	8,43548E+12	2	87,24	87,26	150,74
ALMACEN REPARACIONES	GESTION INTEGRAL DE ALMACENES S.L	NINGUNA	00002 - Electrodomesticos	00015 - Climatización	00001 - Climatización	00005 - Calefactores	 -	Climatización		1,425E+12	CALEFACTOR CERAMICO 2000W HTW CAL2000BLACK	CAL2000BLACK	0	1	0	0	1	No	12,18	12,18	22,89				0,356146789	0,356146789	27/01/2026	01/12/2025	S	N	S	N	OFERTA	8,43548E+12		12,18	12,18	22,89
ALMACEN REPARACIONES	GLICERIO CHAVES HORNERO S.L.	KIBUC	0 - SIN FAMILIA	 -	 -	 -	 -	Juvenil		4,05701E+12	ESTANTERIA PARA COLGAR DE 3 HUECOS 100,3 F25	H7418	0	1	0	0	1	No	43,85	41,25	101				0,505816832	0,505816832	16/03/2026	17/02/2026	S	N	S	S	VENDER			43,85	41,25	101
ALMACEN REPARACIONES	GLICERIO CHAVES HORNERO S.L.	KIBUC	00001 - Muebles	00050 - Dormitorios Matrimonio	00001 - Dormitorio	 -	 -	Dormitorios		4,057E+12	ESTANTE ARM RECTOS PARA INTERIOR 41,6 EOS20	MJ3433	0	1	0	0	1	No	7,38	6,99	17				0,502476471	0,502476471	04/03/2026	18/03/2026	S	N	S	S	VENDER			7,38	6,99	17
ALMACEN REPARACIONES	GLICERIO CHAVES HORNERO S.L.	KIBUC	00001 - Muebles	00050 - Dormitorios Matrimonio	00001 - Dormitorio	 -	 -	Dormitorios		4,057E+12	MESITA 3C 454 MATRIMONIO KUBICA 19	MJ4569	0	2	2	0	4	No	99,67	92,87	229				0,50928952	0,50928952	15/10/2025	20/10/2025	S	N	S	S	VENDER			199,34	185,74	458
ALMACEN REPARACIONES	GLICERIO CHAVES HORNERO S.L.	KIBUC	00001 - Muebles	00050 - Dormitorios Matrimonio	00001 - Dormitorio	 -	 -	Dormitorios		4,057E+12	COMODIN 4C+4C 133,8 MATRIMONIO KUBICA 19	MJ4585	0	1	0	0	1	No	270,7	252,24	623				0,510095666	0,510095666	15/10/2025	20/10/2025	S	N	S	S	VENDER			270,7	252,24	623
ALMACEN REPARACIONES	GLICERIO CHAVES HORNERO S.L.	KIBUC	00001 - Muebles	00050 - Dormitorios Matrimonio	00001 - Dormitorio	 -	 -	Dormitorios		4,057E+12	CABEZAL LISO 1450X1150	MJ9711	0	2	1	0	3	No	90,44	83,06	208				0,516814423	0,516814423	23/02/2026	27/01/2026	S	N	S	S	VENDER			180,88	166,12	416
ALMACEN REPARACIONES	GLICERIO CHAVES HORNERO S.L.	KIBUC	00001 - Muebles	00050 - Dormitorios Matrimonio	00001 - Dormitorio	 -	 -	Dormitorios		4,057E+12	CABEZAL CAPRI 1600X1150	MJ9421	0	1	0	0	1	No	159,96	149,05	368				0,50991712	0,50991712	16/03/2026	25/11/2025	S	N	S	S	VENDER			159,96	149,05	368
ALMACEN REPARACIONES	GLICERIO CHAVES HORNERO S.L.	KIBUC	00001 - Muebles	00051 - Camas juveniles	00002 - Modular	00004 - Modulos	 -	Dormitorios Juveniles		4,057E+12	ACCESORIO  C INVENTARIABLE	4057INV	0	5	5	0	10	No	0	11,81	0						16/03/2026	18/03/2026	S	N	S	S	VENDER			0	59,05	0
ALMACEN REPARACIONES	GLICERIO CHAVES HORNERO S.L.	KIBUC	09999 - KIBUC	00004 - Juveniles	 -	 -	 -	Juvenil		4,057E+12	ENC 30 F22 PLANO LARGO 250 ANCHO 70	D6877	0	1	1	0	2	No	79,75	79,75	183				0,472691257	0,472691257	29/12/2025	17/11/2025	S	N	N	N	VENDER			79,75	79,75	183
ALMACEN REPARACIONES	GLICERIO CHAVES HORNERO S.L.	KIBUC	09999 - KIBUC	00004 - Juveniles	 -	 -	 -	Juvenil		4,057E+12	ARCON ZAPATERO LATERAL F22 DE 51X101	D9004	0	1	1	0	2	No	126,5	126,5	291				0,474003436	0,474003436	12/11/2025	17/11/2025	S	N	N	N	VENDER			126,5	126,5	291
ALMACEN REPARACIONES	GLOBAL SOFÁS, S.L.	KIBUC	00001 - Muebles	00057 - Asientos	00002 - Sofás	00008 - Chaise longues	 -	Tapiceria		1,144E+12	ACCESORIO C INVENTARIABLE	1144INV	0	1	1	0	2	No	0	0	0						16/02/2024		S	N	S	S	VENDER			0	0	0
ALMACEN REPARACIONES	GROUPE SEB IBERICA S.A.	KRUPS	00002 - Electrodomesticos	00007 - Pequeño Electrodoméstico	00001 - Cocina	00005 - Cafeteras	 -	Pequeño Electrodoméstico	6351904	98001010020	CAFETERA DOLCE GUSTO KRUPS KP1201SC MINI ME BLANCA Y GRIS	KP1201SCMINIMEBLANCAYGRIS	0	1	0	0	1	No	67,09	47,51	89,1		76,49	86,42	0,354802469	0,248436397	04/02/2025		S	N	N	S	NO COLECCION	2,00006E+12		67,09	47,51	89,1
ALMACEN REPARACIONES	GROUPE SEB IBERICA S.A.	ROWENTA	00002 - Electrodomesticos	00007 - Pequeño Electrodoméstico	00002 - Aseo	00010 - Planchas Pelo	 -	Pequeño Electrodoméstico	6256172	98001000010	PLANCHA DE PELO ROWENTA SF7460F0	SF7460F0	0	1	1	0	2	No	39,51	35,79	61,9		45,45	65,1	0,300389338	0,047174917	03/11/2023		S	S	N	N	LIQUIDACION	3,12104E+12		39,51	35,79	61,9
ALMACEN REPARACIONES	GROUPE SEB IBERICA S.A.	ROWENTA	00002 - Electrodomesticos	00007 - Pequeño Electrodoméstico	00003 - Hogar	00006 - Planchas	 -	Pequeño Electrodoméstico	6303017	98001000017	CENTRO PLANCHADO ROWENTA IS8460	IS8460	0	1	1	0	2	No	143,99	125,66	217,3		159,59	228,58	0,300282559	0,047254841	04/02/2025	15/10/2024	S	N	N	N	LIQUIDACION	3,12104E+12		143,99	125,66	217,3
ALMACEN REPARACIONES	GRUPA FORTE S.A.	NINGUNA	00001 - Muebles	00050 - Dormitorios Matrimonio	00001 - Dormitorio	00003 - Armarios	 -	Dormitorios matrimonio		4,915E+12	ACCESORIO C INVENTARIABLE MOBILIARIO	4915INV	0	3	3	0	6	No	0	0	0						09/03/2026		S	N	S	S	VENDER			0	0	0
ALMACEN REPARACIONES	GRUPO FORMA 5 SL	NINGUNA	00001 - Muebles	00051 - Camas juveniles	00002 - Modular	00003 - Elementos	 -	Dormitorios Juveniles		1,444E+12	ACCESORIO  C INVENTARIABLE	INV1444	0	1	1	0	2	No	0	0	0						19/11/2025		S	N	S	S	VENDER			0	0	0
ALMACEN REPARACIONES	GUANGDONF BAINUO SUPPLI CO.LTD	LARSON	00001 - Muebles	00057 - Asientos	00002 - Sofás	00008 - Chaise longues	 -	Asientos	6348221-52173	1,362E+12	CHAISELONGUE 240X87X83 LARSON,#ACABADO EN TELA MA-1006-13 AZUL CLARO		0	1	1	0	2	No	354,92	354,83	887,99		359	1189	0,516498722	-0,195945125		24/10/2023	S	N	N	N	LIQUIDACION	8,43568E+12	5	354,92	354,83	887,99
ALMACEN REPARACIONES	GUANGDONF BAINUO SUPPLI CO.LTD	OPORTO	00001 - Muebles	00057 - Asientos	00002 - Sofás	00013 - Sofas cama	 -	Asientos	6338738-51261	1,362E+12	SOFA CAMA 168X88X77 OPORTO JH957,#ACABADO EN TELA HE471-16 GRIS	JH957	0	1	1	0	2	No	147,23	137,35	429		179	429	0,612602564	0,071544693		03/05/2025	S	N	N	N	LIQUIDACION	8,43568E+12	3	147,23	137,35	429
ALMACEN REPARACIONES	GUANGDONF BAINUO SUPPLI CO.LTD	SOHO	00001 - Muebles	00057 - Asientos	00002 - Sofás	00013 - Sofas cama	 -	Asientos	6314704-50070	1,362E+12	SOFA CAMA 192X96X89 SOHO JH815,#ACABADO EN TELA MA-1006 VISON	JH815	0	1	1	0	2	No	162,63	125,07	469		129	549	0,677324733	-0,173137209			S	S	N	N	LIQUIDACION		1,89	162,63	125,07	469
ALMACEN REPARACIONES	GUANGDONF BAINUO SUPPLI CO.LTD	TOKIO	00001 - Muebles	00057 - Asientos	00002 - Sofás	00013 - Sofas cama	 -	Asientos	6338737-51259	1,362E+12	SOFA CAMA 206X75X89 TOKIO JH846L,#ACABADO EN TELA HE471-10 GRIS	JH846L	0	1	1	0	2	No	162,84	144,04	349				0,500606304	0,500606304		28/01/2025	S	N	N	N	LIQUIDACION	8,43568E+12	3	162,84	144,04	349
ALMACEN REPARACIONES	HAIER SMART HOME IBERIA S.A	CANDY	00002 - Electrodomesticos	00006 - Gran Electrodoméstico	00002 - Frio	00003 - Combinados	 -	Gran Electrodoméstico	6337626	2,65001E+11	COMBINADO 201X59,5X63 CM A++ NO FROST CANDY CMDNB6204W	CMDNB6204W	0	1	1	0	2	No	269	267,99	463,09		341,42	487,74	0,299773478	0,050237537			S	N	N	N	LIQUIDACION	8,05902E+12		269	267,99	463,09
ALMACEN REPARACIONES	HAIER SMART HOME IBERIA S.A	CANDY	00002 - Electrodomesticos	00006 - Gran Electrodoméstico	00003 - Lavado	00001 - Lavadoras	 -	Gran Electrodoméstico	6342370	2,65001E+11	LAVASECADORA 9+6 KG.1400 RPM AAA CANDY CSOW 4965TWE/1-S	CSOW4965TWE1S	0	1	0	0	1	No	257,21	270,95	504,78		393	493,13	0,350510123	0,165777354			S	N	S	S	OFERTA	8,05902E+12		257,21	270,95	504,78
ALMACEN REPARACIONES	HAIER SMART HOME IBERIA S.A	CANDY	00002 - Electrodomesticos	00006 - Gran Electrodoméstico	00004 - Secado	00001 - Secadoras	 -	Gran Electrodoméstico	6341798	2,65001E+11	SECADORA BOMBA A++ 8KGS WIFI CANDY CSOH8A2TE-S	CSOH8A2TES	0	1	1	0	2	No	281,54	275,97	476,89		351,59	502,27	0,29978884	0,050246878	04/03/2024		S	N	N	N	LIQUIDACION	8,01636E+12		281,54	275,97	476,89
ALMACEN REPARACIONES	HAIER SMART HOME IBERIA S.A	HOOVER	00002 - Electrodomesticos	00006 - Gran Electrodoméstico	00003 - Lavado	00001 - Lavadoras	 -	Gran Electrodoméstico	6355441	2,65001E+11	LAVADORA C/SUPERIOR 8 KG. 1200 RPM  CLASE F HOOVER H3TM 28TACE/1-S	H3TM28TACE1S	0	1	0	0	1	No	304,61	290,56	540,45				0,349472477	0,349472477	20/05/2024	26/03/2024	S	N	N	N	LIQUIDACION	8,05902E+12	0	304,61	290,56	540,45
ALMACEN REPARACIONES	HEBEI JIAZHOU SUPPLY CHAIN MANAGEME	ALHAMBRA	00001 - Muebles	00057 - Asientos	00002 - Sofás	00013 - Sofas cama	 -	Asientos	6400416-54839	1,547E+12	SOFA CAMA 216X81X87 ALHAMBRA QLM-154,#ACABADO EN TELA COMO 5 GRIS CLARO	QLM-154	0	2	2	0	4	No	142,83	143,49	309		199	309	0,438113592	0,127523116	24/08/2023	15/07/2025	S	N	N	N	LIQUIDACION	8,43568E+12	6	285,66	286,98	618
ALMACEN REPARACIONES	HEBEI JIAZHOU SUPPLY CHAIN MANAGEME	DENZO 2	00001 - Muebles	00057 - Asientos	00002 - Sofás	00013 - Sofas cama	 -	Asientos	6401427-54835	1,547E+12	SOFA CAMA 140X89X99 DENZO 2 LLM-93,#ACABADO EN TELA COMO 11 GRIS	LLM-93	0	1	1	0	2	No	150,89	151,11	329				0,444245897	0,444245897	24/03/2025	24/02/2026	S	N	N	N	LIQUIDACION	8,43568E+12	4	150,89	151,11	329
ALMACEN REPARACIONES	HEBEI JIAZHOU SUPPLY CHAIN MANAGEME	DENZO 2	00001 - Muebles	00057 - Asientos	00002 - Sofás	00013 - Sofas cama	 -	Asientos	6401427-54837	1,547E+12	SOFA CAMA 140X89X99 DENZO 2 LLM-93,#ACABADO EN TELA COMO 18 GRIS OSCURO	LLM-93	0	1	0	0	1	No	150,89	150,49	329				0,44652614	0,44652614	15/10/2025	14/01/2026	S	N	N	N	LIQUIDACION	8,43568E+12	4	150,89	150,49	329
ALMACEN REPARACIONES	HEBEI JIAZHOU SUPPLY CHAIN MANAGEME	LUKY	00001 - Muebles	00057 - Asientos	00002 - Sofás	00013 - Sofas cama	 -	Asientos	6401429-54834	1,547E+12	SOFA CAMA 140X85X86 LUKY LLM-74 NIA,#ACABADO EN TELA COMO 27 BEIG	LLM-74 NIA	0	1	1	0	2	No	143,53	143,53	309				0,437956958	0,437956958	07/08/2024	26/03/2025	S	N	N	N	LIQUIDACION	8,43568E+12		143,53	143,53	309
ALMACEN REPARACIONES	HEBEI JIAZHOU SUPPLY CHAIN MANAGEME	MALAGA 2	00001 - Muebles	00057 - Asientos	00002 - Sofás	00013 - Sofas cama	 -	Asientos	6401670	1,547E+12	SOFA CAMA 203X85X84 MALAGA 2 QLM-156,#ACABADO EN UF860 19B GRIS OSCURO	QLM-156	0	4	1	0	5	No	180,55	179,46	389				0,441782519	0,441782519	15/01/2026	12/01/2026	S	N	N	N	LIQUIDACION		5	722,2	717,84	1556
ALMACEN REPARACIONES	HEBEI JIAZHOU SUPPLY CHAIN MANAGEME	MALAGA 2	00001 - Muebles	00057 - Asientos	00002 - Sofás	00013 - Sofas cama	 -	Asientos	6401670-54955	1,547E+12	SOFA CAMA 203X85X84 MALAGA 2 QLM-156,#ACABADO EN TELA BARREL 21 ARENA	QLM-156	0	1	1	0	2	No	142,78	139,36	389				0,566515167	0,566515167	24/09/2024	21/11/2024	S	N	N	N	LIQUIDACION	8,43568E+12		142,78	139,36	389
ALMACEN REPARACIONES	HEBEI JIAZHOU SUPPLY CHAIN MANAGEME	MALAGA 2	00001 - Muebles	00057 - Asientos	00002 - Sofás	00013 - Sofas cama	 -	Asientos		1,547E+12	SOFA CAMA 203X85X84 MALAGA 2 QLM-156,#ACABADO EN TELA UF860 6B VISON	QLM-156	0	1	1	0	2	No	180,55	179,59	389		259	389	0,441378149	0,160988803	27/02/2025	30/10/2025	S	N	N	N	LIQUIDACION		5	180,55	179,59	389
ALMACEN REPARACIONES	HEBEI JIAZHOU SUPPLY CHAIN MANAGEME	VICTOR 2	00001 - Muebles	00057 - Asientos	00002 - Sofás	00013 - Sofas cama	 -	Asientos	6400417-54854	1,547E+12	SOFA CAMA 216X76X83 VICTOR 2 QLM-155,#ACABADO EN TELA COMO 91 ROSA	QLM-155	0	1	1	0	2	No	137,12	137,12	279		159	279	0,405321864	-0,043491824	07/08/2024	07/02/2026	S	N	N	N	LIQUIDACION	8,43568E+12	4	137,12	137,12	279
ALMACEN REPARACIONES	HNOS. CASADO DE LOPERA S.L.	K2	00001 - Muebles	00052 - Salón	00001 - Convencional	00099 - Acc. Salón	 -	Salón	6388891	7,04001E+11	PUERTA LISA 41X73X1,6 K2 PLE4173	PLE4173	0	3	0	0	3	No	18,34	17,68	35,79				0,40226879	0,40226879	19/02/2026	26/02/2026	S	N	S	S	VENDER			55,02	53,04	107,37
ALMACEN REPARACIONES	HNOS. CASADO DE LOPERA S.L.	K2	00001 - Muebles	00052 - Salón	00001 - Convencional	00099 - Acc. Salón	 -	Salón		7,04001E+11	PUERTA ALUMINIO Y CRISTAL FUME 51X147X2 K2 PAE51147	PAE51147	0	2	0	0	2	No	63,49	61,2	123,91				0,40237269	0,40237269	19/02/2026	26/02/2026	S	N	S	S	VENDER			126,98	122,4	247,82
ALMACEN REPARACIONES	HNOS. CASADO DE LOPERA S.L.	MARILYN	00001 - Muebles	00052 - Salón	00002 - Salón comedor	00002 - Elementos	 -	Salón	6245269	7,04001E+11	ZOCALO BLANCO 142X7CM PARA MODULO DE 150CM MARILYN M730B	M730B	0	1	1	0	2	No	21,16	20,06	41,3				0,412285714	0,412285714	16/10/2025	25/10/2025	S	N	S	S	VENDER			21,16	20,06	41,3
ALMACEN REPARACIONES	HNOS. CASADO DE LOPERA S.L.	MARILYN	00001 - Muebles	00052 - Salón	00002 - Salón comedor	00003 - Modulos	 -	Salón		7,04001E+11	MOD.TV R229 MODELO MARILYN DE 100X36 CON 2 CAJONES BAJOS EN LADO IZQDO., 2 ESTANTES LADO DCHO., CON 1 PUERTA SIN ESTANTE	R229	0	1	1	0	2	No	296,31	278,46	578,28				0,41734696	0,41734696	16/10/2025	25/10/2025	S	N	S	S	VENDER			296,31	278,46	578,28
ALMACEN REPARACIONES	HNOS. CASADO DE LOPERA S.L.	NINGUNA	00001 - Muebles	00050 - Dormitorios Matrimonio	00001 - Dormitorio	00099 - Acc. Dormitorios	 -	Dormitorios matrimonio		7,04001E+11	ACCESORIO MOBILIARIO  C INVENTARIABLE	704INV	0	6	6	0	12	No	0	11,36	0						20/02/2026	16/03/2026	S	N	S	S	VENDER			0	68,16	0
ALMACEN REPARACIONES	HNOS. CASADO DE LOPERA S.L.	TEIDE	00001 - Muebles	00050 - Dormitorios Matrimonio	00001 - Dormitorio	00003 - Armarios	00002 - Armario dormitorio puertas correderas	Dormitorios matrimonio		7,04003E+11	ARMARIO 2P CORREDERA 200X240X60 TEIDE HCCHS04	HCCHS04	0	1	0	0	1	No	529,54	500,26	1033,45				0,414277807	0,414277807	13/01/2026	10/02/2026	S	S	S	S	COLECCION STOCK			529,54	500,26	1033,45
ALMACEN REPARACIONES	HNOS. CASADO DE LOPERA S.L.	TEIDE	00001 - Muebles	00052 - Salón	00001 - Convencional	00001 - Librerías	 -	Salón		7,04003E+11	MOD.100X132/40 G.COCO 2/P BLANCO 1/C LISTEL T.BL. TEIDE T18LGCBLTBL- TIRADOR Y PATAS BLANCO	T18LGCBLTBL	0	2	1	0	3	No	189,24	167,25	369,32		229	355,97	0,452040236	0,116277293	16/10/2025	03/03/2026	S	N	N	N	BAJA ROTACION		2	378,48	334,5	738,64
ALMACEN REPARACIONES	HNOS. CASADO DE LOPERA S.L.	TEIDE	00001 - Muebles	00056 - Auxiliares	00002 - Estantes	 -	 -	Dormitorios matrimonio		7,04003E+11	ESTANTE DE 50X25X3 SOPORTES OCULTOS T21 TEIDE	T21	0	1	1	0	2	No	33,2	32	64,79				0,40237691	0,40237691	13/01/2026	21/10/2025	S	N	S	S	VENDER			33,2	32	64,79
ALMACEN REPARACIONES	HOGAR GRANDES CLIENTES, S.L.	NINGUNA	00001 - Muebles	00054 - Menaje	00003 - Servicio de Hogar	00003 - Mesas de Planchar	 -	Menage	1,91001E+11	4,926E+12	TABLA DE PLANCHAR MEDIUM  6137.02	6137.02	0	1	0	0	1	No	21,71	24,49	39,8				0,255454774	0,255454774	09/03/2026	03/03/2026	S	N	S	S	VENDER	8,41296E+12		21,71	24,49	39,8
ALMACEN REPARACIONES	HOGLADIH S.L.	BASIC 2.0	00001 - Muebles	00056 - Auxiliares	00001 - Mueble Auxiliar	00099 - Acc. Auxiliar	 -	Mueble Auxiliar		1,128E+12	JUEGO 4 PATAS AGUJA PVC NEGRA (OPCIONAL) BASIC 2.0  F245497	F245497	0	1	1	0	2	No	12,6	12	25,1				0,421513944	0,421513944	16/12/2025	07/11/2025	S	N	S	S	VENDER			12,6	12	25,1
ALMACEN REPARACIONES	HOGLADIH S.L.	NINGUNA	00001 - Muebles	00053 - Decoración	00002 - Decoracion	00003 - Espejos	 -	Decoración		1,128E+12	ACCESORIO MOBILIARIO  C INVENTARIABLE	1128INV	0	2	1	1	4	No	0	12,96	0						18/02/2026	11/11/2024	S	N	S	S	VENDER			0	25,92	0
ALMACEN REPARACIONES	HOGLADIH S.L.	NINGUNA	00001 - Muebles	00056 - Auxiliares	00001 - Mueble Auxiliar	00017 - Recibidores	 -	Mueble Auxiliar	6400064	1,128E+12	RECIBIDOR+ESPEJO BLANCO ROTO/ALCATRAZ TOSTADO  H713I7+H121500	H713I7+H121500	0	1	0	0	1	No	164,43	160,66	324,45		229	324,45	0,400836493	0,151097817	10/02/2026	17/01/2026	S	N	N	N	BAJA ROTACION			164,43	160,66	324,45
ALMACEN REPARACIONES	HOGLADIH S.L.	NINGUNA	00001 - Muebles	00056 - Auxiliares	00001 - Mueble Auxiliar	00017 - Recibidores	 -	Mueble Auxiliar	6400067	1,128E+12	RECIBIDOR ANTRACITA C/ALCATRAZ BLANCO CON PATA ALT  H11940+H9006N	H11940+H9006N	0	1	1	0	2	No	138,35	138,35	271,95				0,3844328	0,3844328	17/11/2025	18/11/2025	S	N	S	S	VENDER			138,35	138,35	271,95
ALMACEN REPARACIONES	HOGLADIH S.L.	NINGUNA	00001 - Muebles	00056 - Auxiliares	00001 - Mueble Auxiliar	00099 - Acc. Auxiliar	 -	Mueble Auxiliar	6400072	1,128E+12	AUXILIAR H308/O ANTRACITA PATA AGUJA  H308O500+H9005O	H308O500+H9005O	0	1	1	0	2	No	183,71	183,71	366,45				0,393398554	0,393398554	30/09/2025	01/10/2025	S	N	S	S	VENDER			183,71	183,71	366,45
ALMACEN REPARACIONES	HOGLADIH S.L.	NINGUNA	00001 - Muebles	00056 - Auxiliares	00001 - Mueble Auxiliar	00099 - Acc. Auxiliar	 -	Mueble Auxiliar		1,128E+12	PANEL ALMA NEGRA 50.7X96 ESPECIAL		0	1	0	0	1	No	106,6	101,52	208,96				0,412140123	0,412140123	03/04/2025	15/04/2025	S	N	S	S	VENDER			106,6	101,52	208,96
ALMACEN REPARACIONES	I.E.RHOINTER ESPAÑA S.L.	NINGUNA	00001 - Muebles	00054 - Menaje	00001 - Servicio Cocina	00003 - Ollas	 -	Menage	5938175	1,242E+12	OLLA STAR BOMBEADA 6L MAGEFESA 01OPSTABO06(MA-21822)	01OPSTABO06(MA-21822)	0	1	1	0	2	No	44,17	44,18	75,9				0,295681159	0,295681159	22/01/2026	27/12/2025	S	N	S	N	OFERTA	8,42911E+12		44,17	44,18	75,9
ALMACEN REPARACIONES	IMECI S.L.	IMECI	00003 - Cocinas	00002 - Cocina	00002 - Mobiliario	00001 - Mesas	 -	Cocinas		1,85006E+11	MESA CADIZ EXT. LIBRO 90X50 CM ALUMINO CON CAJON TAPA CRISTAL 771/AL,#ACABADO EN GRAFITO	771/AL	0	1	1	0	2	No	131,39	131,39	233,8				0,320008982	0,320008982	15/01/2025	15/01/2025	S	N	S	S	VENDER			131,39	131,39	233,8
ALMACEN REPARACIONES	IMECI S.L.	IMECI	00003 - Cocinas	00002 - Cocina	00002 - Mobiliario	00002 - Sillas	 -	Cocinas	6250093-22	1,85002E+11	SILLA ALUMINIO ASIENTO POLIPIEL IMECI 737,#ACABADO EN BLANCO	737	0	1	1	0	2	No	45,57	45,57	79,9				0,309891114	0,309891114		22/03/2024	S	N	N	N	LIQUIDACION	8,43568E+12		45,57	45,57	79,9
ALMACEN REPARACIONES	IMECI S.L.	IMECI	00003 - Cocinas	00002 - Cocina	00002 - Mobiliario	00002 - Sillas	 -	Cocinas		1,85006E+11	SILLA METALICA 9237 NEGRA 9237/NG ASIENTO/RESPALDO TAPIZADO,#ACABADO EN IMITACION TELA COLOR BEIGE	9237/NG	0	1	1	0	2	No	63,2	63,61	112,46				0,315595767	0,315595767	13/12/2023	22/12/2023	S	N	S	S	VENDER			63,2	63,61	112,46
ALMACEN REPARACIONES	IMECI S.L.	NINGUNA	0 - SIN FAMILIA	 -	 -	 -	 -	Cocinas		1,85006E+11	ACCESORIO C INVENTARIABLE	INV0185	0	9	9	0	18	No	0	5,57	0						03/03/2026	03/03/2026	S	N	S	S	VENDER			0	50,13	0
ALMACEN REPARACIONES	IMECI S.L.	OFERTA	00003 - Cocinas	00002 - Cocina	00002 - Mobiliario	00001 - Mesas	 -	Cocinas	6215745-22	1,85005E+11	MESA 90X50(90X80) EXT.ALUM.T/CRISTAL OFERTA 690/AL,#ACABADO EN BLANCO	690/AL	0	1	1	0	2	No	174,81	174,81	319				0,336927586	0,336927586			S	N	N	N	LIQUIDACION			174,81	174,81	319
ALMACEN REPARACIONES	IMECI S.L.	OFERTA	00003 - Cocinas	00002 - Cocina	00002 - Mobiliario	00002 - Sillas	 -	Cocinas	6269208-22	1,85005E+11	SILLA ASTO.POLIPIEL OFERTA 623 ALUMINIO,#ACABADO EN BLANCO	623 ALUMINIO	0	4	4	0	8	No	38,61	33,77	69,9				0,415426323	0,415426323			S	S	N	N	LIQUIDACION			154,44	135,08	279,6
ALMACEN REPARACIONES	INDUSTRIA GABAR S.L.	NINGUNA	00001 - Muebles	00056 - Auxiliares	00001 - Mueble Auxiliar	00019 - Comodas	 -	Mueble Auxiliar	6350476	1,274E+12	COMODA 1 PUERTA Y 3 CAJONES MADERA DE FRESNO BLANC  10211	10211	0	1	1	0	2	No	198,45	184,76	369				0,394147425	0,394147425	26/05/2025	05/08/2025	S	N	N	N	LIQUIDACION	2,00006E+12		198,45	184,76	369
ALMACEN REPARACIONES	INDUSTRIAS RODRIGO, S.A	KROMA	00001 - Muebles	00051 - Camas juveniles	00002 - Modular	00003 - Elementos	 -	Dormitorios Juveniles	6382327	1,475E+12	ENCIMERA RECTA FONDO 75 - GRUESO 35 MM. - PRECIO M KROMA 607355,#ACABADO EN A ELEGIR	607355	0	1,2	1,2	0	2,4	No	34,58	32,45	68,09				0,423344103	0,423344103	14/02/2025	27/12/2024	S	N	S	S	VENDER			41,496	38,94	81,708
ALMACEN REPARACIONES	INDUSTRIAS RODRIGO, S.A	KROMA	00001 - Muebles	00051 - Camas juveniles	00002 - Modular	00003 - Elementos	 -	Dormitorios Juveniles	6382904	1,475E+12	SOPORTE ORION - PARA ESTANTES GRUESO DE 35 MM.  - KROMA 606082	606082	0	3	3	0	6	No	5,56	5,21	11,61				0,457011197	0,457011197	14/02/2025	19/02/2025	S	N	S	S	VENDER			16,68	15,63	34,83
ALMACEN REPARACIONES	INDUSTRIAS RODRIGO, S.A	NINGUNA	00001 - Muebles	00051 - Camas juveniles	00002 - Modular	00001 - Armarios	 -	Dormitorios Juveniles		1,475E+12	ACCESORIO MOBILIARIO  C INVENTARIABLE	1475INV	0	6	6	0	12	No	0	51,97	0						14/02/2025	20/12/2024	S	N	N	N	BAJA ROTACION		1	0	311,82	0
ALMACEN REPARACIONES	INFINITON WORLD ELECTRONIC S.L.	CHS	00002 - Electrodomesticos	00015 - Climatización	00001 - Climatización	00001 - Acondicionadores	 -	Climatización	6394567	1,361E+12	AIRE ACONDICIONADO SPLIT INVERTER 3000FR.A+++WIFI CHS SP12A3-CHS	SP12A3CHS	0	1	1	0	2	No	290	290	565,51		369	565,79	0,379498152	0,049051491	23/08/2023	29/08/2025	S	N	N	N	LIQUIDACION	8,44564E+12	10	290	290	565,51
ALMACEN REPARACIONES	INFINITON WORLD ELECTRONIC S.L.	INFINITON	00002 - Electrodomesticos	00006 - Gran Electrodoméstico	00001 - Coccion	00001 - Cocinas	 -	Gran Electrodoméstico	6374971	1,361E+12	COCINA DE GAS 3 FUEGOS CON HORNO INFINITON CC57TAC	CC57TAC	0	1	1	0	2	No	162	162,16	315		289	320,79	0,377099683	0,321060208	09/03/2026	09/03/2026	S	N	S	S	COLECCION	8,44564E+12		162	162,16	315
ALMACEN REPARACIONES	INFINITON WORLD ELECTRONIC S.L.	INFINITON	00002 - Electrodomesticos	00006 - Gran Electrodoméstico	00002 - Frio	00002 - Congeladores	 -	Gran Electrodoméstico		1,361E+12	CONGELADOR HORIZONTAL 199 LITROS DUAL CLASE E INFINITON CH20H86WEH	CH20H86WEH	0	1	0	0	1	No	145	145,8	288,77		219	288,77	0,389070887	0,194438356	16/02/2026	12/02/2026	S	N	S	S	COLECCION	8,44564E+12		145	145,8	288,77
ALMACEN REPARACIONES	INFINITON WORLD ELECTRONIC S.L.	INFINITON	00002 - Electrodomesticos	00006 - Gran Electrodoméstico	00003 - Lavado	00002 - Lavavajillas	 -	Gran Electrodoméstico	6333803	1,361E+12	LAVAVAJILLAS 45 A++ INOX. INFINITON DIW4513X	DIW4513X	0	1	0	0	1	No	220	221,28	428,49		349	387,39	0,375134075	0,232811461	12/03/2026	10/03/2026	S	N	S	S	COLECCION	8,43655E+12	0	220	221,28	428,49
ALMACEN REPARACIONES	INFINITON WORLD ELECTRONIC S.L.	INFINITON	00002 - Electrodomesticos	00007 - Pequeño Electrodoméstico	00001 - Cocina	00028 - Cocinas portátiles	 -	Pequeño Electrodoméstico	6352933	1,361E+12	HORNILLO SOBREMESA EXTERIOR 2F INFINITON 092022 GGPW2	GGPW2	0	1	0	0	1	No	22	22	37,2		34,9	40,02	0,284408602	0,237249284	09/03/2026	07/03/2026	S	N	S	S	COLECCION	8,43655E+12		22	22	37,2
ALMACEN REPARACIONES	INFINITON WORLD ELECTRONIC S.L.	INFINITON	00002 - Electrodomesticos	00011 - Electrónica de consumo	00032 - Hardware Domestico	00004 - Mandos	 -	Electrónica de consumo	6344897	1,361E+12	AIR MOUSE MD UNIVERSAL SAMSUNG+LG INFINITON RC-A9	RCA9	0	1	0	0	1	No	14,9	14,91	25,75		19,08	25,75	0,299374757	0,054449686	07/06/2021	18/09/2023	S	S	N	N	LIQUIDACION		2	14,9	14,91	25,75
ALMACEN REPARACIONES	INFINITON WORLD ELECTRONIC S.L.	INFINITON	00002 - Electrodomesticos	00011 - Electrónica de consumo	00050 - Movilidad urbana	00099 - Acc. Movilidad Urbana	 -	Electrónica de consumo	6309463	1,361E+12	ACCESORIO KART NEGRO INFINITON INROLLER KART 2.0	INROLLERKART2.0	0	1	1	0	2	No	29,9	21,6	37,3				0,299302949	0,299302949	21/01/2020		S	S	N	N	LIQUIDACION	8,43655E+12		29,9	21,6	37,3
ALMACEN REPARACIONES	INFINITON WORLD ELECTRONIC S.L.	INFINITON	00002 - Electrodomesticos	00015 - Climatización	00001 - Climatización	00001 - Acondicionadores	 -	Climatización	6350548	1,361E+12	SPLIT INVERTER 3000 FR.A++24DB INFINITON SPLIT3724	SPLIT3724	0	1	1	0	2	No	222,13	222,32	433,52		283,01	433,75	0,379481454	0,04947811	22/11/2023	28/01/2025	S	S	N	N	LIQUIDACION	8,43655E+12		222,13	222,32	433,52
ALMACEN REPARACIONES	INFINITON WORLD ELECTRONIC S.L.	INFINITON	00002 - Electrodomesticos	00015 - Climatización	00001 - Climatización	00001 - Acondicionadores	 -	Climatización		1,361E+12	AIRE ACONDICIONADO PORTATIL 3500FR.BOMBA CALOR A+ WIFI NEGRO INFINITON PAC-WL30A2BK	PACWL30A2BK	0	2	1	0	3	No	250	250	487,5		318,25	487,75	0,379487179	0,049489395	23/07/2025	01/08/2025	S	N	N	N	LIQUIDACION	8,44564E+12	0	500	500	975
ALMACEN REPARACIONES	INFINITON WORLD ELECTRONIC S.L.	INFINITON	00002 - Electrodomesticos	00015 - Climatización	00001 - Climatización	00001 - Acondicionadores	 -	Climatización		1,361E+12	AIRE ACONDICIONADO SPLIT 2210 FR.A++ R32 INFINITON SPTMF09A2	SPTMF09A2	0	1	-3	0	-2	No	219	220,12	429,24		313	347,43	0,379495853	0,149056869	24/06/2025	11/03/2026	S	N	S	N	OFERTA	8,44564E+12	0	219	220,12	429,24
ALMACEN REPARACIONES	INFINITON WORLD ELECTRONIC S.L.	INFINITON	00002 - Electrodomesticos	00015 - Climatización	00001 - Climatización	00002 - Estufas	 -	Climatización	6367030	1,361E+12	ESTUFA INFINITON DE CUARZO HQP-R82 VERTICAL 091819	91819	0	1	1	0	2	No	11,9	11,9	22,13		19,72	23,22	0,349344781	0,269827586	31/12/2025	15/12/2025	S	N	S	S	VENDER	8,43655E+12		11,9	11,9	22,13
ALMACEN REPARACIONES	INFINITON WORLD ELECTRONIC S.L.	INFINITON	00002 - Electrodomesticos	00015 - Climatización	00001 - Climatización	00004 - Radiadores	 -	Climatización	6297370	1,361E+12	RADIADOR 2000W INFINITON HOR2000	HOR2000	0	2	0	0	2	No	40,5	39,66	68,2		50,49	77,38	0,296354839	0,049542484	08/11/2024	17/12/2025	S	N	N	N	LIQUIDACION	8,43655E+12		81	79,32	136,4
ALMACEN REPARACIONES	INFINITON WORLD ELECTRONIC S.L.	INFINITON	00002 - Electrodomesticos	00015 - Climatización	00001 - Climatización	00009 - Ventiladores	 -	Climatización	6350560	1,361E+12	VENTILADOR DE TORRE INFINITON TN-29AW	TN29AW	0	3	3	0	6	No	18,9	18,9	35,54		30,43	36,87	0,356527856	0,248471903	24/01/2024	11/07/2025	S	S	S	N	OFERTA	8,43655E+12		56,7	56,7	106,62
ALMACEN REPARACIONES	ISOGONA,S.L.	BRA	00001 - Muebles	00054 - Menaje	00001 - Servicio Cocina	00002 - Cacerolas y Cazos	 -	Menage	5998946	4,99001E+11	CACEROLA ALTA 20 EFFICIENT BRA A270320	A270320	0	1	0	0	1	No	25,75	24,96	47,9				0,36948643	0,36948643	26/02/2026	20/01/2026	S	N	S	N	VENDER	8,4118E+12		25,75	24,96	47,9
ALMACEN REPARACIONES	ISOGONA,S.L.	BRA	00001 - Muebles	00054 - Menaje	00001 - Servicio Cocina	00002 - Cacerolas y Cazos	 -	Menage	6186077	4,99001E+11	CACEROLA ALTA 24 EFFICIENT BRA A270324	A270324	0	1	0	0	1	No	31,1	30,61	57,9				0,360309154	0,360309154	27/02/2026	10/11/2025	S	N	S	N	VENDER	8,4118E+12		31,1	30,61	57,9
ALMACEN REPARACIONES	ISOGONA,S.L.	BRA	00001 - Muebles	00054 - Menaje	00001 - Servicio Cocina	00002 - Cacerolas y Cazos	 -	Menage		4,99001E+11	CAZO MASTER 16CM BRA  A453853	A453853	0	1	0	0	1	No	7,67	7,56	14,9				0,386067114	0,386067114	06/03/2026	11/03/2026	S	N	S	S	VENDER	8,4118E+12		7,67	7,56	14,9
ALMACEN REPARACIONES	ISOGONA,S.L.	BRA	00001 - Muebles	00054 - Menaje	00001 - Servicio Cocina	00003 - Ollas	 -	Menage	6235546	4,99001E+11	OLLA RAPIDA TEKNA 6L BRA A185602	A185602	0	2	-1	0	1	No	49,11	45,9	90,9		69,9	90,9	0,389009901	0,205450644	19/05/2025	10/03/2026	S	N	N	N	LIQUIDACION	8,4118E+12		98,22	91,8	181,8
ALMACEN REPARACIONES	ISOGONA,S.L.	BRA	00001 - Muebles	00054 - Menaje	00001 - Servicio Cocina	00003 - Ollas	 -	Menage		4,99001E+11	OLLA A PRESION 7 L EMOTION A180203	A180203	0	1	0	0	1	No	47,18	45,38	86,48				0,365057817	0,365057817	27/02/2026	11/03/2026	S	N	S	S	VENDER	8,4118E+12		47,18	45,38	86,48
ALMACEN REPARACIONES	ISOGONA,S.L.	BRA	00001 - Muebles	00054 - Menaje	00001 - Servicio Cocina	00004 - Sartenes y Paelleras	 -	Menage	6271332	4,99001E+11	SARTEN EFFICIENT PLUS 18CM BRA A431218	A431218	0	1	0	0	1	No	13,62	13,19	24,9				0,359040161	0,359040161	16/01/2026	20/01/2026	S	N	S	N	VENDER	8,4118E+12		13,62	13,19	24,9
ALMACEN REPARACIONES	ISOGONA,S.L.	BRA	00001 - Muebles	00054 - Menaje	00001 - Servicio Cocina	00004 - Sartenes y Paelleras	 -	Menage	6271334	4,99001E+11	SARTEN EFFICIENT PLUS 22CM BRA A431222	A431222	0	1	0	0	1	No	15,61	15,4	28,89				0,355001731	0,355001731	05/03/2026	04/03/2026	S	N	S	N	VENDER	8,4118E+12		15,61	15,4	28,89
ALMACEN REPARACIONES	ISOGONA,S.L.	BRA	00001 - Muebles	00054 - Menaje	00001 - Servicio Cocina	00004 - Sartenes y Paelleras	 -	Menage	6271337	4,99001E+11	SARTEN EFFICIENT PLUS 28CM BRA A431228	A431228	0	2	0	0	2	No	20,11	19,95	36,91				0,345990247	0,345990247	27/02/2026	14/03/2026	S	N	S	N	VENDER	8,4118E+12		40,22	39,9	73,82
ALMACEN REPARACIONES	ISOGONA,S.L.	BRA	00001 - Muebles	00054 - Menaje	00001 - Servicio Cocina	00004 - Sartenes y Paelleras	 -	Menage	6271338	4,99001E+11	SARTEN EFFICIENT PLUS 30CM BRA A431230	A431230	0	1	0	0	1	No	25,31	24,73	46,9				0,361976546	0,361976546	05/03/2026	18/02/2026	S	N	S	N	VENDER	8,4118E+12		25,31	24,73	46,9
ALMACEN REPARACIONES	ISOGONA,S.L.	BRA	00001 - Muebles	00054 - Menaje	00001 - Servicio Cocina	00008 - Cafeteras	 -	Menage		4,99001E+11	CAFETERA FLAVOUR 4 TAZAS BRA  A170590	A170590	0	1	0	0	1	No	17,94	17,82	32,9				0,344613982	0,344613982	26/02/2026	13/03/2026	S	N	S	S	VENDER	8,4118E+12		17,94	17,82	32,9
ALMACEN REPARACIONES	ISOGONA,S.L.	BRA	00001 - Muebles	00054 - Menaje	00001 - Servicio Cocina	00008 - Cafeteras	 -	Menage		4,99001E+11	CAFETERA FLAVOUR 10 TAZAS BRA  A170592	A170592	0	2	0	0	2	No	25,07	24,88	45,9				0,344122004	0,344122004	10/12/2025	11/03/2026	S	N	S	S	VENDER	8,4118E+12		50,14	49,76	91,8
ALMACEN REPARACIONES	ISOGONA,S.L.	MONIX	00001 - Muebles	00054 - Menaje	00001 - Servicio Cocina	00003 - Ollas	 -	Menage	6186063	4,99001E+11	OLLA PRESION CLASSICA 8L MONIX M530003	M530003	0	2	0	0	2	No	41,15	42,43	75,43				0,319364974	0,319364974	14/11/2025	07/03/2026	S	N	S	S	VENDER	8,43509E+12		82,3	84,86	150,86
ALMACEN REPARACIONES	ISOGONA,S.L.	MONIX	00001 - Muebles	00054 - Menaje	00001 - Servicio Cocina	00003 - Ollas	 -	Menage		4,99001E+11	OLLA A PRESIÓN PLANET 6L M830006	M830006	0	1	0	0	1	No	25	24,42	45,82				0,3551244	0,3551244	16/01/2026	09/02/2026	S	N	S	S	VENDER	8,43509E+12		25	24,42	45,82
ALMACEN REPARACIONES	ISOGONA,S.L.	MONIX	00001 - Muebles	00054 - Menaje	00001 - Servicio Cocina	00008 - Cafeteras	 -	Menage		4,99001E+11	CAFETERA INDUCTION NOIR 6 TAZAS MONIX M862006	M862006	0	1	0	0	1	No	8,64	8,47	15,9				0,355427673	0,355427673	06/03/2026	07/03/2026	S	N	S	S	VENDER	8,43509E+12		8,64	8,47	15,9
ALMACEN REPARACIONES	ISOGONA,S.L.	NINGUNA	00001 - Muebles	00054 - Menaje	00001 - Servicio Cocina	00003 - Ollas	 -	Menage	6186061	4,99001E+11	OLLA PRESION CLASSICA 4L MONIX M530001	M530001	0	1	0	0	1	No	34,27	34,37	62,81				0,337880911	0,337880911	26/01/2026	10/01/2026	S	N	S	S	VENDER	8,43509E+12		34,27	34,37	62,81
ALMACEN REPARACIONES	ISOGONA,S.L.	NINGUNA	00001 - Muebles	00054 - Menaje	00001 - Servicio Cocina	00003 - Ollas	 -	Menage	6401651	4,99001E+11	OLLA A PRESION 7L PRESTO  M911003	M911003	0	1	0	0	1	No	31,4	31,19	57,9		42,9	57,9	0,348188256	0,120282051	08/01/2026	02/02/2026	S	N	S	S	VENDER	8,43509E+12		31,4	31,19	57,9
ALMACEN REPARACIONES	ISOGONA,S.L.	NINGUNA	00001 - Muebles	00054 - Menaje	00001 - Servicio Cocina	00004 - Sartenes y Paelleras	 -	Menage	6330184	4,99001E+11	SARTEN FOODIE 26 CM  A491226	A491226	0	1	0	0	1	No	13,05	12,92	23,9				0,345891213	0,345891213	06/03/2026	27/02/2026	S	N	S	N	VENDER	8,4118E+12		13,05	12,92	23,9
ALMACEN REPARACIONES	ISOGONA,S.L.	NINGUNA	00001 - Muebles	00054 - Menaje	00001 - Servicio Cocina	00004 - Sartenes y Paelleras	 -	Menage		4,99001E+11	LOTE SARTENES HNOS TORRES 18-22-26 MONIX M240000	M240000	0	1	0	0	1	No	19	18,76	34,83				0,348274476	0,348274476	27/02/2026	17/03/2026	S	N	S	S	VENDER	8,43509E+12		19	18,76	34,83
ALMACEN REPARACIONES	ISOGONA,S.L.	NINGUNA	00001 - Muebles	00054 - Menaje	00001 - Servicio Cocina	00008 - Cafeteras	 -	Menage	6173034	4,99001E+11	CAFETERA COBALTO 6 T. MONIX M301706	M301706	0	1	0	0	1	No	6,75	6,73	12,9				0,368736434	0,368736434	16/01/2026	02/12/2025	S	N	S	S	VENDER	8,43509E+12		6,75	6,73	12,9
ALMACEN REPARACIONES	ISOGONA,S.L.	NINGUNA	00001 - Muebles	00054 - Menaje	00001 - Servicio Cocina	00008 - Cafeteras	 -	Menage	6235544	4,99001E+11	CAFETERA ACERO AROMA 10T. MONIX M770010	M770010	0	1	0	0	1	No	20,79	20,71	38,9				0,355807198	0,355807198	27/02/2026	27/02/2026	S	N	S	S	VENDER	8,43509E+12		20,79	20,71	38,9
ALMACEN REPARACIONES	ISOGONA,S.L.	NINGUNA	00001 - Muebles	00054 - Menaje	00002 - Servicio de Mesa	00007 - Utensilios de Mesa	 -	Menage	6363975	4,99001E+11	VINAGRERAS 4 PZS  A021205	A021205	0	1	0	0	1	No	27,55	25,02	50,9				0,405222004	0,405222004	17/11/2025	25/02/2026	S	N	S	S	VENDER	8,4118E+12		27,55	25,02	50,9
ALMACEN REPARACIONES	ITEM INTERNACIONAL S.A.	NINGUNA	00001 - Muebles	00054 - Menaje	00004 - Servicios Camping	00001 - Neveras	 -	Terraza y Jardín	6369125	8,60001E+11	NEVERA ACERO PP 74X43X80 56 L RUEDAS ROJO  MB-192515	MB-192515	0	1	1	0	2	No	99,98	84,98	179,96				0,428618582	0,428618582	22/04/2025	31/12/2025	S	N	N	N	LIQUIDACION	8,424E+12		99,98	84,98	179,96
ALMACEN REPARACIONES	ITEM INTERNACIONAL S.A.	NINGUNA	00001 - Muebles	00056 - Auxiliares	00001 - Mueble Auxiliar	00006 - Mesas	 -	Mueble Auxiliar	6386285	8,60001E+11	MESA CAFE SET 2 ACERO MDF 110X48X45 BLANCO  MB-199664	MB-199664	0	1	0	0	1	No	110	110	215,21				0,381534315	0,381534315	09/07/2025	09/07/2025	S	N	S	N	DROPSHIPPING 2	8,424E+12		110	110	215,21
ALMACEN REPARACIONES	ITEM INTERNACIONAL S.A.	NINGUNA	00001 - Muebles	00058 - Terraza y Jardín	00001 - Terraza y Jardin	00002 - Conjuntos	 -	Terraza y Jardín	6394595	8,60001E+11	MESA SET 4 RATAN SINTETICO POLIESTER 124X72X75  MB-200896	MB-200896	0	1	0	0	1	No	155,97	254,98	269,39		309	519	-0,145275623	0,001534628		19/01/2026	S	N	N	N	LIQUIDACION	8,43568E+12	3,49	155,97	254,98	269,39
ALMACEN REPARACIONES	ITEM INTERNACIONAL S.A.	NINGUNA	00001 - Muebles	00058 - Terraza y Jardín	00001 - Terraza y Jardin	00004 - Parasoles	 -	Terraza y Jardín		8,60001E+11	PARASOL ACERO 350X290X250 180 GSM. ARTICULADO + BASE PARASOL MB-218327 + MB-218378	MB-218327 + MB-218378	0	2	2	0	4	No	135,52	115,19	229		159	229	0,391354148	0,123396855	26/03/2025	28/10/2025	S	N	N	N	LIQUIDACION	8,424E+12	3	271,04	230,38	458
ALMACEN REPARACIONES	ITEM INTERNACIONAL S.A.	NINGUNA	00001 - Muebles	00058 - Terraza y Jardín	00001 - Terraza y Jardin	00004 - Parasoles	 -	Terraza y Jardín		8,60001E+11	PARASOL ACERO 350X290X250 180 GSM. ARTICULADO	MB-218327	0	1	1	0	2	No	76,48	76,48	129,24		159	229	0,283961622	0,41798239			S	N	N	N	LIQUIDACION	8,424E+12	3	76,48	76,48	129,24
ALMACEN REPARACIONES	IXIA REGAL, S.A.	NINGUNA	00001 - Muebles	00052 - Salón	00002 - Salón comedor	00101 - Mesas de centro	 -	Mueble Auxiliar		7,84001E+11	MESA CENTRO NATURAL MADERA DE MANGO 120 X 60 X 40 CM    612706	612706	0	1	1	0	2	No	256,5	252,66	509				0,399374067	0,399374067	25/06/2025	14/04/2025	S	N	S	N	DROPSHIPPING 2	8,44515E+12		256,5	252,66	509
ALMACEN REPARACIONES	IXIA REGAL, S.A.	NINGUNA	00001 - Muebles	00053 - Decoración	00002 - Decoracion	00001 - Decoracion	 -	Decoración		7,84001E+11	ACCESORIO MOBILIARIO  C INVENTARIABLE	784INV	0	3	3	0	6	No	0	0	0						16/03/2026		S	N	S	S	VENDER			0	0	0
ALMACEN REPARACIONES	IXIA REGAL, S.A.	NINGUNA	00001 - Muebles	00053 - Decoración	00002 - Decoracion	00003 - Espejos	 -	Decoración	6336199	7,84001E+11	ESPEJO VENTANA METAL-CRISTAL DECORACION 90 X 3 X 1  153404	153404	0	4	0	0	4	No	71,95	77,28	131,89				0,291009174	0,291009174	11/03/2026	27/02/2026	S	N	S	N	DROPSHIPPING 2	8,42435E+12		287,8	309,12	527,56
ALMACEN REPARACIONES	IXIA REGAL, S.A.	NINGUNA	00001 - Muebles	00053 - Decoración	00002 - Decoracion	00003 - Espejos	 -	Decoración	6350268	7,84001E+11	ESPEJO VENTANA METAL-CRISTAL DECORACION 90 X 3 X 1  153405	153405	0	3	0	0	3	No	112,5	124,86	206,21				0,26734591	0,26734591	27/02/2026	27/02/2026	S	N	S	N	DROPSHIPPING 2	8,42435E+12		337,5	374,58	618,63
ALMACEN REPARACIONES	IXIA REGAL, S.A.	NINGUNA	00001 - Muebles	00053 - Decoración	00002 - Decoracion	00003 - Espejos	 -	Decoración	6355586	7,84001E+11	ESPEJO VENTANA ORO METAL-CRISTAL 90 X 3 X 180 CM  600433	600433	0	1	0	0	1	No	121,5	145,04	237,44				0,260872642	0,260872642	25/06/2025	02/02/2026	S	N	N	N	LIQUIDACION			121,5	145,04	237,44
ALMACEN REPARACIONES	IXIA REGAL, S.A.	NINGUNA	00001 - Muebles	00056 - Auxiliares	00001 - Mueble Auxiliar	00006 - Mesas	 -	Mueble Auxiliar		7,84001E+11	ESCRITORIO TRANSPARENTE CRISTAL MODERNO 110 X 55 X 76 CM  605761	605761	0	1	1	0	2	No	85,75	52,26	169,04				0,625919309	0,625919309	26/11/2025	15/12/2025	S	N	S	N	DROPSHIPPING 2	8,44515E+12		85,75	52,26	169,04
ALMACEN REPARACIONES	IXIA REGAL, S.A.	NINGUNA	00001 - Muebles	00056 - Auxiliares	00001 - Mueble Auxiliar	00006 - Mesas	 -	Mueble Auxiliar		7,84001E+11	MESA CENTRO NATURAL MADERA DE MANGO 121 X 61 X 60,50 CM.  615873	615873	0	1	0	0	1	No	211,5	200,93	412,76				0,410976597	0,410976597	15/12/2025	14/03/2026	S	N	S	S	VENDER	8,44515E+12		211,5	200,93	412,76
ALMACEN REPARACIONES	IXIA REGAL, S.A.	NINGUNA	00001 - Muebles	00056 - Auxiliares	00001 - Mueble Auxiliar	00008 - Tocador	 -	Mueble Auxiliar	6343164	7,84001E+11	TOCADOR NATURAL-BLANCO MADERA ESPEJO 80X40X129  601199	601199	0	1	1	0	2	No	135	135	269				0,392750929	0,392750929	18/02/2022		S	S	S	S	VENDER	8,44515E+12		135	135	269
ALMACEN REPARACIONES	IXIA REGAL, S.A.	NINGUNA	00001 - Muebles	00056 - Auxiliares	00001 - Mueble Auxiliar	00018 - Consolas	 -	Mueble Auxiliar		7,84001E+11	CONSOLA NATURAL DM-MADERA 115 X 37 X 80 CM  611305	611305	0	1	0	0	1	No	100,13	98,88	199				0,398769849	0,398769849	16/12/2024	21/08/2025	S	N	S	N	DROPSHIPPING 2	8,44515E+12		100,13	98,88	199
ALMACEN REPARACIONES	IXIA REGAL, S.A.	NINGUNA	00001 - Muebles	00057 - Asientos	00002 - Sofás	00001 - Sillas	 -	Asientos		7,84001E+11	SILLA AMARILLO PP-METAL CONTRACT 51 X 46 X 80 CM 615537	615537	0	1	1	0	2	No	29,65	29,19	59,81				0,409464972	0,409464972	13/02/2026	23/01/2026	S	N	S	N	DROPSHIPPING 2	8,44515E+12		29,65	29,19	59,81
ALMACEN REPARACIONES	IXIA REGAL, S.A.	NINGUNA	00001 - Muebles	00057 - Asientos	00002 - Sofás	00005 - Taburetes	 -	Asientos		7,84001E+11	TABURETE TAUPE TEJIDO-METAL SALÓN 45,50 X 45 X 105,50 CM	609575	0	1	1	0	2	No	32,62	31,96	65,9				0,413177542	0,413177542	02/07/2025	08/07/2025	S	N	S	N	DROPSHIPPING 2	8,44515E+12		32,62	31,96	65,9
ALMACEN REPARACIONES	IXIA REGAL, S.A.	NINGUNA	00001 - Muebles	00057 - Asientos	00002 - Sofás	00005 - Taburetes	 -	Asientos		7,84001E+11	TABURETE CREMA TEJIDO-METAL SALON 45 X 55 X 92 CM    611010	611010	0	2	1	0	3	No	38,48	37,46	77,9				0,418143774	0,418143774	10/04/2025	04/11/2025	S	N	N	N	LIQUIDACION	8,44515E+12		76,96	74,92	155,8
ALMACEN REPARACIONES	IXIA REGAL, S.A.	NINGUNA	00001 - Muebles	00057 - Asientos	00002 - Sofás	00005 - Taburetes	 -	Asientos		7,84001E+11	TABURETE CREMA TEJIDO-METAL SALON 50 X 55 X 95 CM    611013	611013	0	3	3	0	6	No	51,08	48,53	109				0,461272477	0,461272477	10/04/2025	28/08/2024	S	N	N	N	LIQUIDACION	8,44515E+12		153,24	145,59	327
ALMACEN REPARACIONES	JANCOR NEGOCIOS S.L.	20 3	00001 - Muebles	00057 - Asientos	00002 - Sofás	00001 - Sillas	 -	Asientos		4,596E+12	SILLA COCINA TAPIZADO BLANCO 20 3 MBXSIL0000013	MBXSIL0000013	0	13	10	0	23	No	10,5	38,33	23,9				-0,940556485	-0,940556485	03/03/2026	17/03/2026	S	N	S	N	IMPORTACION			136,5	498,29	310,7
ALMACEN REPARACIONES	JANCOR NEGOCIOS S.L.	BAHAMAS	00001 - Muebles	00057 - Asientos	00002 - Sofás	00002 - Butacas	 -	Asientos		4,596E+12	SILLON RELAX ELECTRICO BAHAMAS HD-1858,#ACABADO EN WIND 90 GRIS	HD-1858	0	1	0	0	1	No	131	131,1	289				0,451103806	0,451103806	03/03/2026	17/03/2026	S	N	S	N	IMPORTACION			131	131,1	289
ALMACEN REPARACIONES	JANCOR NEGOCIOS S.L.	BORA BORA	00001 - Muebles	00058 - Terraza y Jardín	00001 - Terraza y Jardin	00002 - Conjuntos	 -	Terraza y Jardín		4,596E+12	SET JARDIN BORA BORA JH-003 (MESA ALTA + SOFA 3 PLAZAS + 2 SILLONES+BANQUETA) COLOR GRIS	JH-003	0	1	1	0	2	No	425	425	869		579	869	0,408227848	0,111830743	21/04/2025	11/03/2026	S	N	S	N	IMPORTACION		6	425	425	869
ALMACEN REPARACIONES	JANCOR NEGOCIOS S.L.	BORA BORA	00001 - Muebles	00058 - Terraza y Jardín	00001 - Terraza y Jardin	00002 - Conjuntos	 -	Terraza y Jardín		4,596E+12	SET JARDIN BORA BORA JH-003 (MESA ALTA + SOFA 3 PLAZAS + 2 SILLONES+BANQUETA) COLOR BLANCO	JH-003	0	1	0	0	1	No	425	425	869		579	869	0,408227848	0,111830743	21/04/2025	18/03/2026	S	N	S	N	IMPORTACION		6	425	425	869
ALMACEN REPARACIONES	JANCOR NEGOCIOS S.L.	CARIBE	00001 - Muebles	00057 - Asientos	00002 - Sofás	00002 - Butacas	 -	Asientos		4,596E+12	SILLON RELAX MANUAL CARIBE HS 8001,#ACABADO EN WIND 05 BEIG	HS 8001	0	2	-1	0	1	No	114,41	109,61	249				0,467357028	0,467357028	05/01/2026	19/02/2026	S	N	S	N	IMPORTACION			228,82	219,22	498
ALMACEN REPARACIONES	JANCOR NEGOCIOS S.L.	CONTOI	00001 - Muebles	00058 - Terraza y Jardín	00001 - Terraza y Jardin	00002 - Conjuntos	 -	Terraza y Jardín		4,596E+12	SET JARDIN CONTOI JH-023 (MESA ALTA + RINCONERA 3+2 PLAZAS + 3 PUF)	JH-023	0	3	2	0	5	No	354,5	354,5	719		479	719	0,403414465	0,104498956	11/12/2025	28/10/2025	S	N	S	N	IMPORTACION		5	1063,5	1063,5	2157
ALMACEN REPARACIONES	JANCOR NEGOCIOS S.L.	CUBA	00001 - Muebles	00058 - Terraza y Jardín	00001 - Terraza y Jardin	00002 - Conjuntos	 -	Terraza y Jardín		4,596E+12	SET JARDIN 4 PIEZAS CUBA JH-193 (SOFA 3 PLAZAS + 2 SILLONES + MESA BAJA) COLOR GRIS	JH-193	0	1	1	0	2	No	189,5	189,5	389		259	389	0,410552699	0,11469112	24/04/2025	14/06/2025	S	N	S	N	IMPORTACION		3	189,5	189,5	389
ALMACEN REPARACIONES	JANCOR NEGOCIOS S.L.	EDGAR 2	00001 - Muebles	00057 - Asientos	00002 - Sofás	00002 - Butacas	 -	Asientos		4,596E+12	SILLON RELAX MANUAL EDGAR 2 HS8002 TELA FL08-5 GRIS	HS8002	0	1	1	0	2	No	111,86	111,86	229				0,408949345	0,408949345	02/12/2025	27/02/2026	S	N	N	N	LIQUIDACION			111,86	111,86	229
ALMACEN REPARACIONES	JANCOR NEGOCIOS S.L.	EDGAR 2	00001 - Muebles	00057 - Asientos	00002 - Sofás	00004 - Sofas	 -	Asientos		4,596E+12	SOFA 2 PL.C/2 RELAX MANUAL EDGAR 2 HS8002 TELA FL08-5 GRIS	HS8002	0	1	0	0	1	No	171,88	171,88	349				0,404083668	0,404083668	08/07/2025	06/08/2025	S	N	N	N	LIQUIDACION			171,88	171,88	349
ALMACEN REPARACIONES	JANCOR NEGOCIOS S.L.	ERIC	00001 - Muebles	00057 - Asientos	00002 - Sofás	00002 - Butacas	 -	Asientos		4,596E+12	SILLON RELAX ELECTRICO ERIC TELA UF920 - 01 BEIGE		0	1	0	0	1	No	149,9	149,9	309	114,9	279	309	0,413012945	0,349896057	19/03/2025	14/02/2026	S	N	N	N	LIQUIDACION			149,9	149,9	309
ALMACEN REPARACIONES	JANCOR NEGOCIOS S.L.	FILIPINAS	00001 - Muebles	00058 - Terraza y Jardín	00001 - Terraza y Jardin	00002 - Conjuntos	 -	Terraza y Jardín		4,596E+12	SET JARDIN 7 PIEZAS FILIPINAS JH-209 (MESA ALTA + 6 SILLAS) COLOR MARRON	JH-209	10	2	12	0	24	No	164,5	164,5	339		229	339	0,412846608	0,13080786	25/04/2025	30/09/2025	S	N	S	N	IMPORTACION		3	329	329	678
ALMACEN REPARACIONES	JANCOR NEGOCIOS S.L.	FLORA 2	00001 - Muebles	00057 - Asientos	00002 - Sofás	00001 - Sillas	 -	Asientos		4,596E+12	SILLA FLORA 2 TELA UF860-1B BEIG		0	5	2	0	7	No	13,5	13,5	29,9		26,9	29,9	0,45367893	0,392750929	11/11/2025	16/03/2026	S	N	S	N	IMPORTACION			67,5	67,5	149,5
ALMACEN REPARACIONES	JANCOR NEGOCIOS S.L.	FLORA 2	00001 - Muebles	00057 - Asientos	00002 - Sofás	00001 - Sillas	 -	Asientos		4,596E+12	SILLA FLORA 2 TELA UF860-19B GRIS OSCURO		0	2	-4	0	-2	No	13,5	13,5	29,9		26,9	29,9	0,45367893	0,392750929	11/11/2025	17/03/2026	S	N	S	N	IMPORTACION			27	27	59,8
ALMACEN REPARACIONES	JANCOR NEGOCIOS S.L.	FORMENTERA	00001 - Muebles	00058 - Terraza y Jardín	00001 - Terraza y Jardin	00002 - Conjuntos	 -	Terraza y Jardín		4,596E+12	SET JARDIN FORMENTERA JH-85 (MESA ALTA + SOFA 3 PLAZAS + 2 SILLONES+2 PUFS) COLOR GRIS	JH-85	0	1	1	0	2	No	375	375	769		509	769	0,409947984	0,108546169	21/04/2025	04/10/2025	S	N	S	N	IMPORTACION		5	375	375	769
ALMACEN REPARACIONES	JANCOR NEGOCIOS S.L.	GIJON	00001 - Muebles	00058 - Terraza y Jardín	00001 - Terraza y Jardin	00002 - Conjuntos	 -	Terraza y Jardín		4,596E+12	SET JARDIN GIJON JH-315 (MESA ALTA CON BAUL+SOFA 2 PLAZAS + 2 SILLONES + 2 PUF MAS MESA RINCON) COLOR MARRON	JH-315	0	2	0	0	2	No	325	325	659		439	659	0,403262519	0,104214123	26/04/2025	19/09/2025	S	N	S	N	IMPORTACION		4	650	650	1318
ALMACEN REPARACIONES	JANCOR NEGOCIOS S.L.	JOEL	00001 - Muebles	00057 - Asientos	00002 - Sofás	00002 - Butacas	 -	Asientos		4,596E+12	SILLON RELAX ELECTRICO JOEL TELA UF920- 10 GRIS OSCURO		0	2	0	0	2	No	149,9	149,9	309	114,9			0,413012945	0,413012945	09/02/2026	12/02/2026	S	N	N	N	LIQUIDACION			299,8	299,8	618
ALMACEN REPARACIONES	JANCOR NEGOCIOS S.L.	LORCA 2	00001 - Muebles	00057 - Asientos	00002 - Sofás	00013 - Sofas cama	 -	Asientos		4,596E+12	SOFA CAMA 209X86 LORCA 2 ,#ACABADO EN WIND 80 BEIG		0	1	1	0	2	No	172,5	172,5	372,02		339	372,02	0,438941455	0,384292035	05/03/2026	17/03/2026	S	N	S	N	IMPORTACION			172,5	172,5	372,02
ALMACEN REPARACIONES	JANCOR NEGOCIOS S.L.	LORCA 2	00001 - Muebles	00057 - Asientos	00002 - Sofás	00013 - Sofas cama	 -	Asientos		4,596E+12	SOFA CAMA 209X86 LORCA 2 ,#ACABADO EN WIND 89 GRIS OSCURO		0	1	1	0	2	No	172,5	172,5	372		339	372	0,43891129	0,384292035	05/03/2026	16/03/2026	S	N	S	N	IMPORTACION			172,5	172,5	372
ALMACEN REPARACIONES	JANCOR NEGOCIOS S.L.	MILCA	00001 - Muebles	00057 - Asientos	00002 - Sofás	00001 - Sillas	 -	Asientos		4,596E+12	SILLON ESTRUCTURA MADERA HAYA MILCA,#ACABADO EN TELA KKM336-1 BLANCO	XSDC002	0	4	4	0	8	No	44,8	44,8	95,9				0,434744526	0,434744526	14/08/2025	14/02/2026	S	N	S	N	IMPORTACION			179,2	179,2	383,6
ALMACEN REPARACIONES	JANCOR NEGOCIOS S.L.	MIRIAM	00001 - Muebles	00057 - Asientos	00002 - Sofás	00001 - Sillas	 -	Asientos		4,596E+12	SILLA BLANCA PATAS MADERA HAYA MIRIAM		0	1	-3	0	-2	No	13,83	12,83	29,9		26,9	29,9	0,480792642	0,422888476	29/05/2025	16/03/2026	S	N	N	N	LIQUIDACION		1	13,83	12,83	29,9
ALMACEN REPARACIONES	JANCOR NEGOCIOS S.L.	NAIM	00001 - Muebles	00057 - Asientos	00002 - Sofás	00013 - Sofas cama	 -	Asientos		4,596E+12	SOFA CAMA CLIC CLAC PATAS MADERA NAIM 1725 ,#ACABADO EN TELA KKM336-6 MOSTAZA	1725	0	2	2	0	4	No	71,91	67,5	149				0,451845638	0,451845638	26/02/2026	18/03/2026	S	N	S	N	IMPORTACION			143,82	135	298
ALMACEN REPARACIONES	JANCOR NEGOCIOS S.L.	NEPTUNO	00001 - Muebles	00057 - Asientos	00002 - Sofás	00015 - Sillas despacho	 -	Asientos		4,596E+12	SILLA DE OFICINA NEPTUNO NEGRO		0	1	1	0	2	No	49,5	51,09	109,9				0,437498635	0,437498635	03/10/2025	30/01/2026	S	N	S	N	IMPORTACION			49,5	51,09	109,9
ALMACEN REPARACIONES	JANCOR NEGOCIOS S.L.	NINGUNA	00001 - Muebles	00052 - Salón	00001 - Convencional	00002 - Mesas de comedor	 -	Salón		4,778E+12	BOLTON MESA TAPA ACABADO BLANCA BORDE BLANCO PATA BLANCA  MBLMES0000019	MBLMES0000019	0	1	1	0	2	No	48,5	48,5	97,97				0,400990099	0,400990099	04/02/2026	04/02/2026	S	N	S	S	VENDER	8,43568E+12		48,5	48,5	97,97
ALMACEN REPARACIONES	JANCOR NEGOCIOS S.L.	NINGUNA	00001 - Muebles	00057 - Asientos	00002 - Sofás	00001 - Sillas	 -	Asientos		4,596E+12	ACCESORIO C INVENTARIABLE	4596INV	0	5	4	1	10	No	0	0	0						12/03/2026	24/10/2025	S	N	S	N	IMPORTACION			0	0	0
ALMACEN REPARACIONES	JANCOR NEGOCIOS S.L.	OTTO 2	00001 - Muebles	00057 - Asientos	00002 - Sofás	00001 - Sillas	 -	Asientos		4,596E+12	SILLA PATA HAYA OTTO 2 MBLSILXS2851WHI,#ACABADO EN BLANCO	MBLSILXS2851WHI	0	10	8	0	18	No	11,25	11,3	23,9				0,42790795	0,42790795	15/12/2025	11/03/2026	S	N	S	N	IMPORTACION			112,5	113	239
ALMACEN REPARACIONES	JANCOR NEGOCIOS S.L.	PLAY 2	00001 - Muebles	00057 - Asientos	00002 - Sofás	00008 - Chaise longues	 -	Asientos		4,596E+12	CHAISELONGUE CAMA 230 PLAY 2,#ACABADO EN WIND 76 AZUL		0	2	0	0	2	No	187,5	187,52	399				0,431330326	0,431330326	23/02/2026	18/03/2026	S	N	S	N	IMPORTACION			375	375,04	798
ALMACEN REPARACIONES	JANCOR NEGOCIOS S.L.	PLAY 2	00001 - Muebles	00057 - Asientos	00002 - Sofás	00008 - Chaise longues	 -	Asientos		4,596E+12	CHAISELONGUE CAMA 230 PLAY 2,#ACABADO EN WIND 89 GRIS OSCURO		0	1	-2	0	-1	No	187,5	187,51	399				0,431360652	0,431360652	23/02/2026	18/03/2026	S	N	S	N	IMPORTACION			187,5	187,51	399
ALMACEN REPARACIONES	JANCOR NEGOCIOS S.L.	PLAY 2	00001 - Muebles	00057 - Asientos	00002 - Sofás	00008 - Chaise longues	 -	Asientos		4,596E+12	CHAISELONGUE CAMA 230 PLAY 2,#ACABADO EN WIND 80 BEIG		0	1	1	0	2	No	187,5	187,5	399				0,431390977	0,431390977	23/02/2026	14/03/2026	S	N	S	N	IMPORTACION			187,5	187,5	399
ALMACEN REPARACIONES	JANCOR NEGOCIOS S.L.	PLUTON	00001 - Muebles	00057 - Asientos	00002 - Sofás	00015 - Sillas despacho	 -	Asientos		4,596E+12	SILLON DE OFICINA PLUTON NEGRO EN PU 9211H	9211H	0	1	0	0	1	No	48,28	46,83	102,9				0,449326531	0,449326531	13/02/2025	18/03/2026	S	N	S	N	IMPORTACION			48,28	46,83	102,9
ALMACEN REPARACIONES	JANCOR NEGOCIOS S.L.	VALENTINO	00001 - Muebles	00057 - Asientos	00002 - Sofás	00002 - Butacas	 -	Asientos		4,596E+12	SILLON RELAX VALENTINO ELECTRICO TELA RM22613M-03 BEIGE		0	4	2	0	6	No	149,9	149,9	319	114,9	289	319	0,431413793	0,372391003	18/03/2026	16/03/2026	S	N	N	N	LIQUIDACION			599,6	599,6	1276
ALMACEN REPARACIONES	JANCOR NEGOCIOS S.L.	VICTOR	00001 - Muebles	00057 - Asientos	00002 - Sofás	00013 - Sofas cama	 -	Asientos		4,596E+12	SOFA CAMA 216X76X83 VICTOR,#ACABADO EN KKM 331 COLOR 14 ROSA		0	1	1	0	2	No	118,26	118,36	239		159	259	0,400771548	0,099272956	15/10/2024	26/12/2025	S	N	N	N	LIQUIDACION		3	118,26	118,36	239
ALMACEN REPARACIONES	JUAN LLORENTE ROMERO	AVRIL	00001 - Muebles	00057 - Asientos	00002 - Sofás	00008 - Chaise longues	 -	Asientos		1,319E+12	CHAISELONGUE IZQUIERDA AVRIL TELA VOLPE COLOR 01 MARFIL		0	1	0	0	1	No	397,4	381,9	801,55				0,423493232	0,423493232	11/02/2025	19/05/2025	S	N	N	N	LIQUIDACION			397,4	381,9	801,55
ALMACEN REPARACIONES	JUAN LLORENTE ROMERO	AVRIL	00001 - Muebles	00057 - Asientos	00002 - Sofás	00008 - Chaise longues	 -	Asientos		1,319E+12	CHAISELONGUE IZQUIERDA AVRIL TELA LYRA COLOR 1		0	2	1	0	3	No	413	400,29	833,02		749	833,02	0,418560299	0,353336582	02/03/2026	16/03/2026	S	N	S	N	OFERTA STOCK			826	800,58	1666,04
ALMACEN REPARACIONES	JUAN LLORENTE ROMERO	AVRIL	00001 - Muebles	00057 - Asientos	00002 - Sofás	00008 - Chaise longues	 -	Asientos		1,319E+12	CHAISELONGUE DERECHA AVRIL TELA LYRA COLOR 8 GRIS		0	2	0	0	2	No	413	405,92	830,36		749	830,36	0,408493665	0,344241389	02/03/2026	18/03/2026	S	N	S	N	OFERTA STOCK			826	811,84	1660,72
ALMACEN REPARACIONES	JUAN LLORENTE ROMERO	AVRIL	00001 - Muebles	00057 - Asientos	00002 - Sofás	00008 - Chaise longues	 -	Asientos		1,319E+12	CHAISELONGUE IZQUIERDA AVRIL TELA LYRA COLOR 8 GRIS		0	2	-1	0	1	No	413	407,6	833,02		749	833,02	0,407942186	0,34152737	02/03/2026	18/03/2026	S	N	S	N	OFERTA STOCK			826	815,2	1666,04
ALMACEN REPARACIONES	JUAN LLORENTE ROMERO	MANUELA	00001 - Muebles	00057 - Asientos	00002 - Sofás	00008 - Chaise longues	 -	Asientos		1,319E+12	CHAISELONGUE 295CM. DERECHA MANUELA TELA GALA MAR		0	3	2	0	5	No	484	472,77	976,53		759	976,53	0,414199564	0,246308696	02/03/2026	17/03/2026	S	N	S	N	OFERTA STOCK			1452	1418,31	2929,59
ALMACEN REPARACIONES	JUAN LLORENTE ROMERO	MANUELA	00001 - Muebles	00057 - Asientos	00002 - Sofás	00008 - Chaise longues	 -	Asientos		1,319E+12	CHAISELONGUE 295CM. IZQUIERDA MANUELA TELA GALA MAR		0	3	0	0	3	No	484	460,86	976,53		759	976,53	0,428957021	0,265295652	27/01/2026	03/03/2026	S	N	S	N	OFERTA STOCK			1452	1382,58	2929,59
ALMACEN REPARACIONES	JUAN LLORENTE ROMERO	MASERATTI	00001 - Muebles	00057 - Asientos	00002 - Sofás	00008 - Chaise longues	 -	Asientos	6384410	1,319E+12	CHAISELONGUE IZQUIERDA MASERATTI TELA FLORA COLOR GRIS	TELA FLORA COLOR GRIS	0	1	1	0	2	No	375,1	362	759				0,422898551	0,422898551	19/04/2024	20/01/2025	S	N	N	S	LIQUIDACION	8,43568E+12		375,1	362	759
ALMACEN REPARACIONES	JUAN LLORENTE ROMERO	NINGUNA	0 - SIN FAMILIA	 -	 -	 -	 -	Asientos		1,319E+12	ACCESORIO C INVENTARIABLE NINGUNA	1319INV	0	60	58	0	118	No	0	18,21	0						05/03/2026	06/02/2026	S	N	S	S	VENDER			0	1092,6	0
ALMACEN REPARACIONES	JUAN LLORENTE ROMERO	SOL	00001 - Muebles	00057 - Asientos	00002 - Sofás	00008 - Chaise longues	 -	Asientos	6342864	1,319E+12	CHAISELONGUE 295CM. DERECHA SOL TELA ORSO COLOR CEMENTO	TELA ORSO COLOR CEMENTO	0	1	1	0	2	No	440,49	425,17	889				0,421309674	0,421309674	05/04/2024	19/08/2024	S	N	N	N	LIQUIDACION			440,49	425,17	889
ALMACEN REPARACIONES	JUAN LLORENTE ROMERO	SOL	00001 - Muebles	00057 - Asientos	00002 - Sofás	00008 - Chaise longues	 -	Asientos		1,319E+12	CHAISELONGUE 295CM. IZQUIERDA SOL TELA VOLPE COLOR 16 PLATA	TELA VOLPE COLOR 16 PLATA	0	1	1	0	2	No	484	443,32	976,22		599	938,71	0,450516072	0,104478798	11/02/2025	16/10/2025	S	N	N	N	LIQUIDACION		7	484	443,32	976,22
ALMACEN REPARACIONES	JULIA GROUP FURNITURE SOLUTIONS, S.L.	KAVE HOME	00001 - Muebles	00050 - Dormitorios Matrimonio	00001 - Dormitorio	00005 - Mesitas de noche	 -	Dormitorios matrimonio		3,89301E+12	MESITA DE NOCHE 2 CAJONES DE CHAPA DE NOGAL FSC MIX CREDIT NORLEN 60 X 52 CM  N00061MW10	N00061MW10	0	1	1	0	2	No	221,7	213,33	449				0,425101782	0,425101782	04/03/2026	21/02/2026	S	N	S	S	VENDER	8,44731E+12	2,99	221,7	213,33	449
ALMACEN REPARACIONES	JULIA GROUP FURNITURE SOLUTIONS, S.L.	KAVE HOME	00001 - Muebles	00056 - Auxiliares	00001 - Mueble Auxiliar	00006 - Mesas	 -	Mueble Auxiliar		3,89301E+12	MESA EXTENSIBLE LENON CHAPA Y  MADERA MACIZA DE ROBLE FSC MIX CREDIT NATURAL 160(200)X90 C T0200006MM40	T0200006MM40	0	1	1	0	2	No	591,38	579,55	1199				0,415133028	0,415133028	21/01/2026	10/06/2025	S	N	S	S	VENDER	8,43384E+12	7,99	591,38	579,55	1199
ALMACEN REPARACIONES	JULIA GROUP FURNITURE SOLUTIONS, S.L.	KAVE HOME	00001 - Muebles	00056 - Auxiliares	00001 - Mueble Auxiliar	00006 - Mesas	 -	Mueble Auxiliar		3,89301E+12	MESA EXTENSIBLE YODALIA PORCELANICO Y PATAS DE ACERO ACABADO MARRON 130(190)X100 CM 1416T03002KK15	1416T03002KK15	0	1	1	0	2	No	640,71	627,9	1299				0,415120092	0,415120092	01/09/2025	03/12/2025	S	N	S	S	VENDER	8,43384E+12	8,66	640,71	627,9	1299
ALMACEN REPARACIONES	JULIA GROUP FURNITURE SOLUTIONS, S.L.	KAVE HOME	00001 - Muebles	00056 - Auxiliares	00001 - Mueble Auxiliar	00006 - Mesas	00001 - Mesas de centro	Mueble Auxiliar		3,89301E+12	ACCESORIO MOBILIARIO C INVENTARIABLE	3893INV	0	13	13	0	26	No	0	0	0						11/03/2026	27/02/2026	S	N	S	S	VENDER			0	0	0
ALMACEN REPARACIONES	JULIA GROUP FURNITURE SOLUTIONS, S.L.	KAVE HOME	00001 - Muebles	00056 - Auxiliares	00001 - Mueble Auxiliar	00006 - Mesas	00001 - Mesas de centro	Mueble Auxiliar		3,89301E+12	MESA DE CENTRO ALBANELLA DE CEMENTO ACABADO VERDE BRILLANTE 65 CM O00034CE19	O00034CE19	0	1	0	0	1	No	172,37	163,5	361,96		239	361,96	0,453434081	0,172238494	19/06/2025		S	N	N	N	LIQUIDACION		2,32	172,37	163,5	361,96
ALMACEN REPARACIONES	JULIA GROUP FURNITURE SOLUTIONS, S.L.	KAVE HOME	00001 - Muebles	00056 - Auxiliares	00001 - Mueble Auxiliar	00006 - Mesas	00002 - Mesas auxiliares	Mueble Auxiliar		3,89301E+12	MESA AUXILIAR XORIGUER DE MADERA MACIZA DE EUCALIPTO Ø60 CM FSC 100% J0400025MM46	J0400025MM46	0	1	0	0	1	No	108,3	104,16	219				0,42450411	0,42450411	10/07/2025		S	N	S	S	VENDER	8,43384E+12	1,45	108,3	104,16	219
ALMACEN REPARACIONES	JULIA GROUP FURNITURE SOLUTIONS, S.L.	KAVE HOME	00001 - Muebles	00056 - Auxiliares	00001 - Mueble Auxiliar	00019 - Comodas	 -	Mueble Auxiliar		3,89301E+12	COMODA ONIX 3 CON CAJONES DE CHAPA DE NOGAL CON ACABADO OSCURO 100 X 78 CM FSC MIX CREDIT M0400027MM41	M0400027MM41	0	1	1	0	2	No	428,65	420,08	869				0,415078481	0,415078481	14/01/2026	15/12/2025	S	N	S	S	VENDER	8,43384E+12	5,79	428,65	420,08	869
ALMACEN REPARACIONES	JULIA GROUP FURNITURE SOLUTIONS, S.L.	KAVE HOME	00001 - Muebles	00057 - Asientos	00002 - Sofás	00001 - Sillas	 -	Asientos		3,89301E+12	SILLA GRANITE DE CHENILLA VERDE Y MADERA MACIZA DE FRESNO CON ACABADO NOGAL FSC 100% C0100209CC19	C0100209CC19	0	1	1	0	2	No	162,16	158,44	329				0,417287538	0,417287538	21/01/2026	24/12/2025	S	N	S	S	VENDER	8,43384E+12	2,19	162,16	158,44	329
ALMACEN REPARACIONES	JULIA GROUP FURNITURE SOLUTIONS, S.L.	KAVE HOME	00001 - Muebles	00057 - Asientos	00002 - Sofás	00001 - Sillas	 -	Asientos		3,89301E+12	SILLA YANET DE CUERDA NEGRO Y PATAS DE ACERO GALVANIZADO CC5117J01	CC5117J01	0	1	1	0	2	No	53,86	57,2	108,94				0,364677804	0,364677804	30/04/2025	08/05/2025	S	N	S	S	VENDER	8,43384E+12	0,72	53,86	57,2	108,94
ALMACEN REPARACIONES	JULIA GROUP FURNITURE SOLUTIONS, S.L.	KAVE HOME	00001 - Muebles	00057 - Asientos	00002 - Sofás	00001 - Sillas	 -	Asientos		3,89301E+12	SILLA BOSCA DE CHENILLA BEIGE	C00148FA12	0	1	0	0	1	No	196,75	192,64	400,24				0,417613432	0,417613432	04/03/2026	13/01/2026	S	N	S	S	VENDER		2,66	196,75	192,64	400,24
ALMACEN REPARACIONES	JULIA GROUP FURNITURE SOLUTIONS, S.L.	KAVE HOME	00001 - Muebles	00057 - Asientos	00002 - Sofás	00004 - Sofas	 -	Asientos		3,89301E+12	SOFA SINGA 3 PLAZAS CHAISE LONGUE IZQUIERDO CABECERO RECLINABLE ASIENTO EXTENSIBLE BEIGE 2 S800_41_SO12	S800_41_SO12	0	1	0	0	1	No	986,01	940,73	2000				0,43085835	0,43085835	03/12/2025	10/12/2025	S	N	S	S	VENDER	8,43384E+12	13,32	986,01	940,73	2000
ALMACEN REPARACIONES	JULIA GROUP FURNITURE SOLUTIONS, S.L.	KAVE HOME	00001 - Muebles	00057 - Asientos	00002 - Sofás	00004 - Sofas	 -	Asientos		3,89301E+12	SOFA CAMA LAIRA 3 PLAZAS DE CHENILLA CON CHAISE LONGUE DERECHA CRUDO 246 CM FSC MIX CREDIT S00037LG39	S00037LG39	0	1	1	0	2	No	887,35	838,06	1904,8				0,467633032	0,467633032	25/02/2025	02/04/2025	S	N	S	S	VENDER		11,99	887,35	838,06	1904,8
ALMACEN REPARACIONES	JULIA GROUP FURNITURE SOLUTIONS, S.L.	KAVE HOME	00001 - Muebles	00057 - Asientos	00002 - Sofás	00006 - Puffs y reposapiés	 -	Asientos		3,89301E+12	REPOSAPIES DE EXTERIOR AMEL DE MADERA MACIZA DE ACACIA FSC 100% J2200001MM43	J2200001MM43	0	1	1	0	2	No	24,38	22,57	52,92				0,483943689	0,483943689	08/07/2025	30/04/2025	S	N	S	S	VENDER	8,43384E+12	0,34	24,38	22,57	52,92
ALMACEN REPARACIONES	JULIA GROUP FURNITURE SOLUTIONS, S.L.	KAVE HOME	00001 - Muebles	00058 - Terraza y Jardín	00001 - Terraza y Jardin	00010 - Sillas	 -	Terraza y Jardín		3,89301E+12	SILLA APILABLE NINA DE MADERA MACIZA DE ACACIA Y CUERDA BEIGE FSC 100% CC0555S12	CC0555S12	0	1	1	0	2	No	98,09	115,58	198,77				0,296413946	0,296413946	27/10/2025	17/10/2025	S	N	S	S	VENDER	8,43384E+12	1,33	98,09	115,58	198,77
ALMACEN REPARACIONES	JULIA GROUP FURNITURE SOLUTIONS, S.L.	KAVE HOME	00001 - Muebles	00058 - Terraza y Jardín	00001 - Terraza y Jardin	00013 - Sofa	 -	Terraza y Jardín		3,89301E+12	SOFA AMBRA DE 3 PLAZAS DE MADERA MACIZA DE ACACIA CON ACABADO CLARO 249 CM FSC 100% S00045MA87	S00045MA87	0	1	1	0	2	No	936,68	917,95	1899				0,415102949	0,415102949	13/11/2025	15/10/2025	S	N	S	S	VENDER	8,43384E+12	12,65	936,68	917,95	1899
ALMACEN REPARACIONES	JULIA GROUP FURNITURE SOLUTIONS, S.L.	KAVE HOME	00001 - Muebles	00060 - Iluminacion	00009 - Hiper	00001 - Lampara	 -	Iluminación		3,89301E+12	LAMPARA DE TECHO INDA DE METAL CON ACABADO NEGRO Ø 30 CM L0100082MM01	L0100082MM01	0	1	1	0	2	No	44,23	42,62	89,99				0,426934104	0,426934104	12/02/2026	13/01/2026	S	N	S	S	VENDER	8,43384E+12	0,6	44,23	42,62	89,99
ALMACEN REPARACIONES	JUMASI CONFORT S L	NINGUNA	00001 - Muebles	00057 - Asientos	00002 - Sofás	00004 - Sofas	 -	Asientos		4,437E+12	ACCESORIO C INVENTARIABLE	4437INV	0	1	1	0	2	No	0	72,6	0						11/03/2026	10/07/2025	S	N	S	S	VENDER		2,45	0	72,6	0
ALMACEN REPARACIONES	JUMASI CONFORT S L	NINGUNA	00001 - Muebles	00057 - Asientos	00002 - Sofás	00099 - Acc Asientos	 -	Asientos		1,137E+12	ACCESORIO MOBILIARIO C INVENTARIABLE	"""C"""	0	6	6	0	12	No	0	27,26	0						18/03/2026	11/03/2026	S	N	S	S	VENDER			0	163,56	0
ALMACEN REPARACIONES	KALENDA LINVING S.L.U.	BOLONIA	00001 - Muebles	00057 - Asientos	00002 - Sofás	00013 - Sofas cama	 -	Asientos	6316191	1,19E+12	SOFA CAMA 140CM.C/ESPUMA TOTAL 200CM.BR.18CM. BOLONIA TAP.SERIE ESPECIAL BRISA C/2	TAP.SERIE ESPECIAL BRISA C/2	0	1	1	0	2	No	343	275,64	699				0,522854936	0,522854936			S	S	N	N	LIQUIDACION	8,43568E+12		343	275,64	699
ALMACEN REPARACIONES	KALENDA LINVING S.L.U.	CRETONA	00001 - Muebles	00057 - Asientos	00002 - Sofás	00013 - Sofas cama	 -	Asientos	6277070	1,19E+12	SOFA CAMA LIBRO 190CM.C/ESPUMA CRETONA TAP.SERIE ESPECIAL LIBERTY	TAP.SERIE ESPECIAL LIBERTY	0	1	1	0	2	No	116	96,27	239				0,51260795	0,51260795			S	S	N	N	LIQUIDACION	2,00006E+12		116	96,27	239
ALMACEN REPARACIONES	KETER IBERICA S.L.U.	CURVER	00001 - Muebles	00054 - Menaje	00003 - Servicio de Hogar	00005 - Cubos	 -	Menage	6165721	1,093E+12	DECOBIN 40L CURVER 181125	181125	0	1	0	0	1	No	20,66	20,66	37,88				0,340058078	0,340058078	18/02/2026	11/03/2026	S	N	S	N	OFERTA	3,25392E+12		20,66	20,66	37,88
ALMACEN REPARACIONES	KETER IBERICA S.L.U.	NINGUNA	00001 - Muebles	00054 - Menaje	00003 - Servicio de Hogar	00005 - Cubos	 -	Menage		1,093E+12	CUBO PEDAL BIN CIERRE PEDAL 25L GRIS 34,2X29,1X43  260665	260665	0	1	1	0	2	No	8,99	8,99	16,48				0,339933252	0,339933252	18/02/2026	02/01/2026	S	N	S	N	OFERTA	3,25392E+12		8,99	8,99	16,48
ALMACEN REPARACIONES	KURBIN LANE S.L.	20	00002 - Electrodomesticos	00006 - Gran Electrodoméstico	00003 - Lavado	00001 - Lavadoras	 -	Gran Electrodoméstico	6302399	4,441E+12	LAVADORA 9 KG.1400 RPM. A+++ CORBERO CLT1490	CLT1490	0	1	1	0	2	No	220	220	380,16		280,28	400,4	0,299768519	0,050235479			S	N	N	N	LIQUIDACION	8,43656E+12		220	220	380,16
ALMACEN REPARACIONES	KURBIN LANE S.L.	20	00002 - Electrodomesticos	00006 - Gran Electrodoméstico	00008 - Calentadores de Agua	00001 - Calentadores	 -	Gran Electrodoméstico	6315391	4,441E+12	CALENTADOR ESTANCO 11 L.NATURAL + KIT CCK102 CORBERO CCVEST11NOXGN	CCVEST11NOXGN	0	1	1	0	2	No	195	195	336,96		248,43	354,9	0,299768519	0,050235479			S	S	N	N	LIQUIDACION	8,43656E+12		195	195	336,96
ALMACEN REPARACIONES	LAN MOBEL S.COOP	KIBUC	0 - SIN FAMILIA	 -	 -	 -	 -	Dormitorios		2,44101E+12	MESITA KUBO 2CJ.BOX.60X52,7X42	K4929	0	1	1	0	2	No	148,92	142,44	343				0,497514869	0,497514869	04/02/2026	09/01/2026	S	N	S	S	VENDER			148,92	142,44	343
ALMACEN REPARACIONES	LAN MOBEL S.COOP	KIBUC	09999 - KIBUC	00004 - Juveniles	 -	 -	 -	Juvenil		2,441E+12	SMART MODULO 2P.EL.HU.KIBUC 180X34X32	K8570	0	1	1	0	2	No	150,63	144,08	346				0,496136416	0,496136416	19/01/2026	29/10/2025	S	N	S	S	VENDER			150,63	144,08	346
ALMACEN REPARACIONES	LAN MOBEL S.COOP	NINGUNA	0 - SIN FAMILIA	 -	 -	 -	 -			2,441E+12	ACCESORIO C INVENTARIABLE	2441INV	0	4	4	0	8	No	0	11,99	0						04/03/2026	29/11/2025	S	N	S	S	VENDER			0	47,96	0
ALMACEN REPARACIONES	LAN MOBEL S.COOP.	ADAPT	00001 - Muebles	00051 - Camas juveniles	00001 - Convencional	00034 - Compactos	 -	Dormitorios Juveniles	6369317	9003013876	BALDA OPC. ARM. PARA HUECO 40 ADAPT 6926,#ACABADO EN COLOR JAZMIN	6926	0	1	1	0	2	No	13,3	12,06	26,76				0,454686099	0,454686099	08/08/2023	16/10/2023	S	N	S	S	VENDER			13,3	12,06	26,76
ALMACEN REPARACIONES	LAN MOBEL S.COOP.	ADAPT	00001 - Muebles	00051 - Camas juveniles	00001 - Convencional	00034 - Compactos	 -	Dormitorios Juveniles	6369317	9003014742	BALDA OPC. ARM. PARA HUECO 40 ADAPT 6926,#ACABADO EN COLOR VULCANO	6926	0	1	0	0	1	No	13,3	12,74	26,76				0,423938714	0,423938714	04/03/2026	05/02/2026	S	N	S	S	VENDER			13,3	12,74	26,76
ALMACEN REPARACIONES	LAN MOBEL S.COOP.	ADAPT	00001 - Muebles	00051 - Camas juveniles	00002 - Modular	00002 - Camas	 -	Dormitorios Juveniles	6369921-44671	9003013794	ADAPT S3 UP+3C.200*105 ADAPT 3271,#ACABADO EN NORD	3271	0	1	0	0	1	No	711,66	625,95	1394,3				0,456788711	0,456788711			S	N	N	N	LIQUIDACION			711,66	625,95	1394,3
ALMACEN REPARACIONES	LAN MOBEL S.COOP.	ADAPT	00001 - Muebles	00051 - Camas juveniles	00002 - Modular	00003 - Elementos	 -	Dormitorios Juveniles	6372215	9003014695	ESTANT.PARED.100 HERR.OCULTO ADAPT 2039,#ACABADO EN BAMBU	2039	0	1	1	0	2	No	35,92	34,4	70,2				0,407065527	0,407065527	04/02/2026	24/12/2025	S	N	S	S	VENDER			35,92	34,4	70,2
ALMACEN REPARACIONES	LAN MOBEL S.COOP.	ADAPT	00001 - Muebles	00051 - Camas juveniles	00002 - Modular	00003 - Elementos	 -	Dormitorios Juveniles	6372230	9003012447	ESTANTE COLUMN.50CM S/TRAS. ADAPT 2512	2512	0	4	0	0	4	No	18,62	17,67	37,1				0,423700809	0,423700809	16/07/2025	26/07/2025	S	N	S	S	VENDER			74,48	70,68	148,4
ALMACEN REPARACIONES	LAN MOBEL S.COOP.	ADAPT	00001 - Muebles	00051 - Camas juveniles	00002 - Modular	00003 - Elementos	 -	Dormitorios Juveniles	6372339-44671	9003013798	INC.LATERAL ADAPT S3 ADAPT 9263,#ACABADO EN NORD	9263	0	1	0	0	1	No	19,95	17,55	39,18				0,458001531	0,458001531			S	N	N	N	LIQUIDACION			19,95	17,55	39,18
ALMACEN REPARACIONES	LAN MOBEL S.COOP.	ADAPT	00001 - Muebles	00051 - Camas juveniles	00002 - Modular	00003 - Elementos	 -	Dormitorios Juveniles	6372358	9003014731	JUEGO 4 PATAS MADERA ADAPT 1108,#ACABADO EN COLOR DUNA	1108	0	6	6	0	12	No	70,5	67,53	143,67				0,431257047	0,431257047	17/12/2025		S	N	S	S	VENDER			423	405,18	862,02
ALMACEN REPARACIONES	LAN MOBEL S.COOP.	ADAPT	00001 - Muebles	00051 - Camas juveniles	00002 - Modular	00003 - Elementos	 -	Dormitorios Juveniles	6372367-44671	9003013799	KIT TABLA SUST.DESPL.200*105 ADAPT 3051,#ACABADO EN NORD	3051	0	1	0	0	1	No	54,54	47,97	112,66				0,484788745	0,484788745			S	N	N	N	LIQUIDACION			54,54	47,97	112,66
ALMACEN REPARACIONES	LAN MOBEL S.COOP.	ADAPT	00001 - Muebles	00051 - Camas juveniles	00002 - Modular	00003 - Elementos	 -	Dormitorios Juveniles	6373383-44671	9003013800	TAPA ARCON 118*39 ADAPT 1979,#ACABADO EN NORD	1979	0	1	0	0	1	No	25,27	22,23	49,51				0,456709756	0,456709756			S	N	N	N	LIQUIDACION			25,27	22,23	49,51
ALMACEN REPARACIONES	LAN MOBEL S.COOP.	ADAPT	00001 - Muebles	00051 - Camas juveniles	00002 - Modular	00003 - Elementos	 -	Dormitorios Juveniles	6373386-44671	9003013801	TAPETA PARA CIERRES 270 ADAPT 7333,#ACABADO EN NORD	7333	0	1	0	0	1	No	9,31	8,19	18,5				0,46432973	0,46432973	05/07/2023	15/07/2023	S	N	N	N	LIQUIDACION			9,31	8,19	18,5
ALMACEN REPARACIONES	LAN MOBEL S.COOP.	ADAPT	00001 - Muebles	00051 - Camas juveniles	00002 - Modular	00004 - Modulos	 -	Dormitorios Juveniles	6369321	9003014339	SOP.MET.MESA ESTUD.75*57 BLANC ADAPT 1545,#ACABADO EN COLOR VULCANO	1545	0	2	1	0	3	No	63,85	61,16	133,32				0,444917492	0,444917492	19/01/2026	13/12/2025	S	N	S	S	VENDER			127,7	122,32	266,64
ALMACEN REPARACIONES	LAN MOBEL S.COOP.	ADAPT	00001 - Muebles	00051 - Camas juveniles	00002 - Modular	00004 - Modulos	 -	Dormitorios Juveniles	6369995-44671	9003013795	ARC.2 CAJ.116*75*37 ADAPT 1955,#ACABADO EN NORD	1955	0	1	0	0	1	No	154,3	135,72	309,03				0,468591399	0,468591399			S	N	N	N	LIQUIDACION			154,3	135,72	309,03
ALMACEN REPARACIONES	LAN MOBEL S.COOP.	BOHO	00001 - Muebles	00050 - Dormitorios Matrimonio	00001 - Dormitorio	00016 - Módulo	 -	Dormitorios matrimonio	6301915	9001012557	TOMA USB METALICO BOHO 5418	5418	0	1	1	0	2	No	31,23	24,13	60,9				0,520569787	0,520569787			S	S	N	N	LIQUIDACION	2,00006E+12		31,23	24,13	60,9
ALMACEN REPARACIONES	LAN MOBEL S.COOP.	INDIVIDUAL	00001 - Muebles	00052 - Salón	00002 - Salón comedor	00002 - Elementos	 -	Salón	6328351	9002011932	BASE/TAPA  240X44X2 INDIVIDUAL 1255,#ACABADO EN CANELA	1255	0	1	1	0	2	No	43,76	43,32	85,9				0,389788126	0,389788126	31/07/2025	25/06/2025	S	S	N	N	LIQUIDACION			43,76	43,32	85,9
ALMACEN REPARACIONES	LAN MOBEL S.COOP.	INDIVIDUAL	00001 - Muebles	00052 - Salón	00002 - Salón comedor	00002 - Elementos	 -	Salón	6328351	9002011947	BASE/TAPA  240X44X2 INDIVIDUAL 1255,#ACABADO EN NOMADA	1255	0	1	1	0	2	No	43,76	43,32	85,9				0,389788126	0,389788126	31/07/2025	20/06/2025	S	S	N	N	LIQUIDACION			43,76	43,32	85,9
ALMACEN REPARACIONES	LAN MOBEL S.COOP.	INDIVIDUAL	00001 - Muebles	00052 - Salón	00002 - Salón comedor	00003 - Modulos	 -	Salón	6328778-50735	9002011634	BAJ.EST/CJ.IZ.PUSH 180X31X45 INDIVIDUAL 2012,#ACABADO EN CANELA PETROL	2012	0	1	1	0	2	No	145,43	136,28	289				0,429415917	0,429415917			S	N	N	N	LIQUIDACION			145,43	136,28	289
ALMACEN REPARACIONES	LAN MOBEL S.COOP.	INDIVIDUAL	00001 - Muebles	00052 - Salón	00002 - Salón comedor	00003 - Modulos	 -	Salón	6329350	9002012136	LOOK THIN 302X33 INDIVIDUAL 1268,#ACABADO EN COLOR NORD	1268	0	1	1	0	2	No	66,92	66,25	139				0,423291367	0,423291367	09/10/2025	24/07/2025	S	N	N	N	LIQUIDACION			66,92	66,25	139
ALMACEN REPARACIONES	LAN MOBEL S.COOP.	INDIVIDUAL	00001 - Muebles	00052 - Salón	00002 - Salón comedor	00003 - Modulos	 -	Salón	6329402-15175	9002011643	LOOK TOTAL THIN 302X34 INDIVIDUAL 1288,#ACABADO EN CANELA	1288	0	1	1	0	2	No	114,54	102,24	229				0,459779913	0,459779913	22/11/2024	16/04/2025	S	S	N	N	LIQUIDACION			114,54	102,24	229
ALMACEN REPARACIONES	LAN MOBEL S.COOP.	LIQUIDACION	00001 - Muebles	00052 - Salón	00002 - Salón comedor	00004 - Comedores completos	 -	Salón		9002012138	COMPOSICION DE SALON INDIVIDUAL LMCHS01 (LIQUIDACION ULTIMA UNIDAD)	LMCHS01-4	0	1	0	0	1	No	749,03	749,03	1879		999	1879	0,517654976	0,092766466		23/08/2025	S	N	N	N	LIQUIDACION		12	749,03	749,03	1879
ALMACEN REPARACIONES	LAN MOBEL S.COOP.	NINGUNA	00001 - Muebles	00050 - Dormitorios Matrimonio	00001 - Dormitorio	00099 - Acc. Dormitorios	 -	Dormitorios matrimonio		9001012850	ACCESORIO C INVENTARIABLE	"""C"""	0	87	87	0	174	No	0	23,02	0						26/02/2026	18/03/2026	S	N	S	S	VENDER			0	2002,74	0
ALMACEN REPARACIONES	LAUSON S.L.	LAUSON	00002 - Electrodomesticos	00011 - Electrónica de consumo	00011 - Alta Fidelidad	00016 - Auriculares	 -	Electrónica de consumo	6277635	9,43001E+11	AURICULARES BLUETOOH LAUSON PH202	PH202	0	1	0	0	1	No	18,5	17,26	31,97		22,09	31,97	0,346743822	0,054567678			S	N	N	N	LIQUIDACION	8,42293E+12		18,5	17,26	31,97
ALMACEN REPARACIONES	LAUSON S.L.	LAUSON	00002 - Electrodomesticos	00011 - Electrónica de consumo	00013 - Baja Frecuencia	00005 - Tocadiscos	 -	Electrónica de consumo	6336094	9,43001E+11	TOCADISCOS VINILO LAUSON XIVX22	XIVX22	0	1	0	0	1	No	142,79	130,13	246,8		166,57	246,8	0,362004457	0,054707931		02/01/2025	S	S	N	N	LIQUIDACION	8,42293E+12	6	142,79	130,13	246,8
ALMACEN REPARACIONES	LD CAMAS DE DISEÑO, S L U	MIKONOS	00001 - Muebles	00050 - Dormitorios Matrimonio	00001 - Dormitorio	00002 - Cabezales	 -	Dormitorios matrimonio	6328672-50812	1,034E+12	CABECERO 150 MIKONOS SERIE A,#ACABADO EN TELA LIA MENTA	SERIE A	0	1	1	0	2	No	210	151	414,53		159	339	0,559235761	-0,149119497	27/08/2024	02/09/2024	S	S	N	S	LIQUIDACION		1,59	210	151	414,53
ALMACEN REPARACIONES	LD CAMAS DE DISEÑO, S L U	NINGUNA	00001 - Muebles	00050 - Dormitorios Matrimonio	00001 - Dormitorio	00099 - Acc. Dormitorios	 -	Dormitorios matrimonio		1,034E+12	ACCESORIO MOBILIARIO  C INVENTARIABLE	INV1034	0	1	1	0	2	No	0	9,6	0						26/02/2026	23/10/2024	S	N	S	S	VENDER			0	9,6	0
ALMACEN REPARACIONES	LD CAMAS DE DISEÑO, S L U	PADUA	00001 - Muebles	00050 - Dormitorios Matrimonio	00001 - Dormitorio	00002 - Cabezales	 -	Dormitorios matrimonio		1,034E+12	CABECERO 135 CM PADUA SERIE C,#ACABADO EN TELA MADONE AGUA MARINA	SERIE c	0	1	1	0	2	No	140	115,2	272,35				0,488187993	0,488187993	15/05/2024	19/04/2024	S	N	S	S	VENDER			140	115,2	272,35
ALMACEN REPARACIONES	LG ELECTRONICS ESPAÑA S.A.U.	LG	00002 - Electrodomesticos	00006 - Gran Electrodoméstico	00002 - Frio	00003 - Combinados	 -	Gran Electrodoméstico		4,37E+12	FRIGORIFICO LG COMBI 203  X 60 CLASE-D INOX DISPLAY EXTERIOR INVERTER GBV3210DPY	GBV3210DPY	0	1	1	0	2	No	475,5	475,19	885,28	375,19	477,99	683,22	0,350510686	-0,202911986	23/07/2025	03/10/2025	S	N	S	N	OFERTA	8,80609E+12		475,5	475,19	885,28
ALMACEN REPARACIONES	LG ELECTRONICS ESPAÑA S.A.U.	LG	00002 - Electrodomesticos	00006 - Gran Electrodoméstico	00002 - Frio	00003 - Combinados	 -	Gran Electrodoméstico		4,37E+12	FRIGORIFICO COMBI 186X60 CM INOX 344 LITROS CLASE D  LG GBV3100DPY	GBV3100DPY	0	1	1	0	2	No	419,67	419,67	781,84		659	763,8	0,350505602	0,229437481	24/09/2025	20/01/2026	S	N	S	N	OFERTA	8,80608E+12		419,67	419,67	781,84
ALMACEN REPARACIONES	LG ELECTRONICS ESPAÑA S.A.U.	LG	00002 - Electrodomesticos	00011 - Electrónica de consumo	00001 - Televisión	00001 - Televisores	"00003 - Televisor entre 37"" y 39"""	Electrónica de consumo		4,366E+12	"PANTALLA QNED  55"" LG 55QNED80T6A"	55QNED80T6A	0	1	1	0	2	No	384,05	389,59	689		476,08	654,51	0,315814369	0,009822089	10/10/2025	21/10/2025	S	N	N	N	LIQUIDACION	8,80609E+12		384,05	389,59	689
ALMACEN REPARACIONES	LG ELECTRONICS ESPAÑA S.A.U.	LG	00002 - Electrodomesticos	00015 - Climatización	00001 - Climatización	00001 - Acondicionadores	 -	Climatización	6339278	4,367E+12	SPLIT INVERTER A++ 2250 FR. R-32  CONFORT WIFI LG 32CONFWF09.SET	32CONFWF09.SET	0	1	1	0	2	No	335,24	361,2	704,34		459,81	704,7	0,379487179	0,049494356		05/07/2023	S	N	N	N	LIQUIDACION	8,435E+12	0	335,24	361,2	704,34
ALMACEN REPARACIONES	LG ELECTRONICS ESPAÑA S.A.U.	LG	00002 - Electrodomesticos	00015 - Climatización	00001 - Climatización	00001 - Acondicionadores	 -	Climatización	6352803	4,367E+12	SPLIT INVERTER A++ 3300 FR. DUAL CONFORT R-32 LG 32CONFWF12W.SET	32CONFWF12W.SET	0	1	1	0	2	No	327,06	327,06	637,77		416,35	638,09	0,379490098	0,049495376			S	S	N	N	LIQUIDACION	8,435E+12		327,06	327,06	637,77
ALMACEN REPARACIONES	LONGWAY MOBILIARIO, S.L.	NINGUNA	00001 - Muebles	00052 - Salón	00001 - Convencional	00002 - Mesas de comedor	 -	Salón		4,727E+12	ACCESORIO C INVENTARIABLE MOBILIARIO	4727INV	0	3	2	1	6	No	0	25	0						11/03/2026		S	N	S	S	VENDER			0	75	0
ALMACEN REPARACIONES	LOZANO IMPORT S.L.	NINGUNA	00001 - Muebles	00056 - Auxiliares	00001 - Mueble Auxiliar	00006 - Mesas	 -	Mueble Auxiliar	6319795	1,001E+12	MESA CENTRO  33-92	33-92	0	1	0	0	1	No	112,5	110,1	219		149	219	0,391684932	0,105899329	21/11/2025	26/11/2025	S	N	N	N	LIQUIDACION	2,00006E+12		112,5	110,1	219
ALMACEN REPARACIONES	LUIZ DOS SANTOS PEREIRA, LDA	KIBUC	00001 - Muebles	00052 - Salón	00002 - Salón comedor	 -	 -	Auxiliar		3,89604E+12	SOBRE CANTO RÚSTIC 160X100X6  CHAPA/ LACA MATE	TMSKT160100CL	0	1	0	0	1	No	454,67	402,37	1046				0,534543308	0,534543308	02/10/2024	29/10/2024	S	N	S	S	VENDER			454,67	402,37	1046
ALMACEN REPARACIONES	LUIZ DOS SANTOS PEREIRA, LDA	KIBUC	00001 - Muebles	00052 - Salón	00002 - Salón comedor	 -	 -	Salón		3,896E+12	AIKO TAPA ML GROSOR 3 CHAPA/LACA MATE	A1MLTPA3F45CL	0	2,02	2,02	0	4,04	No	48,87	45,41	112				0,509409821	0,509409821	29/12/2025	19/01/2026	S	N	S	S	VENDER			98,7174	91,7282	226,24
ALMACEN REPARACIONES	LUIZ DOS SANTOS PEREIRA, LDA	NINGUNA	0 - SIN FAMILIA	 -	 -	 -	 -			3,896E+12	"ACCESORIO ""C"" INVENTARIABLE"	"""c"""	0	6	6	0	12	No	0	24,81	0						06/03/2026	14/02/2026	S	N	S	S	VENDER			0	148,86	0
ALMACEN REPARACIONES	LUMAMAR GRANADA, S.L.	BEST SELLER	00001 - Muebles	00052 - Salón	00001 - Convencional	00002 - Mesas de comedor	 -	Salón	6330249	6,69002E+11	MESA EXTENSIBLE TAPA CRISTAL BEST SELLER DIVINITY	DIVINITY	0	1	1	0	2	No	557,6	434,6	1089				0,517111111	0,517111111			S	S	S	S	VENDER			557,6	434,6	1089
ALMACEN REPARACIONES	LUMAMAR GRANADA, S.L.	NINGUNA	00001 - Muebles	00057 - Asientos	00002 - Sofás	00099 - Acc Asientos	 -	Asientos		6,69001E+11	ACCESORIO MOBILIARIO  C INVENTARIABLE	669INV	0	1	1	0	2	No	0	0	0						09/01/2026		S	N	S	S	VENDER			0	0	0
ALMACEN REPARACIONES	LUMAMAR GRANADA, S.L.	ROBERTA	00001 - Muebles	00057 - Asientos	00002 - Sofás	00015 - Sillas despacho	 -	Asientos	6339668-235	6,69001E+11	SILLON DE OFICINA SIN BRAZOS ROBERTA,#ACABADO EN VERDE		0	1	1	0	2	No	40,32	32	81,9		38,9	119	0,527228327	0,004627249		08/06/2024	S	N	N	N	LIQUIDACION		2	40,32	32	81,9
ALMACEN REPARACIONES	LUMAMAR GRANADA, S.L.	SALOMON	00001 - Muebles	00057 - Asientos	00002 - Sofás	00015 - Sillas despacho	 -	Asientos	6339665-155	6,69001E+11	SILLON DE OFICINA CON BRAZOS SALOMON,#ACABADO EN NARANJA		0	1	1	0	2	No	63	55,79	129		75,9	139	0,47669845	0,110594203		18/10/2024	S	S	N	N	LIQUIDACION		2	63	55,79	129
ALMACEN REPARACIONES	M.R.FABRICACION S.A.U.	KRONOS	00001 - Muebles	00050 - Dormitorios Matrimonio	00001 - Dormitorio	00002 - Cabezales	 -	Dormitorios matrimonio		3,00001E+11	CABEZAL INDO 150 CM KRONOS DC3B,#ACABADO EN ACABADO EN ARTISAN , FONDO ÉBANO (FONDO)	DC3B	0	1	1	0	2	No	84,56	83,11	170,53				0,410290858	0,410290858	02/03/2026	18/02/2026	S	N	S	S	VENDER			84,56	83,11	170,53
ALMACEN REPARACIONES	M.R.FABRICACION S.A.U.	KRONOS	00001 - Muebles	00050 - Dormitorios Matrimonio	00001 - Dormitorio	00003 - Armarios	 -	Dormitorios matrimonio		3,00001E+11	LUNA PARA PUERTAS BATIENTES KRONOS DC-39	DC-39	0	2	0	0	2	No	32,89	31,75	66,33				0,420812604	0,420812604	02/03/2026	20/01/2026	S	S	S	S	VENDER			65,78	63,5	132,66
ALMACEN REPARACIONES	M.R.FABRICACION S.A.U.	KRONOS 4	00001 - Muebles	00050 - Dormitorios Matrimonio	00001 - Dormitorio	00005 - Mesitas de noche	 -	Dormitorios matrimonio		3,00001E+11	MESITA NOCHE 3 CAJ.50 KRONOS 4 DC-11 + DC33 #ACABADO EN ARTISAN- TIRADOR NEGRO	DC-11 + DC-33	0	3	1	0	4	No	68,12	65,49	137,38		129	137,38	0,423184597	0,385713953	16/03/2026	05/03/2026	S	N	S	S	VENDER			204,36	196,47	412,14
ALMACEN REPARACIONES	M.R.FABRICACION S.A.U.	NEO.4	00001 - Muebles	00052 - Salón	00002 - Salón comedor	00003 - Modulos	 -	Salón		3,00001E+11	BAJO VITRINA 1 PUERTA CRISTAL IZQUIERDA 60*162*35 CM NEO.4 N74 I	N74 I	0	1	1	0	2	No	98,66	95,26	198,97				0,420693572	0,420693572	25/09/2025	08/09/2025	S	N	S	S	VENDER			98,66	95,26	198,97
ALMACEN REPARACIONES	M.R.FABRICACION S.A.U.	NINGUNA	00001 - Muebles	00051 - Camas juveniles	00002 - Modular	00099 - Acc. Modulares	 -	Dormitorios Juveniles		3,00001E+11	ACCESORIO C INVENTARIABLE	C	0	11	4	0	15	No	0	6,02	0						16/03/2026	06/03/2026	S	N	S	S	VENDER			0	66,22	0
ALMACEN REPARACIONES	M.R.FABRICACION S.A.U.	NINGUNA	00001 - Muebles	00056 - Auxiliares	00001 - Mueble Auxiliar	00006 - Mesas	 -	Mueble Auxiliar		3,00001E+11	MESA RECTANGULAR FIJA 140X90 CM PATAS TRAPECIO METALICAS M802,#ACABADO EN ARTISAN	M802	0	1	1	0	2	No	130,76	126,25	263,7				0,420695867	0,420695867	25/04/2024	26/03/2024	S	N	S	S	VENDER			130,76	126,25	263,7
ALMACEN REPARACIONES	M.R.FABRICACION S.A.U.	NINGUNA	00001 - Muebles	00056 - Auxiliares	00001 - Mueble Auxiliar	00017 - Recibidores	 -	Mueble Auxiliar		3,00001E+11	COMPOSICION RECIBIDOR ARTISAN/EBANO DE 100CM Nº 202	COMPO202	0	1	0	0	1	No	137,02	137,02	276,33				0,400013752	0,400013752	16/03/2026	17/03/2026	S	N	S	S	VENDER			137,02	137,02	276,33
ALMACEN REPARACIONES	MANUD S.L.	FLUXS	00001 - Muebles	00054 - Menaje	00002 - Servicio de Mesa	00099 - Acc. de Mesa	 -	Menage	6339385	1,392E+12	SET MENAJE  COPPER LINE  13  PIEZAS FLUXS 00063	63	0	2	0	0	2	No	54,71	54,71	119				0,443705042	0,443705042		28/10/2023	S	S	N	N	LIQUIDACION	8,43701E+12		109,42	109,42	238
ALMACEN REPARACIONES	MANUD S.L.	SAN IGNACIO	00002 - Electrodomesticos	00007 - Pequeño Electrodoméstico	00001 - Cocina	00004 - Batidoras	 -	Pequeño Electrodoméstico	6360594	1,392E+12	BATIDORA VASO  1200W SAN IGNACIO 00183	183	0	3	0	0	3	No	34,45	34,45	59,6				0,300595638	0,300595638	03/06/2023	10/08/2024	S	N	N	N	LIQUIDACION	8,43702E+12		103,35	103,35	178,8
ALMACEN REPARACIONES	MANUD S.L.	SAN IGNACIO	00002 - Electrodomesticos	00007 - Pequeño Electrodoméstico	00001 - Cocina	00005 - Cafeteras	 -	Pequeño Electrodoméstico	6360598	1,392E+12	CAFETERA EXPRESS SAN IGNACIO 00182	182	0	2	0	0	2	No	39,9	42,19	68,95				0,259609862	0,259609862		10/02/2024	S	S	N	N	LIQUIDACION	8,43702E+12	0,5	79,8	84,38	137,9
ALMACEN REPARACIONES	MANUEL JACINTO DA MARTINHA & FILHOS, LDA	NINGUNA	00001 - Muebles	00053 - Decoración	00002 - Decoracion	00001 - Decoracion	 -	Decoración		4,623E+12	PUFF PERA AZUL 85*110 IN	45501	0	1	0	0	1	No	24	24	47,9				0,393736952	0,393736952	04/09/2025	02/01/2026	S	N	S	S	VENDER	5,60307E+12		24	24	47,9
ALMACEN REPARACIONES	MANUEL JACINTO DA MARTINHA & FILHOS, LDA	NINGUNA	00001 - Muebles	00053 - Decoración	00002 - Decoracion	00001 - Decoracion	 -	Decoración		4,623E+12	PUFF PERA TURQUESA 85*110 IN	42503	0	1	1	0	2	No	24	24	47,9				0,393736952	0,393736952	17/10/2025	17/03/2026	S	N	S	S	VENDER	5,60307E+12		24	24	47,9
ALMACEN REPARACIONES	MANUEL JACINTO DA MARTINHA & FILHOS, LDA	NINGUNA	00001 - Muebles	00053 - Decoración	00002 - Decoracion	00001 - Decoracion	 -	Decoración		4,623E+12	PUFF PERA BEIGE 85*110 IN	48501	0	1	0	0	1	No	24	24	47,9				0,393736952	0,393736952	04/09/2025	03/03/2026	S	N	S	S	VENDER	5,60307E+12		24	24	47,9
ALMACEN REPARACIONES	MANUEL JACINTO DA MARTINHA & FILHOS, LDA	NINGUNA	00001 - Muebles	00053 - Decoración	00002 - Decoracion	00001 - Decoracion	 -	Decoración		4,623E+12	PUFF PERA NEGRO 85*110 IN	42501	0	1	0	0	1	No	24	24	47,9				0,393736952	0,393736952	04/09/2025	25/02/2026	S	N	S	S	VENDER	5,60307E+12		24	24	47,9
ALMACEN REPARACIONES	MANUFACTURAS RUIZ S.A.	NINGUNA	00001 - Muebles	00058 - Terraza y Jardín	00001 - Terraza y Jardin	00099 - Acc. Terraza	 -	Terraza y Jardín		1,273E+12	ACCESORIO  C INVENTARIABLE	12373INV	0	1	1	0	2	No	0	0	0						09/10/2025	06/08/2025	S	N	S	S	VENDER			0	0	0
ALMACEN REPARACIONES	MANUFACTURAS RUIZ S.A.	SULAM-150/4	00001 - Muebles	00058 - Terraza y Jardín	00001 - Terraza y Jardin	00002 - Conjuntos	 -	Terraza y Jardín		1,273E+12	SET COMEDOR ACERO ANTRACITA SULAM-150/4 SS155	SS155	0	2	2	0	4	No	139,5	147,25	249		199	259	0,284447791	0,104660804	30/06/2025	16/03/2026	S	N	S	N	OFERTA STOCK	8,43568E+12	3	279	294,5	498
ALMACEN REPARACIONES	MANWAH MACAO COMERCIAL OFFSHORE LTD	DIXON	00001 - Muebles	00057 - Asientos	00002 - Sofás	00002 - Butacas	 -	Asientos	6352303-52443	8,69001E+11	SILLON RELAX GIRATORIO TELA DIXON UK50257M-L1-1SE,#ACABADO EN TELA MDS500 MDS413-27 MDS413-27	UK50257M-L1-1SE	0	2	2	0	4	No	394,66	381,06	1139		499	1139	0,595186479	0,075986774	15/03/2024	29/09/2025	S	S	N	N	LIQUIDACION		6	789,32	762,12	2278
ALMACEN REPARACIONES	MANWAH MACAO COMERCIAL OFFSHORE LTD	NINGUNA	00001 - Muebles	00057 - Asientos	00002 - Sofás	00099 - Acc Asientos	 -	Asientos		8,69001E+11	ACCESORIO MOBILIARIO  C INVENTARIABLE	0869INV	0	2	2	0	4	No	0	0	0						04/02/2026		S	N	S	S	VENDER			0	0	0
ALMACEN REPARACIONES	MARCKERIC,S.L.	NINGUNA	00001 - Muebles	00052 - Salón	00001 - Convencional	00099 - Acc. Salón	 -	Salón		6,64001E+11	ACCESORIO  C INVENTARIABLE	664INV	0	2	2	0	4	No	0	0	0						12/01/2026		S	S	S	S	VENDER			0	0	0
ALMACEN REPARACIONES	MARSAN INDUSTRIAL, S.A.	NINGUNA	00002 - Electrodomesticos	00015 - Climatización	00001 - Climatización	00004 - Radiadores	 -	Climatización	5756998	83001010000	EMISOR TERMICO CRONO TERMO.DIGITAL SEMANAL HAVERLAND RC-4-E	RC4E	0	1	1	0	2	No	122,74	123,93	164,46				0,088195914	0,088195914			S	S	N	N	LIQUIDACION	2,00006E+12		122,74	123,93	164,46
ALMACEN REPARACIONES	MARSAN INDUSTRIAL, S.A.	NINGUNA	00002 - Electrodomesticos	00015 - Climatización	00001 - Climatización	00004 - Radiadores	 -	Climatización		83001010041	RADIADOR SECA TOALLASR PROGRAMADOR LCD + Indicador de Consumo	TOD4	0	1	0	0	1	No	147	135,46	232,99				0,296508005	0,296508005	31/01/2025	17/07/2025	S	S	N	N	LIQUIDACION	8,42306E+12		147	135,46	232,99
ALMACEN REPARACIONES	MARTINEZ HUERTAS JUAN CARLOS	NINGUNA	00001 - Muebles	00057 - Asientos	00002 - Sofás	00099 - Acc Asientos	 -	Asientos		1,3E+12	ACCESORIO MOBILIARIO  C INVENTARIABLE	1300INV	0	19	19	0	38	No	0,3	0,3	0						06/03/2026	04/02/2026	S	N	S	S	VENDER			5,7	5,7	0
ALMACEN REPARACIONES	MEPSA LOJÝSTÝK DIÞ TÝC. ÝNÞ. SAN.	AURE 2	00001 - Muebles	00057 - Asientos	00002 - Sofás	00013 - Sofas cama	 -	Asientos	6367124	1,469E+12	SOFA CAMA CON ARCON TELA 298578 MARRON AURE 2		0	2	2	0	4	No	191,46	191,46	559		239	559	0,585569589	0,030683682		03/12/2024	S	N	N	N	LIQUIDACION	8,43568E+12	5	382,92	382,92	1118
ALMACEN REPARACIONES	MEPSA LOJÝSTÝK DIÞ TÝC. ÝNÞ. SAN.	AURE 2	00001 - Muebles	00057 - Asientos	00002 - Sofás	00013 - Sofas cama	 -	Asientos	6367125	1,469E+12	SOFA CAMA CON ARCON TELA 298526 GRIS AURE 2		0	3	3	0	6	No	143,61	143,6	309				0,437682848	0,437682848	22/02/2024	11/12/2024	S	N	N	N	LIQUIDACION	8,43568E+12	5	430,83	430,8	927
ALMACEN REPARACIONES	MEPSA LOJÝSTÝK DIÞ TÝC. ÝNÞ. SAN.	NINGUNA	00001 - Muebles	00057 - Asientos	00002 - Sofás	00099 - Acc Asientos	 -	Asientos		1,469E+12	ACCESORIO MOBILIARIO  C INVENTARIABLE	1469INV	0	1	1	0	2	No	0	0	0						03/06/2025	27/06/2024	S	N	S	S	VENDER			0	0	0
ALMACEN REPARACIONES	MITSUBISHI ELECTRIC EUROPE BV	MITSUBISHI	00002 - Electrodomesticos	00015 - Climatización	00001 - Climatización	00001 - Acondicionadores	 -	Climatización	6334120	9,30001E+11	SPLIT INVERTER 2200 FR. A+++ 19 DB WIFI MITSUBISHI MSZ-AP25VGK	MSZAP25VGK	0	1	0	0	1	No	642,86	502,25	979,39				0,379488763	0,379488763		29/06/2023	S	N	N	N	LIQUIDACION	8,85149E+12	0	642,86	502,25	979,39
ALMACEN REPARACIONES	MITSUBISHI ELECTRIC EUROPE BV	NINGUNA	00002 - Electrodomesticos	00015 - Climatización	00001 - Climatización	00001 - Acondicionadores	 -	Climatización	6312227	9,30001E+11	SPLIT INVERTER 3000 FR. A+++ R-32 MITSUBISHI MSZ-AY35VGK		0	1	0	0	1	No	698,39	581,44	1133,81				0,379488274	0,379488274			S	N	N	N	LIQUIDACION			698,39	581,44	1133,81
ALMACEN REPARACIONES	MITSUBISHI ELECTRIC EUROPE BV	NINGUNA	00002 - Electrodomesticos	00015 - Climatización	00001 - Climatización	00001 - Acondicionadores	 -	Climatización	6334121	9,30001E+11	SPLIT INVERTER 3000 FR. A+++ 19 DB WIFI MITSUBISHI MSZ-AP35VGK	MSZAP35VGK	0	1	0	0	1	No	683,87	543,8	1060,41				0,379487179	0,379487179			S	S	N	N	LIQUIDACION	8,85149E+12		683,87	543,8	1060,41
ALMACEN REPARACIONES	MOPAL TAPIZADOS, S.L.	CORAL	00001 - Muebles	00057 - Asientos	00002 - Sofás	00002 - Butacas	 -	Asientos	6225529-44246	1,118E+12	SILLON ELEVADOR 2/MOTORES INDEP. CORAL SERIE PREMIUM TELA DUNE/SENA/GARDEN,#ACABADO EN TELA SENA COLOR 01 CHOCO HILO BEIG	6901	0	2	2	0	4	No	452,25	431,32	912,15				0,427838404	0,427838404	31/07/2025	29/09/2025	S	N	S	S	VENDER			904,5	862,64	1824,3
ALMACEN REPARACIONES	MOPAL TAPIZADOS, S.L.	ITALO	00001 - Muebles	00057 - Asientos	00002 - Sofás	00013 - Sofas cama	 -	Asientos	6393931-53580	1,118E+12	SOFA CAMA 140X190 ITALO TELA MALMO,#ACABADO EN TELA MALMO 90	AB20	0	2	1	0	3	No	490,44	454,32	989,18		899	989,18	0,44425969	0,38851257	15/01/2026	10/02/2026	S	N	S	S	COLECCION STOCK	8,43568E+12		980,88	908,64	1978,36
ALMACEN REPARACIONES	MOPAL TAPIZADOS, S.L.	NINGUNA	00001 - Muebles	00057 - Asientos	00002 - Sofás	00099 - Acc Asientos	 -	Asientos	6190132	1,118E+12	ACCESORIO MOBILIARIO  C INVENTARIABLE		0	3	1	0	4	No	0	34,91	0						18/03/2026	06/03/2026	S	N	S	S	VENDER			0	104,73	0
ALMACEN REPARACIONES	MOPAL TAPIZADOS, S.L.	NINGUNA	00001 - Muebles	00057 - Asientos	00002 - Sofás	00099 - Acc Asientos	 -	Asientos	6190132	1,118E+12	ACCESORIO MOBILIARIO  C INVENTARIABLE		0	1	1	0	2	No	0	0	0						22/01/2026	18/12/2025	S	N	N	N	LIQUIDACION			0	0	0
ALMACEN REPARACIONES	MOPAL TAPIZADOS, S.L.	ROMA	00001 - Muebles	00057 - Asientos	00002 - Sofás	00002 - Butacas	 -	Asientos	6286301	1,118E+12	SILLON RELAX C/ELEVADOR 2 MOTORES S/RUEDAS 8992 ROMA SERIE PRIMIUM,#ACABADO EN TELA BLUE PERLA	8992	0	1	1	0	2	No	415,4	374,4	837,83				0,459288877	0,459288877	16/10/2025	18/09/2025	S	N	S	S	VENDER			415,4	374,4	837,83
ALMACEN REPARACIONES	MOYCOR VIC SL	STAR	00001 - Muebles	00057 - Asientos	00002 - Sofás	00001 - Sillas	 -	Asientos	6241397	1,216E+12	SILLA KIPAS 50X50X94 STAR 39004	39004	0	2	2	0	4	No	42,78	75,05	83,49		75,9	83,49	-0,087681159	-0,196449275			S	S	N	N	LIQUIDACION		2	85,56	150,1	166,98
ALMACEN REPARACIONES	MUEBLES AZOR S.A.	ATLANTICO	00001 - Muebles	00056 - Auxiliares	00001 - Mueble Auxiliar	00006 - Mesas	 -	Mueble Auxiliar	6330682	3,62019E+11	MESA CENTRO METALICA NEGRO MOD. ATLANTICO 48 X 48 BOGAL CG1112NN	CG1112NN	0	1	1	0	2	No	72,62	69,65	146,45		129	141,97	0,424537385	0,346693798	17/03/2025		S	N	S	S	VENDER			72,62	69,65	146,45
ALMACEN REPARACIONES	MUEBLES AZOR S.A.	BARI	00001 - Muebles	00057 - Asientos	00002 - Sofás	00002 - Butacas	 -	Asientos	6348750	4,353E+12	RELAX POWER LIFT  (1 MOTOR ) MOD. BARI T/ASH BARI CX1040AS	CX1040AS	0	1	1	0	2	No	281,52	281,52	819		289	569	0,584079121	-0,178682353		06/10/2023	S	N	N	N	LIQUIDACION	2,00006E+12	2	281,52	281,52	819
ALMACEN REPARACIONES	MUEBLES AZOR S.A.	DALLAS	00001 - Muebles	00057 - Asientos	00002 - Sofás	00001 - Sillas	 -	Asientos	6383240	3,62019E+11	SILLA DALLAS 10 GRIS BOGAL CG1544GR	CG1544GR	0	2	1	0	3	No	39,1	38,14	78,85				0,414719087	0,414719087	21/10/2025	22/10/2025	S	N	S	N	OFERTA	8,43568E+12		78,2	76,28	157,7
ALMACEN REPARACIONES	MUEBLES AZOR S.A.	DALLAS	00001 - Muebles	00057 - Asientos	00002 - Sofás	00001 - Sillas	 -	Asientos	6383242	3,62019E+11	SILLA DALLAS 68 MOSTAZA BOGAL CG1544MO	CG1544MO	0	2	2	0	4	No	39,1	38	78,85				0,41686747	0,41686747	26/12/2025	23/02/2026	S	N	N	N	LIQUIDACION			78,2	76	157,7
ALMACEN REPARACIONES	MUEBLES AZOR S.A.	GHIO	00001 - Muebles	00050 - Dormitorios Matrimonio	00001 - Dormitorio	00017 - Elementos	 -	Dormitorios matrimonio	6393178	3,62023E+11	PUERTA CRISTAL TOFFEE ANCHO 49,3 DE 49,3 GHIO CNI164	CNI164	0	3	1	0	4	No	112,46	109,91	219,48				0,394062785	0,394062785	09/12/2025	20/11/2025	S	N	S	S	VENDER			337,38	329,73	658,44
ALMACEN REPARACIONES	MUEBLES AZOR S.A.	GHIO	00001 - Muebles	00050 - Dormitorios Matrimonio	00001 - Dormitorio	00099 - Acc. Dormitorios	 -	Dormitorios matrimonio	6392239	3,62023E+11	PUERTA LISA 49,3 GHIO CNI150,#ACABADO EN BLANCO EXTRA	CNI150	0	1	1	0	2	No	41,18	39,31	80,37				0,408173448	0,408173448	28/10/2025	03/04/2025	S	N	S	S	VENDER			41,18	39,31	80,37
ALMACEN REPARACIONES	MUEBLES AZOR S.A.	ISEO	00001 - Muebles	00052 - Salón	00001 - Convencional	00002 - Mesas de comedor	 -	Salón		3,62019E+11	MESA ISEO NEGRO 160X90X75 SOBRE CANTO REDONDO ROBLE CNG112NR	CNG112NR	0	1	0	0	1	No	137,79	134,98	277,88				0,412243414	0,412243414	21/11/2025	27/11/2025	S	N	S	S	VENDER			137,79	134,98	277,88
ALMACEN REPARACIONES	MUEBLES AZOR S.A.	JORDAN EVO	00001 - Muebles	00050 - Dormitorios Matrimonio	00001 - Dormitorio	00002 - Cabezales	 -	Dormitorios matrimonio		3,62026E+11	CABEZAL DUETO DE 135 Y 150   140,5X161X3,7 JORDAN EVO CNJ702,#ACABADO EN ACABADO EN ROBLE, PLAFON TRASERO GRAFITO	CNJ702	0	1	1	0	2	No	107,71	105,26	210,21				0,394107797	0,394107797	28/10/2025	25/09/2025	S	N	S	S	VENDER			107,71	105,26	210,21
ALMACEN REPARACIONES	MUEBLES AZOR S.A.	JORDAN EVO	00001 - Muebles	00050 - Dormitorios Matrimonio	00001 - Dormitorio	00005 - Mesitas de noche	 -	Dormitorios matrimonio		3,62026E+11	MESITA 3 CAJONES DE 50   60,5X50X34,5 JORDAN EVO CNJ501,#ACABADO EN ARTIC	CNJ501	0	2	2	0	4	No	63,36	50,6	123,65				0,504844319	0,504844319	05/03/2025	29/01/2025	S	N	S	S	VENDER			126,72	101,2	247,3
ALMACEN REPARACIONES	MUEBLES AZOR S.A.	JORDAN EVO	00001 - Muebles	00050 - Dormitorios Matrimonio	00003 - Armarios Empotrados	00099 - Acc.Armarios	 -	Dormitorios matrimonio		3,62026E+11	PUERTA LISA CON LUNA PARA CUERPO 42,2 (239)   UNIDAD JORDAN EVO CNJ338	CNJ338	0	1	1	0	2	No	53,86	52,63	105,11				0,394136619	0,394136619	02/02/2026	09/03/2026	S	N	S	S	VENDER			53,86	52,63	105,11
ALMACEN REPARACIONES	MUEBLES AZOR S.A.	JORDAN EVO	00001 - Muebles	00050 - Dormitorios Matrimonio	00003 - Armarios Empotrados	00099 - Acc.Armarios	 -	Dormitorios matrimonio		3,62026E+11	ARMAZON DE ARMARIO DE 198,8 (4 PUERTAS) (239)   239X198,8X54 JORDAN EVO CNJ567	CNJ567	0	1	1	0	2	No	220,18	205,34	429,7				0,421779381	0,421779381	21/10/2025	24/10/2025	S	N	S	S	VENDER			220,18	205,34	429,7
ALMACEN REPARACIONES	MUEBLES AZOR S.A.	JORDAN EVO	00001 - Muebles	00050 - Dormitorios Matrimonio	00003 - Armarios Empotrados	00099 - Acc.Armarios	 -	Dormitorios matrimonio		3,62026E+11	ESTANTE MOVIL PARA ARMARIOS DE 50,2   2,2X47,2X50 JORDAN EVO CNJ475	CNJ475	0	5	5	0	10	No	9,5	9,12	18,54				0,404789644	0,404789644	17/11/2025	11/11/2025	S	N	S	S	VENDER			47,5	45,6	92,7
ALMACEN REPARACIONES	MUEBLES AZOR S.A.	JORDAN EVO	00001 - Muebles	00050 - Dormitorios Matrimonio	00003 - Armarios Empotrados	00099 - Acc.Armarios	 -	Dormitorios matrimonio		3,62026E+11	ESTANTE MOVIL PARA ARMARIOS DE 45,2   2,2X42,2X50 JORDAN EVO CNJ474,#ACABADO EN JAVA	CNJ474	0	2	0	0	2	No	7,92	7,56	15,46				0,408305304	0,408305304	04/03/2025		S	N	S	S	VENDER			15,84	15,12	30,92
ALMACEN REPARACIONES	MUEBLES AZOR S.A.	JORDAN EVO	00001 - Muebles	00050 - Dormitorios Matrimonio	00003 - Armarios Empotrados	00099 - Acc.Armarios	 -	Dormitorios matrimonio		3,62026E+11	PUERTA LISA PARA CUERPO 47,2 (239)   UNIDAD JORDAN EVO CNJ337,#ACABADO EN ACABADO EN SOUL BLANCO	CNJ337	0	1	1	0	2	No	33,26	32,51	64,91				0,393974734	0,393974734	09/09/2025	05/08/2025	S	N	S	S	VENDER			33,26	32,51	64,91
ALMACEN REPARACIONES	MUEBLES AZOR S.A.	JORDAN20	00001 - Muebles	00050 - Dormitorios Matrimonio	00001 - Dormitorio	00002 - Cabezales	 -	Dormitorios matrimonio	6339933-48371	3,62021E+11	CABEZAL SCARLET DE 135-150 JORDAN20 CNJ075,#ACABADO EN SOUL BLANCO TEXTIL TIERRA	CNJ075	0	1	1	0	2	No	113,4	106,26	229				0,438538865	0,438538865			S	N	N	N	LIQUIDACION			113,4	106,26	229
ALMACEN REPARACIONES	MUEBLES AZOR S.A.	JORDAN20	00001 - Muebles	00050 - Dormitorios Matrimonio	00001 - Dormitorio	00016 - Módulo	 -	Dormitorios matrimonio	6339984-51388	3,62021E+11	COMODIN 3 CAJONES  + 1 CONTENEDOR DE 100 JORDAN20 CNJ182,#ACABADO EN ROBLE TIRADOR L NEGRO	CNJ182	0	1	1	0	2	No	143,64	138,91	289				0,418404498	0,418404498	27/06/2023	13/12/2023	S	N	N	N	LIQUIDACION			143,64	138,91	289
ALMACEN REPARACIONES	MUEBLES AZOR S.A.	JORDAN20	00001 - Muebles	00050 - Dormitorios Matrimonio	00001 - Dormitorio	00017 - Elementos	 -	Dormitorios matrimonio	6339968-157	3,62021E+11	JUEGO DE 4 PATAS INCLINADAS JORDAN20 C4152,#ACABADO EN NEGRO	C4152	0	2	2	0	4	No	12,1	11,66	23,9				0,409682008	0,409682008			S	N	N	N	LIQUIDACION			24,2	23,32	47,8
ALMACEN REPARACIONES	MUEBLES AZOR S.A.	LIDER20	00001 - Muebles	00051 - Camas juveniles	00002 - Modular	00003 - Elementos	 -	Dormitorios Juveniles	6327494	3,62018E+11	ESTANTE INTERIOR PARA ARMARIO 1 PTA DE 40 3X36,9X5 LIDER20 CNL900TX	CNL900TX	0	1	0	0	1	No	7,38	6,27	14,9				0,490825503	0,490825503	13/05/2025	14/06/2025	S	N	N	N	VENDER			7,38	6,27	14,9
ALMACEN REPARACIONES	MUEBLES AZOR S.A.	MODENA	00001 - Muebles	00057 - Asientos	00002 - Sofás	00001 - Sillas	 -	Asientos		3,62019E+11	SILLA GIRAT.180 MODENA TAPIZ. GRIS-10+PATAS METAL NEGRAS BOGAL CG1718GR	CG1718GR	0	1	0	0	1	No	93,1	91,2	187,75				0,41223968	0,41223968	23/02/2026	12/01/2026	S	N	S	S	VENDER			93,1	91,2	187,75
ALMACEN REPARACIONES	MUEBLES AZOR S.A.	MOON EVO	00001 - Muebles	00052 - Salón	00002 - Salón comedor	00003 - Modulos	 -	Salón		3,62025E+11	PUERTA OPCIONAL PARA 1 HUECO DE MÓDULO ESTANTES MOON EVO,#ACABADO EN LINED JAVA	CNM533	0	1	1	0	2	No	16,2	15,84	31,62				0,393851992	0,393851992	03/02/2026	12/05/2025	S	N	S	S	VENDER			16,2	15,84	31,62
ALMACEN REPARACIONES	MUEBLES AZOR S.A.	MOON EVO	00001 - Muebles	00052 - Salón	00002 - Salón comedor	00003 - Modulos	 -	Salón		3,62025E+11	"MÓDULO 3 PUERTAS + 1 HUECO DE 120 (REVERSIBLE) MOON EVO,#ACABADO EN ESTRUCTURA PERLA FRENTE DE PUERTA JAVA TIRADOR ""L"" ALUMINIO"	CNM525	0	1	1	0	2	No	174,96	171,07	341,45				0,39377742	0,39377742	22/10/2025	11/10/2025	S	N	S	S	VENDER			174,96	171,07	341,45
ALMACEN REPARACIONES	MUEBLES AZOR S.A.	MOON-20	00001 - Muebles	00052 - Salón	00002 - Salón comedor	00003 - Modulos	 -	Salón	6343831-50809	3,62001E+11	MODULO 2 PUERTAS MIXTAS + JGO.4 PATAS MOON-20		0	1	1	0	2	No	146,72	138,09	289		139	289	0,421837716	-0,202078417			S	S	N	N	EXPOSICIÓN		3	146,72	138,09	289
ALMACEN REPARACIONES	MUEBLES AZOR S.A.	MOON20	00001 - Muebles	00052 - Salón	00001 - Convencional	00004 - Vitrinas	 -	Salón	6337249-45354	3,6202E+11	VITRINA 2 PUERTAS TRANSPARENTES Y 2 CAJONES MOON20 CNM244,#ACABADO EN BLANCO SOUL	CNM244	0	1	1	0	2	No	238,39	221,63	469				0,428204051	0,428204051	21/11/2023	21/01/2025	S	N	N	N	LIQUIDACION	2,00006E+12		238,39	221,63	469
ALMACEN REPARACIONES	MUEBLES AZOR S.A.	NESS	00001 - Muebles	00056 - Auxiliares	00001 - Mueble Auxiliar	00006 - Mesas	 -	Mueble Auxiliar		3,62019E+11	MESA NESS NEGRO 120X80 SOBRE ROBLE BOGAL CNG081NR	CNG081NR	0	1	1	0	2	No	102,41	97,81	206,53				0,42695928	0,42695928	31/12/2025	07/07/2025	S	N	S	S	VENDER			102,41	97,81	206,53
ALMACEN REPARACIONES	MUEBLES AZOR S.A.	NINGUNA	0 - SIN FAMILIA	 -	 -	 -	 -	Dormitorios Juveniles		3,62E+11	ACCESORIO C INVENTARIABLE NINGUNA	0362INV	0	61	47	0	108	No	2,17	11,8	0						12/03/2026	21/01/2026	S	N	S	S	VENDER			132,37	719,8	0
ALMACEN REPARACIONES	MUEBLES AZOR S.A.	NINGUNA	00001 - Muebles	00051 - Camas juveniles	00001 - Convencional	00005 - Chinfoniers-Escritorio	 -	Dormitorios Juveniles		3,62024E+11	XIFONIER 6 CAJONES C/TACOS 102,8X50,1X40 LIDER GO	CNL56	0	1	1	0	2	No	106,13	102,51	207,12				0,401134125	0,401134125	09/09/2025	25/07/2025	S	N	N	S	VENDER			106,13	102,51	207,12
ALMACEN REPARACIONES	MUEBLES AZOR S.A.	NINGUNA	00001 - Muebles	00051 - Camas juveniles	00001 - Convencional	00034 - Compactos	 -	Dormitorios Juveniles		3,62024E+11	COMPACTO BASE 30 LATERAL (DERECHA E IZQUIERDA) + RESPALDO + 3 CAJ. 89,6X200,6X101,2 LIDER GO	CNL594	0	1	1	0	2	No	383,33	370,26	748,11				0,401138068	0,401138068	09/09/2025	25/07/2025	S	N	N	S	VENDER			383,33	370,26	748,11
ALMACEN REPARACIONES	MUEBLES AZOR S.A.	NINGUNA	00001 - Muebles	00051 - Camas juveniles	00001 - Convencional	00034 - Compactos	 -	Dormitorios Juveniles		3,62024E+11	COMPACTO BASE 30 + 2 CAJONES NIDO 59,6X200,6X101,2 LIDER GO CNL984	CNL984	0	1	1	0	2	No	310,46	299,88	605,89				0,401120996	0,401120996	01/07/2025	22/07/2025	S	N	N	S	VENDER			310,46	299,88	605,89
ALMACEN REPARACIONES	MUEBLES AZOR S.A.	NINGUNA	00001 - Muebles	00051 - Camas juveniles	00002 - Modular	00003 - Elementos	 -	Dormitorios Juveniles		3,62024E+11	MÓDULO ESCALERA BAJO (1 PUERTA + 1 CONTENEDOR) PARA COMPACTOS 62,5X50X100 LIDER GO	CNL90	0	1	1	0	2	No	106,13	102,51	207,12				0,401134125	0,401134125	09/09/2025	25/07/2025	S	N	N	S	VENDER			106,13	102,51	207,12
ALMACEN REPARACIONES	MUEBLES AZOR S.A.	NINGUNA	00001 - Muebles	00051 - Camas juveniles	00002 - Modular	00006 - Cabeceros	 -	Dormitorios Juveniles		3,62024E+11	CABEZAL LINE PLUS (PARA CAMA DE 90 Y 105) 120,5X110X18,9 LIDER GO	CNL145	0	1	1	0	2	No	64,94	63,47	126,74				0,39404529	0,39404529	21/10/2025	30/08/2025	S	N	N	S	VENDER			64,94	63,47	126,74
ALMACEN REPARACIONES	MUEBLES AZOR S.A.	NINGUNA	00001 - Muebles	00052 - Salón	00002 - Salón comedor	00003 - Modulos	 -	Salón		3,62025E+11	BAJO 2 PUERTAS+2 CAJONES DE 150 MOON EVO CNM505,#ACABADO EN JAVA	CNM505	0	1	1	0	2	No	121,5	97,13	237,12				0,504355179	0,504355179	21/10/2025	26/04/2025	S	N	S	S	VENDER			121,5	97,13	237,12
ALMACEN REPARACIONES	MUEBLES AZOR S.A.	PACIFICO	00001 - Muebles	00056 - Auxiliares	00001 - Mueble Auxiliar	00006 - Mesas	 -	Mueble Auxiliar	6352636	3,62019E+11	MESA CENTRO PACIFICO RECTANG. 100X50X40 NEGRO-ROBL BOGAL CNG022NR	Pacífico CNG022N	0	1	1	0	2	No	55,86	52,18	112,65				0,439522415	0,439522415	17/10/2023	13/03/2024	S	N	S	S	VENDER		1	55,86	52,18	112,65
ALMACEN REPARACIONES	MUEBLES AZOR S.A.	PARIS	00001 - Muebles	00057 - Asientos	00002 - Sofás	00001 - Sillas	 -	Asientos	6330652	3,62019E+11	J- 4 SILLAS  MOD. PARIS 42 X 47 X 88 BEIGE BOGAL CG1118BE	CG1118BE	0	1	1	0	2	No	238,88	232,82	481,75				0,415231552	0,415231552	16/09/2025	11/12/2025	S	N	S	S	VENDER			238,88	232,82	481,75
ALMACEN REPARACIONES	MUEBLES AZOR S.A.	TASMAN	00001 - Muebles	00056 - Auxiliares	00001 - Mueble Auxiliar	00006 - Mesas	 -	Mueble Auxiliar		3,62019E+11	MESA EXTEN.TASMAN 160/240X90 NEGRO (SOBRE PORCELA.PORLAND) BOGAL CNG040NP	CNG040NP	0	1	1	0	2	No	348,19	348,19	702,19				0,400005839	0,400005839			S	N	S	S	VENDER			348,19	348,19	702,19
ALMACEN REPARACIONES	MUEBLES AZOR S.A.	VEGAS	00001 - Muebles	00057 - Asientos	00002 - Sofás	00001 - Sillas	 -	Asientos	6392653	3,62019E+11	SILLA VEGAS TRANSPARENTE BOGAL CG1580TR	CG1580TR	0	2	0	0	2	No	35,38	31,01	71,35				0,474112123	0,474112123	13/03/2025	13/02/2026	S	N	S	S	COLECCION STOCK	8,43568E+12		70,76	62,02	142,7
ALMACEN REPARACIONES	MUEBLES AZOR S.A.	VENECIA	00001 - Muebles	00057 - Asientos	00002 - Sofás	00002 - Butacas	 -	Asientos	6348784	4,353E+12	RELAX POWER LIFT  (1 MOTOR ) MOD. VENECIA. T/ASH VENECIA CX1036AS	CX1036AS	0	1	1	0	2	No	314,16	267,68	639				0,493125509	0,493125509	21/05/2024	30/05/2024	S	S	N	N	LIQUIDACION	8,43568E+12		314,16	267,68	639
ALMACEN REPARACIONES	MUEBLES CAMPA, S.A.	ALTON	00001 - Muebles	00052 - Salón	00002 - Salón comedor	00003 - Modulos	 -	Salón	6367896	3,88703E+12	KIT JUEGO DE LUCES SUPERIOR Y LAERAL RUTH ALTON AL373K	AL373K	0	1	1	0	2	No	72,75	72,75	149				0,409211409	0,409211409	22/09/2022		S	N	S	S	PRODUCTO KIBUC			72,75	72,75	149
ALMACEN REPARACIONES	MUEBLES CAMPA, S.A.	KIBUC	0 - SIN FAMILIA	 -	 -	 -	 -	Salón		3,88703E+12	TAPAS FONDO 45 CM METRO LINEAL GRUESO DE 19MM	110256K	0	3,18	3,18	0	6,36	No	24,95	26,55	57				0,436394737	0,436394737	16/02/2026	19/02/2026	S	N	S	S	VENDER			79,341	84,429	181,26
ALMACEN REPARACIONES	MUEBLES CAMPA, S.A.	KIBUC	0 - SIN FAMILIA	 -	 -	 -	 -	Salón		3,88703E+12	TAPAS FONDO 35 CM METRO LINEAL GRUESO DE 19MM	110255K	0	1,2	1,2	0	2,4	No	19,28	17,8	44				0,5105	0,5105	26/09/2025	03/03/2025	S	N	S	S	VENDER			23,136	21,36	52,8
ALMACEN REPARACIONES	MUEBLES CAMPA, S.A.	KIBUC	0 - SIN FAMILIA	 -	 -	 -	 -	Salón		3,88703E+12	MESA CENTRO SENA ELEVABLE 100X41X60 COSTADOS DE 6CM	111546K	0	1	1	0	2	No	207,56	191,89	477				0,51323501	0,51323501	21/01/2025	07/11/2024	S	N	S	S	VENDER			207,56	191,89	477
ALMACEN REPARACIONES	MUEBLES CAMPA, S.A.	KIBUC	00001 - Muebles	00052 - Salón	00002 - Salón comedor	 -	 -	Salón		3,887E+12	COSTADOS CIERRE MODULOS COLGAR F35 38,4X35X5 CM IZQ.	10383K	0	1	1	0	2	No	17	16,66	39				0,483112821	0,483112821	04/01/2024	14/10/2023	S	N	S	S	VENDER			17	16,66	39
ALMACEN REPARACIONES	MUEBLES CAMPA, S.A.	KIBUC	00001 - Muebles	00052 - Salón	00002 - Salón comedor	 -	 -	Salón		3,88701E+12	EVEN MODULO 3 PUERTAS IZQ. + HUECO DER. 180X57,6X45CM	252K	0	1	1	0	2	No	253,76	234,61	584				0,513907363	0,513907363	26/09/2025	02/07/2025	S	N	S	S	VENDER			253,76	234,61	584
ALMACEN REPARACIONES	MUEBLES CAMPA, S.A.	KIBUC	00001 - Muebles	00052 - Salón	00002 - Salón comedor	 -	 -	Salón		3,88701E+12	EVEN ZOCALO 8CM 140X8X40CM	353K	0	1	1	0	2	No	23,37	21,83	54				0,510846296	0,510846296	10/12/2025	22/12/2025	S	N	S	S	VENDER			23,37	21,83	54
ALMACEN REPARACIONES	MUEBLES CAMPA, S.A.	NINGUNA	00001 - Muebles	00052 - Salón	00002 - Salón comedor	00003 - Modulos	 -	Salón		3,88703E+12	ACCESORIO MOBILIARIO  C INVENTARIABLE	3887INV	0	32	31	0	63	No	0	7,39	0						10/03/2026	16/03/2026	S	N	S	S	VENDER			0	236,48	0
ALMACEN REPARACIONES	MUEBLES GRUPO SEYS, S.A.	NINGUNA	00001 - Muebles	00050 - Dormitorios Matrimonio	00001 - Dormitorio	00002 - Cabezales	 -	Dormitorios matrimonio		3,41001E+11	CABECERO SIROCO 150 SERIE B  CA153,#ACABADO EN BLANCO DECAPE FRENTES BLANCO DECAPE	CA153	0	1	1	0	2	No	378,14	347,12	737,98				0,430858289	0,430858289	12/02/2026	12/02/2026	S	N	S	S	VENDER			378,14	347,12	737,98
ALMACEN REPARACIONES	MUEBLES GRUPO SEYS, S.A.	NINGUNA	00001 - Muebles	00050 - Dormitorios Matrimonio	00001 - Dormitorio	00099 - Acc. Dormitorios	 -	Dormitorios matrimonio		3,41001E+11	ACCESORIO MOBILIARIO  C INVENTARIABLE	341INV	0	8	7	0	15	No	0	15,05	0						17/03/2026	14/03/2026	S	N	S	S	VENDER			0	120,4	0
ALMACEN REPARACIONES	MUEBLES GRUPO SEYS, S.A.	NINGUNA	00001 - Muebles	00051 - Camas juveniles	00001 - Convencional	00006 - Mesitas de noche juveniles	 -	Dormitorios Juveniles		3,41001E+11	INCREMENTO POR TAPA DE PIEDRA APARADOR, TV 190 TALLIN TX003,#ACABADO EN WHITE GOLD		0	1	0	0	1	No	210,08	145,7	410				0,570007317	0,570007317	15/10/2025	31/10/2025	S	N	S	S	VENDER			210,08	145,7	410
ALMACEN REPARACIONES	MUEBLES GRUPO SEYS, S.A.	NINGUNA	00001 - Muebles	00056 - Auxiliares	00001 - Mueble Auxiliar	00019 - Comodas	 -	Dormitorios Juveniles		3,41001E+11	COMODIN TALLIN 134X86X41 TD104 ACABADO TEXTURADO,#ACABADO EN BLANCO DECAPE FRENTES BLANCO DECAPE	TD104	0	1	1	0	2	No	869,2	725,26	1696,32				0,482665653	0,482665653	12/02/2026	12/02/2026	S	N	N	N	LIQUIDACION			869,2	725,26	1696,32
ALMACEN REPARACIONES	MUEBLES MAGINA S.L.	NINGUNA	0 - SIN FAMILIA	 -	 -	 -	 -	Dormitorios Juveniles		1,126E+12	ACCESORIO C INVENTARIABLE	1126INV	0	4	4	0	8	No	0	20,65	0						16/03/2026	16/03/2026	S	N	S	S	VENDER			0	82,6	0
ALMACEN REPARACIONES	MUEBLES MAGINA S.L.	WHYNOT18	00001 - Muebles	00051 - Camas juveniles	00002 - Modular	00004 - Modulos	 -	Dormitorios Juveniles	6293190-43915	1,126E+12	REGLETA A MEDIDA DE 20X240 CANTEADA 4 CANTOS WHYNOT18 3201,#ACABADO EN POLAR	3201	0	1	1	0	2	No	16,32	13,83	32,04				0,477705993	0,477705993			S	S	N	N	LIQUIDACION			16,32	13,83	32,04
ALMACEN REPARACIONES	MUEBLES MAGINA S.L.	WHYNOT22	00001 - Muebles	00051 - Camas juveniles	00002 - Modular	00002 - Camas	 -	Dormitorios Juveniles	6390775	1,126E+12	CANAPE 150X190 APERTURA VERTICAL WHYNOT22 8692	8692	0	1	1	0	2	No	242,25	214,8	481,06				0,459718122	0,459718122	23/11/2023	29/12/2023	S	N	S	S	VENDER			242,25	214,8	481,06
ALMACEN REPARACIONES	MUEBLES MAGINA S.L.	WHYNOT22	00001 - Muebles	00051 - Camas juveniles	00002 - Modular	00003 - Elementos	 -	Dormitorios Juveniles	6390875	1,126E+12	ENCIMERA ANGULAR 2800X1500X30 WHYNOT22 6110,#ACABADO EN NATURAL	6110	0	5,4	5,4	0	10,8	No	27,03	26,26	53,46				0,40563786	0,40563786	07/08/2025	23/07/2025	S	N	S	S	VENDER			145,962	141,804	288,684
ALMACEN REPARACIONES	MUEBLES MAGINA S.L.	WHYNOT22	00001 - Muebles	00051 - Camas juveniles	00002 - Modular	00004 - Modulos	 -	Dormitorios Juveniles	6389251	1,126E+12	ARCON 100X75,5X54 ENCIMERA ABATIBLE WHYNOT22 8119,#ACABADO EN TAMMY	8119	0	1	0	0	1	No	104,55	96,51	213,22				0,452316387	0,452316387	02/12/2025	08/01/2026	S	N	S	S	VENDER			104,55	96,51	213,22
ALMACEN REPARACIONES	MUEBLES MAGINA S.L.	WHYNOT22	00001 - Muebles	00051 - Camas juveniles	00002 - Modular	00004 - Modulos	 -	Dormitorios Juveniles	6390838-54819	1,126E+12	CUBO METALICO 99X33X25 DIAFANO WHYNOT22 7230,#ACABADO EN SAHARA PIZARRA	7230	0	1	1	0	2	No	73,44	68,54	148,94				0,443175775	0,443175775	27/07/2023	16/08/2023	S	N	S	S	VENDER			73,44	68,54	148,94
ALMACEN REPARACIONES	MUEBLES MAGINA S.L.	WHYNOT22	00001 - Muebles	00051 - Camas juveniles	00002 - Modular	00006 - Cabeceros	 -	Dormitorios Juveniles	6390426	1,126E+12	CABECERO RECTO 2 PANELES 190X95X2 WHYNOT22 8290	8290	0	1	1	0	2	No	75,48	71,9	148,92				0,41580043	0,41580043	24/07/2025	04/08/2025	S	N	S	S	VENDER			75,48	71,9	148,92
ALMACEN REPARACIONES	MUEBLES ROYFUR S.L.	NINGUNA	00001 - Muebles	00052 - Salón	00001 - Convencional	00002 - Mesas de comedor	 -	Salón	6238887-556	1,266E+12	MESA COMEDOR EXT.(1400+500)X770X900 EMEJOTA 2030,#ACABADO EN CEREZO	2030	0	1	1	0	2	No	237,18	219,56	469		229	465	0,433544563	-0,160120524			S	S	N	N	LIQUIDACION		2	237,18	219,56	469
ALMACEN REPARACIONES	MUEBLES SERES, S.A.	NINGUNA	00001 - Muebles	00052 - Salón	00001 - Convencional	00002 - Mesas de comedor	 -	Salón		8,28001E+11	ACCESORIO MOBILIARIO  C INVENTARIABLE	828INV	0	1	1	0	2	No	0	0	0						26/03/2024		S	N	S	S	VENDER			0	0	0
ALMACEN REPARACIONES	MUEBLES TORGA S.L.	NATIV20	00001 - Muebles	00050 - Dormitorios Matrimonio	00001 - Dormitorio	00002 - Cabezales	 -	Dormitorios matrimonio	6345093	4,28003E+11	CABECERO ARIA BAJA PARA COLCHON DE 150 MESITAS DE NATIV20 NT134	NT134	0	1	1	0	2	No	292,81	285,82	579		289	629	0,402690501	-0,196685813	21/11/2023	19/12/2023	S	S	N	N	LIQUIDACION		3	292,81	285,82	579
ALMACEN REPARACIONES	MUEBLES TORGA S.L.	NINGUNA	0 - SIN FAMILIA	 -	 -	 -	 -	Salón		4,28001E+11	ACCESORIO C INVENTARIABLE NINGUNA	428INV	0	3	3	0	6	No	0	36,15	0						16/03/2026	18/02/2026	S	N	S	S	VENDER			0	108,45	0
ALMACEN REPARACIONES	MUEBLES TORRALBO Y ROMERO,S.L.	NINGUNA	00001 - Muebles	00057 - Asientos	00002 - Sofás	00099 - Acc Asientos	 -	Asientos		1,302E+12	ACCESORIO MOBILIARIO  C INVENTARIABLE	1302INV	0	2	2	0	4	No	0	0	0						17/09/2025		S	N	N	N	LIQUIDACION			0	0	0
ALMACEN REPARACIONES	NOVA CUCINA S.R.L	NINGUNA	00003 - Cocinas	00002 - Cocina	00002 - Mobiliario	00099 - Acc. Mobiliario	 -	Cocinas		1,426E+12	ACCESORIO C INVENTARIABLE	1426INV	0	1	1	0	2	No	0	0	0						02/02/2026	26/11/2025	S	N	S	S	VENDER			0	0	0
ALMACEN REPARACIONES	PANASONIC ESPAÑA SUCURSAL PANASONIC	PANASONIC	00002 - Electrodomesticos	00015 - Climatización	00001 - Climatización	00001 - Acondicionadores	 -	Climatización	6396327	4,434E+12	SPLIT INVERTER 3000 FR. A++/A+++ 20DB COMPACTA PANASONIC KIT-BZ-35-ZKE	KITBZ35ZKE	0	1	-2	0	-1	No	352,35	352,37	699		499	687,47	0,390031903	0,145555711	03/12/2025	16/03/2026	S	N	N	N	LIQUIDACION	4,01087E+12	0	352,35	352,37	699
ALMACEN REPARACIONES	PEDRO PINO MARTINEZ S.L	NINGUNA	00003 - Cocinas	00002 - Cocina	00002 - Mobiliario	00099 - Acc. Mobiliario	 -	Cocinas	6333043	1,308E+12	CASCO 80X90X33 PED.400809678  PEDIDO 243	PEDIDO 243	0	1	1	0	2	No	0,01	0,01	0,09				0,865555556	0,865555556	22/01/2020		S	N	S	S	VENDER			0,01	0,01	0,09
ALMACEN REPARACIONES	PIEL PALMA DISEÑO	NINGUNA	00001 - Muebles	00057 - Asientos	00002 - Sofás	00099 - Acc Asientos	 -	Asientos		1,318E+12	ACCESORIO INVENTARIABLE  C	1318INV	0	3	3	0	6	No	0	0	0						04/03/2026		S	N	S	S	VENDER			0	0	0
ALMACEN REPARACIONES	PIKOLIN S.L.	AL16053	00001 - Muebles	00059 - Descanso	00001 - Colchonería	00003 - Almohadas	 -	Descanso	6340866	1,086E+12	ALMOHADA VISCO MEDIUM 135 AL16053		0	1	0	0	1	No	31	27,74	120,4		60,2	120,4	0,721217608	0,442435216	11/03/2026	06/02/2026	S	N	S	S	COLECCION C/A	8,43463E+12		31	27,74	120,4
ALMACEN REPARACIONES	PIKOLIN S.L.	AP11806	00001 - Muebles	00059 - Descanso	00001 - Colchonería	00009 - Canapes	 -	Descanso	6336810	1,086E+12	CANAPE ABAT.MAD.WENGUE 150X190 ALTA CAPACIDAD AP11806		0	1	1	0	2	No	346	307,46	1461		657,45	1461	0,74536167	0,434137045	12/11/2025	20/12/2025	S	S	S	S	VENDER	8,43463E+12	10	346	307,46	1461
ALMACEN REPARACIONES	PIKOLIN S.L.	AP11809	00001 - Muebles	00059 - Descanso	00001 - Colchonería	00009 - Canapes	 -	Descanso	6336825	1,086E+12	CANAPE ABAT.MAD.NATURAL 150X190 ALTA CAPACIDAD AP11809		0	1	0	0	1	No	346	301,72	1461		657,45	1461	0,750115537	0,444701194	22/10/2025	23/10/2025	S	N	S	S	VENDER	8,43463E+12	10	346	301,72	1461
ALMACEN REPARACIONES	PIKOLIN S.L.	CP17688	00001 - Muebles	00059 - Descanso	00001 - Colchonería	00001 - Colchones	 -	Descanso	6316640	1,086E+12	COLCHON 105X190 APPLE COMPACT CP17688		0	1	1	0	2	No	120	114	519		233,55	519	0,734219653	0,409377007			S	S	N	N	LIQUIDACION			120	114	519
ALMACEN REPARACIONES	PIKOLIN S.L.	JP18040.000.260	00001 - Muebles	00059 - Descanso	00001 - Colchonería	00004 - Patas	 -	Descanso	6161282	1,086E+12	JGO 2 PATAS 26CM GRIS JP18040.000.260		0	1	1	0	2	No	9,34	8,89	29,8				0,639030201	0,639030201	21/01/2026	14/02/2026	S	N	S	S	COLECCION C/A			9,34	8,89	29,8
ALMACEN REPARACIONES	PIKOLIN S.L.	JP18700.009.250	00001 - Muebles	00059 - Descanso	00001 - Colchonería	00004 - Patas	 -	Descanso	6201573	1,086E+12	JGO 2 PATAS CUADRADAS BLANCAS JP18700.009.250		0	2	2	0	4	No	17,49	16,8	55,9				0,636350626	0,636350626	27/08/2025	13/08/2025	S	N	S	S	VENDER			34,98	33,6	111,8
ALMACEN REPARACIONES	PIKOLIN S.L.	NINGUNA	0 - SIN FAMILIA	 -	 -	 -	 -	Descanso		1,086E+12	ACCESORIO C INVENTARIABLE NINGUNA	1086INV	0	9	9	0	18	No	0	2,75	0						12/03/2026	23/03/2024	S	N	S	S	VENDER			0	24,75	0
ALMACEN REPARACIONES	PIKOLIN S.L.	NINGUNA	00001 - Muebles	00059 - Descanso	00001 - Colchonería	00009 - Canapes	 -	Descanso		1,086E+12	CANAPE ABATIBLE NATURBOX NATURAL 105X190  AP11534	AP11534	0	1	0	0	1	No	210	189	942		405,06	942	0,757229299	0,435416975	13/02/2026	27/01/2026	S	N	S	S	COLECCION C/A			210	189	942
ALMACEN REPARACIONES	PIKOLIN S.L.	NINGUNA	00001 - Muebles	00059 - Descanso	00001 - Colchonería	00009 - Canapes	 -	Descanso		1,086E+12	CANAPE ABATIBLE NATURBOX GLACIAR 150X190  AP11548	AP11548	0	1	1	0	2	No	285	255,88	1276		548,68	1276	0,757355172	0,435709703	27/02/2026	04/02/2026	S	N	S	S	COLECCION C/A	8,42345E+12		285	255,88	1276
ALMACEN REPARACIONES	PIKOLIN S.L.	NINGUNA	00001 - Muebles	00059 - Descanso	00001 - Colchonería	00009 - Canapes	 -	Descanso		1,086E+12	CANAPE ABATIBLE DESIGN BLANCO 135X190  AP11857	AP11857	0	1	1	0	2	No	302	272,35	1277		574,65	1277	0,741939311	0,426531802	11/02/2026	11/03/2026	S	N	S	S	COLECCION C/A			302	272,35	1277
ALMACEN REPARACIONES	PIKOLIN S.L.	NINGUNA	00001 - Muebles	00059 - Descanso	00001 - Colchonería	00009 - Canapes	 -	Descanso		1,086E+12	CANAPE ABATIBLE DESIGN BLANCO 150X190  AP11857	AP11857	0	1	0	0	1	No	346	312,98	1461		657,45	1461	0,740790007	0,423977793	11/03/2026	17/03/2026	S	N	S	S	COLECCION C/A			346	312,98	1461
ALMACEN REPARACIONES	PIKOLIN S.L.	PLATINO	00001 - Muebles	00059 - Descanso	00001 - Colchonería	00001 - Colchones	 -	Descanso	6401741	1,086E+12	COLCHON PLATINO 150X190 CP15430		0	1	1	0	2	No	438	381,7	1962		882,9	1962	0,764598879	0,476886397	20/02/2026	10/02/2026	S	N	S	S	COLECCION C/A		5	438	381,7	1962
ALMACEN REPARACIONES	PIKOLIN S.L.	PODIUM PLUS	00001 - Muebles	00059 - Descanso	00001 - Colchonería	00001 - Colchones	 -	Descanso		1,086E+12	COLCHON PODIUM PLUS 135X190 CM11997	CM11997	0	1	1	0	2	No	291	247,35	1349		503,6	1259	0,778136768	0,405692017	18/02/2026	17/03/2026	S	N	S	S	COLECCION C/A		5	291	247,35	1349
ALMACEN REPARACIONES	PIKOLIN S.L.	PODIUM PLUS	00001 - Muebles	00059 - Descanso	00001 - Colchonería	00001 - Colchones	 -	Descanso		1,086E+12	COLCHON PODIUM PLUS 150X190 CM11997	CM11997	0	1	1	0	2	No	331	281,5	1535		571,6	1429	0,778100977	0,404102519	11/03/2026	18/03/2026	S	N	S	S	COLECCION C/A		5	331	281,5	1535
ALMACEN REPARACIONES	PROCTER & GAMBLE ESPAÑA,S.A.U.	BRAUN	00002 - Electrodomesticos	00007 - Pequeño Electrodoméstico	00002 - Aseo	00010 - Planchas Pelo	 -	Pequeño Electrodoméstico	6087958	8,74001E+11	PLANCHA+CEPILLO(SATIN BRUSH ES02+SB XMAS BRAUN 81348389	81348389	0	3	3	0	6	No	49,64	49,66	85,78		63,07	90,33	0,299503381	0,047271286			S	S	N	N	LIQUIDACION		2	148,92	148,98	257,34
ALMACEN REPARACIONES	PRODUCTOS KOL, S.L.	CHS VISCO	00001 - Muebles	00059 - Descanso	00001 - Colchonería	00003 - Almohadas	 -	Descanso	6394355	1,005E+12	ALMOHADA 40X150 CHS VISCO		0	1	1	0	2	No	22,56	22,38	44,9				0,396886414	0,396886414	30/09/2025	25/02/2026	S	N	N	N	LIQUIDACION			22,56	22,38	44,9
ALMACEN REPARACIONES	PROVEEDOR CODIGOS ANTIGUOS	ENARA	00001 - Muebles	00057 - Asientos	00002 - Sofás	00001 - Sillas	 -	Asientos	6269196	1001011360	SILLA PATAS NEGRAS ENARA DS-311 NEGRO	DS-311 NEGRO	0	2	2	0	4	No	13,52	13,32	31,9		19,9	31,9	0,494758621	0,190090452			S	S	N	N	LIQUIDACION		2	27,04	26,64	63,8
ALMACEN REPARACIONES	PROVEEDOR CODIGOS ANTIGUOS	ENARA	00001 - Muebles	00057 - Asientos	00002 - Sofás	00001 - Sillas	 -	Asientos	6269197	1001011361	SILLA PATAS NEGRAS ENARA DS-301A BLANCO	DS-301A BLANCO	0	1	1	0	2	No	13,52	13,14	42,9		17,9	42,9	0,629384615	0,111765363		07/05/2025	S	S	N	N	LIQUIDACION		1	13,52	13,14	42,9
ALMACEN REPARACIONES	PROVEEDOR CODIGOS ANTIGUOS	LENAI	00001 - Muebles	00057 - Asientos	00002 - Sofás	00001 - Sillas	 -	Asientos	6269198	1001011362	SILLA PATAS NEGRAS LENAI DS-301A BLANCO	DS-301A BLANCO	0	2	2	0	4	No	17,21	16,72	39,9		9,9	39,9	0,492952381	-1,043555556		03/10/2023	S	S	N	N	LIQUIDACION			34,42	33,44	79,8
ALMACEN REPARACIONES	PROVEEDOR CODIGOS ANTIGUOS	NINGUNA	00001 - Muebles	00052 - Salón	00001 - Convencional	00002 - Mesas de comedor	 -	Salón	6316119	1001011586	MESA COMEDOR PETRUS ROBLE H294-RO	H294-RO	0	3	3	0	6	No	60	60	119		60,9	139	0,389915966	-0,192118227			S	S	N	N	LIQUIDACION	8,43544E+12	2	180	180	357
ALMACEN REPARACIONES	REPUESTOS RANEL GRANADA SL	NINGUNA	00002 - Electrodomesticos	00015 - Climatización	00001 - Climatización	00099 - Acc.de Climatizacion	 -	Climatización	6224974	1,217E+12	KIT REGULADOR DE BUTANO		0	2	2	0	4	No	8	7,99	13,75				0,29688	0,29688	04/11/2025	13/02/2026	S	N	S	S	OFERTA	8,43057E+12		16	15,98	27,5
ALMACEN REPARACIONES	RIMOBEL S.A.	ALICE	00001 - Muebles	00050 - Dormitorios Matrimonio	00001 - Dormitorio	00005 - Mesitas de noche	 -	Dormitorios matrimonio	6332813	4,315E+12	MESITA 2 CAJ.42X52X34 NATURAL ALICE 03K20686	03K20686	0	1	0	0	1	No	33,94	33,94	66,9		44,9	69,9	0,386137519	0,085358575		15/07/2025	S	S	N	N	LIQUIDACION		2	33,94	33,94	66,9
ALMACEN REPARACIONES	RIMOBEL S.A.	LIS	00001 - Muebles	00051 - Camas juveniles	00001 - Convencional	00012 - Librerías juveniles	 -	Dormitorios Juveniles	6295915-156	4,315E+12	ESTANTERIA ALTA 190X80X25 NATURAL LIS 03K73386,#ACABADO EN NATURAL	03K73386	0	1	1	0	2	No	63,92	43,09	129		43,9	139	0,595822481	-0,18767426			S	S	N	N	LIQUIDACION	2,00006E+12	2	63,92	43,09	129
ALMACEN REPARACIONES	RIMOBEL S.A.	MUNDOJOVEN	00001 - Muebles	00051 - Camas juveniles	00001 - Convencional	00004 - Sinfoniers juveniles	 -	Dormitorios Juveniles	6291437-49250	10008014902	XIFONIER DE 6 CAJONES AUTOCIERRE CON RUEDAS 80,2 MUNDOJOVEN A360RA,#ACABADO EN HAYA AGUAMARINA	A360RA	0	1	1	0	2	No	167,79	168,19	334,89				0,392308221	0,392308221			S	S	N	N	LIQUIDACION	2,00006E+12		167,79	168,19	334,89
ALMACEN REPARACIONES	RIMOBEL S.A.	NINGUNA	00001 - Muebles	00051 - Camas juveniles	00001 - Convencional	00099 - Acc. Dormitorio	 -	Dormitorios Juveniles	5798838-30272	10001010512	ACCESORIO  C,#ACABADO EN SEDA		0	1	1	0	2	No	0	0,01	0						07/05/2024	18/06/2024	S	N	N	N	LIQUIDACION			0	0,01	0
ALMACEN REPARACIONES	RIMOBEL S.A.	NINGUNA	00001 - Muebles	00051 - Camas juveniles	00001 - Convencional	00099 - Acc. Dormitorio	 -	Dormitorios Juveniles		10001010541	ACCESORIO  C INVENTARIABLE	0010INV	0	16	16	0	32	No	0	26,54	0						12/03/2026	04/12/2025	S	N	N	S	VENDER			0	424,64	0
ALMACEN REPARACIONES	RIMOBEL S.A.	NINGUNA	00001 - Muebles	00051 - Camas juveniles	00001 - Convencional	00099 - Acc. Dormitorio	 -	Dormitorios Juveniles		4,315E+12	ACCESORIO  C INVENTARIABLE	"""C"""	0	1	1	0	2	No	0	65,28	0						07/03/2025	15/11/2023	S	N	S	S	VENDER			0	65,28	0
ALMACEN REPARACIONES	RIMOBEL S.A.	SLIDE	00001 - Muebles	00050 - Dormitorios Matrimonio	00001 - Dormitorio	00003 - Armarios	 -	Dormitorios matrimonio	6313598	4,315E+12	ARMARIO 2 P. CORRED. PLUS 100 SLIDE 03K12632	03K12632	0	1	1	0	2	No	161,35	93,19	319		93,9	339	0,64652069	-0,200850905		15/05/2024	S	N	N	N	LIQUIDACION	8,43551E+12	1,29	161,35	93,19	319
ALMACEN REPARACIONES	RIMOBEL S.A.	SUIT	00001 - Muebles	00056 - Auxiliares	00001 - Mueble Auxiliar	00099 - Acc. Auxiliar	 -	Mueble Auxiliar	6336045	4,315E+12	KIT VESTIDOR CON 1 CAJON Y CORTINA COLOR BLANCO SUIT 03K13943	03K13943	0	1	1	0	2	No	161,74	139,62	339		149	339	0,501651327	-0,133826846			S	N	N	N	LIQUIDACION	8,43551E+12	1,89	161,74	139,62	339
ALMACEN REPARACIONES	ROS1 S.A.	DELULU	00001 - Muebles	00051 - Camas juveniles	00002 - Modular	00006 - Cabeceros	 -	Dormitorios Juveniles		1,281E+12	CABEZAL GROSOR 3,5 CON SALVA ZÓCALO CON HERRAJE PARA COLGAR A PARED - A MEDIDA FUELLE ALTO HASTA 130 - ANCHO HASTA 270  DELULU  4219E	4219E	0	2	2	0	4	No	120,84	108,31	237,33				0,447793789	0,447793789	09/12/2025	09/12/2025	S	N	S	S	VENDER			241,68	216,62	474,66
ALMACEN REPARACIONES	ROS1 S.A.	NINGUNA	00001 - Muebles	00051 - Camas juveniles	00002 - Modular	00001 - Armarios	 -	Dormitorios Juveniles		1,281E+12	ACCESORIO C INVENTARIABLE	1281INV	0	4	4	0	8	No	0	10,99	0						13/03/2026	30/01/2026	S	N	S	S	VENDER			0	43,96	0
ALMACEN REPARACIONES	SAMSUNG ELECTRONICS IBERIA S.A.U.	SAMSUNG	00002 - Electrodomesticos	00006 - Gran Electrodoméstico	00003 - Lavado	00001 - Lavadoras	 -	Gran Electrodoméstico		4,354E+12	LAVADORA ECOBUBBLE SERIE 5000 SAMSUNG WW80CGC04DTHEC CLASE A NINGUNA	WW80CGC04DTHEC	0	1	0	0	1	No	280	272,37	519,01		419	475,88	0,365007033	0,213442243	13/03/2026	17/03/2026	S	N	S	S	COLECCION	8,8061E+12	0	280	272,37	519,01
ALMACEN REPARACIONES	SAMSUNG ELECTRONICS IBERIA S.A.U.	SAMSUNG	00002 - Electrodomesticos	00006 - Gran Electrodoméstico	00003 - Lavado	00001 - Lavadoras	 -	Gran Electrodoméstico		4,354E+12	LAVADORA SAMSUNG 9 KG 1400 RPM CLASE-A (E) AUTODOSIFICACION ECOBUBBLE INVERTER SUPER SPEED 39 MIN. MODO VAPOR WIFI SERIE 6400D WW90DG6U85LKU3	WW90DG6U85LKU3	0	1	0	0	1	No	317,67	316,95	594,82		499	572,34	0,355251168	0,231443888	12/03/2026	14/03/2026	S	N	S	S	COLECCION	8,8061E+12	0	317,67	316,95	594,82
ALMACEN REPARACIONES	SAMSUNG ELECTRONICS IBERIA S.A.U.	SAMSUNG	00002 - Electrodomesticos	00006 - Gran Electrodoméstico	00003 - Lavado	00002 - Lavavajillas	 -	Gran Electrodoméstico	6348940	4,354E+12	LAVAVAJILLAS 13 CUBIERTOS A++ SAMSUNG DW60M6040FS	DW60M6040FS	0	3	3	0	6	No	263,8	268,81	521,64		439	497,06	0,376466337	0,25908861	12/03/2026	18/03/2026	S	N	S	S	COLECCION	8,80609E+12		791,4	806,43	1564,92
ALMACEN REPARACIONES	SAMSUNG ELECTRONICS IBERIA S.A.U.	SAMSUNG	00002 - Electrodomesticos	00011 - Electrónica de consumo	00001 - Televisión	00001 - Televisores	 -	Electrónica de consumo	6383245	4,355E+12	PANTALLA LED 55  UHD SAMSUNG UE55AU7025KXXC	UE55AU7025KXXC	0	1	1	0	2	No	324	322,76	560		355,04	542,24	0,302607857	-0,099987607	24/01/2025	23/09/2025	S	N	N	N	LIQUIDACION	8,80609E+12		324	322,76	560
ALMACEN REPARACIONES	SAMSUNG ELECTRONICS IBERIA S.A.U.	SAMSUNG	00002 - Electrodomesticos	00011 - Electrónica de consumo	00001 - Televisión	00001 - Televisores	 -	Electrónica de consumo		4,355E+12	"TELEVISOR SAMSUNG 75""   TU75DU7105"	TU75DU7105	0	2	2	0	4	No	559	556,69	749		649,02	935,24	0,100674366	-0,037864627	22/08/2025	16/07/2025	S	N	N	N	LIQUIDACION	8,8061E+12		1118	1113,38	1498
ALMACEN REPARACIONES	SAMSUNG ELECTRONICS IBERIA S.A.U.	SAMSUNG	00002 - Electrodomesticos	00011 - Electrónica de consumo	00001 - Televisión	00001 - Televisores	"00005 - Televisor entre 50"" y 55"""	Electrónica de consumo		4,355E+12	"PANTALLA LED 55"" UHD SAMSUNG TU55CU7105KXXC"	TU55CU7105KXXC	0	1	1	0	2	No	326	326	563,7		358,59	547,68	0,300230619	-0,100030676	29/04/2024	31/10/2024	S	S	N	N	LIQUIDACION	8,80609E+12		326	326	563,7
ALMACEN REPARACIONES	SANCHEZ GINER S.A.	NINGUNA	00001 - Muebles	00086 - Servicios Comunes Muebles	00002 - Reparaciones Muebles	00001 - Reparaciones Importaciones	 -	Servicios comunes Muebles		3,18001E+11	ACCESORIO MOBILIARIO  C INVENTARIABLE	318INV	0	1	1	0	2	No	0	0	0						10/11/2025	17/11/2025	S	N	S	S	VENDER			0	0	0
ALMACEN REPARACIONES	SANCHEZ GINER S.A.	NINGUNA	00001 - Muebles	00096 - Servicios Portes Muebles	00001 - Transporte/Montaje Muebles	00099 - Servicios Varios	 -	Servicios portes Muebles		3,18001E+11	ACCESORIO MOBILIARIO  C INVENTARIABLE	318INV	0	48	44	4	96	No	40,05	40,05	0						17/03/2026	14/01/2026	S	N	S	S	VENDER			1922,4	1922,4	0
ALMACEN REPARACIONES	SANCHEZ MOHEDANO MARKET S.L.U.	SYTECH	00002 - Electrodomesticos	00011 - Electrónica de consumo	00013 - Baja Frecuencia	00006 - Altavoces	 -	Electrónica de consumo	6343948	4,457E+12	ALTAVOZ BLUETOOTH CON MIC 100W TROLEY SYTECH SY-XTR32	SYXTR32	0	1	0	0	1	No	102,73	102,73	165,73				0,249965003	0,249965003			S	S	N	N	LIQUIDACION	8,43511E+12		102,73	102,73	165,73
ALMACEN REPARACIONES	SANCHEZ MOHEDANO MARKET S.L.U.	SYTECH	00002 - Electrodomesticos	00011 - Electrónica de consumo	00013 - Baja Frecuencia	00006 - Altavoces	 -	Electrónica de consumo	6343949	4,457E+12	ALTAVOZ BLUETOOTH CON MIC 150W TROLEY SYTECH SY-XTR42	SYXTR42	0	1	0	0	1	No	147,62	147,62	219				0,184382648	0,184382648			S	N	N	N	LIQUIDACION	8,43511E+12		147,62	147,62	219
ALMACEN REPARACIONES	SANYSAN APPLIANCES S. L.	SOGO	00002 - Electrodomesticos	00015 - Climatización	00001 - Climatización	00009 - Ventiladores	 -	Climatización	6313094	1,229E+12	VENTILADOR TORRE 45W SOGO VEN-SS-21355	VENSS21355	0	2	0	0	2	No	22,65	24,4	45,87		37	47,6	0,356354916	0,202054054	26/06/2024	24/06/2025	S	S	S	N	OFERTA	8,42549E+12		45,3	48,8	91,74
ALMACEN REPARACIONES	SANYSAN APPLIANCES S. L.	SOGO	00002 - Electrodomesticos	00015 - Climatización	00001 - Climatización	00009 - Ventiladores	 -	Climatización	6397100	1,229E+12	VENTILADOR TECHO 36  91CM CON LUZ LED SOGO VEN-SS-21830	VENSS21830	0	1	1	0	2	No	58,95	58,95	93,15		92,61	115,01	0,234251208	0,2297862	26/06/2024	23/07/2024	S	N	S	S	VENDER	8,42549E+12		58,95	58,95	93,15
ALMACEN REPARACIONES	SIMTEKS ITHALAT VE IHRACAT LTD. STI	ANDREW	00001 - Muebles	00057 - Asientos	00002 - Sofás	00013 - Sofas cama	 -	Asientos	6364361	1,453E+12	SOFA CAMA CON ARCON ANDREW ARIA 1037 AZUL	ARIA 1037 AZUL	0	2	2	0	4	No	197,08	196,38	419				0,432888305	0,432888305		15/12/2023	S	N	N	N	LIQUIDACION	8,43568E+12		394,16	392,76	838
ALMACEN REPARACIONES	SIMTEKS ITHALAT VE IHRACAT LTD. STI	ANDREW	00001 - Muebles	00057 - Asientos	00002 - Sofás	00013 - Sofas cama	 -	Asientos	6364362	1,453E+12	SOFA CAMA CON ARCON ANDREW ARIA 942 16 GRIS	ARIA 942 16 GRIS	0	1	1	0	2	No	197,08	196,11	419				0,433668019	0,433668019		18/06/2024	S	N	N	N	LIQUIDACION	8,43568E+12		197,08	196,11	419
ALMACEN REPARACIONES	SIMTEKS ITHALAT VE IHRACAT LTD. STI	MAX	00001 - Muebles	00057 - Asientos	00002 - Sofás	00013 - Sofas cama	 -	Asientos	6364364	1,453E+12	SOFA CAMA MAX IPEK 1475A GRIS	IPEK 1475A GRIS	0	1	1	0	2	No	316,5	311,65	679				0,444629602	0,444629602		26/02/2024	S	N	N	N	LIQUIDACION	8,43568E+12		316,5	311,65	679
ALMACEN REPARACIONES	SIMTEKS ITHALAT VE IHRACAT LTD. STI	PATRIC	00001 - Muebles	00057 - Asientos	00002 - Sofás	00017 - Sofá 3 plazas	 -	Asientos	6364356	1,453E+12	SOFA 3 PLAZAS PATRIC Z016 BOSNA 02 BEIGE	Z016 BOSNA 02 BEIGE	0	1	1	0	2	No	338,35	338,35	979		399	1129	0,581814607	-0,026073935		26/03/2025	S	S	N	N	LIQUIDACION	8,43568E+12	3,99	338,35	338,35	979
ALMACEN REPARACIONES	SMATTEX S.L	DUNLOPILLO	00001 - Muebles	00059 - Descanso	00001 - Colchonería	00004 - Patas	 -	Descanso	6175896-556	1,092E+12	PATA CUADRADA 21 CM (6,5 CM ANCHO) DUNLOPILLO,#ACABADO EN CEREZO		0	1	1	0	2	No	5,64	5,33	13,9				0,536021583	0,536021583	31/10/2023	03/11/2023	S	S	N	N	LIQUIDACION			5,64	5,33	13,9
ALMACEN REPARACIONES	SOLUCIONES EN TAPICERIA S.L.L.	NINGUNA	00001 - Muebles	00057 - Asientos	00002 - Sofás	00004 - Sofas	 -	Asientos		4,548E+12	ACCESORIO MOBILIARIO INVENTARIABLE C	INV4548	0	1	1	0	2	No	0	0	0						09/05/2025		S	N	S	S	VENDER			0	0	0
ALMACEN REPARACIONES	SONIFER S.A.	ORBEGOZO	00002 - Electrodomesticos	00015 - Climatización	00001 - Climatización	00008 - Ventiladores	 -	Climatización	6397134	2,29001E+11	VENTILADOR DE TECHO 105 CM ORBEGOZO CP121105	CP121105	0	1	1	0	2	No	68,59	77,72	146,12		125,15	151,63	0,356411169	0,248572113	15/07/2025	14/01/2026	S	N	S	N	OFERTA	8,43557E+12		68,59	77,72	146,12
ALMACEN REPARACIONES	SONY EUROPE B.V.	SONY	00002 - Electrodomesticos	00011 - Electrónica de consumo	00011 - Alta Fidelidad	00022 - Barras de Sonido	 -	Electrónica de consumo	6280562	1,428E+12	BARRA SONIDO SONY HTSF150.CEL	HTSF150.CEL	0	1	1	0	2	No	99,23	98,9	171				0,300181287	0,300181287			S	S	N	N	LIQUIDACION	4,54874E+12		99,23	98,9	171
ALMACEN REPARACIONES	SUINTA,S.L.	NINGUNA	00001 - Muebles	00057 - Asientos	00002 - Sofás	00099 - Acc Asientos	 -	Asientos		4,44001E+11	ACCESORIO MOBILIARIO  C INVENTARIABLE	444INV	0	4	4	0	8	No	0	0	0						26/02/2026	18/03/2026	S	N	S	S	VENDER			0	0	0
ALMACEN REPARACIONES	SUINTA,S.L.	ROKO	00001 - Muebles	00057 - Asientos	00002 - Sofás	00003 - Butacas	 -	Asientos	6312593	4,44001E+11	SILLON ROKO SERIE 1,#ACABADO EN TELA NEGRAMARO 204	SERIE 1	0	2	2	0	4	No	275,35	259,82	560,62				0,439224073	0,439224073	28/01/2025	31/01/2025	S	N	S	S	EXPOSICIÓN			550,7	519,64	1121,24
ALMACEN REPARACIONES	TAJOMA S.L.	FAVIO DALI	00001 - Muebles	00057 - Asientos	00002 - Sofás	00099 - Acc Asientos	 -	Asientos	6343177-51432	1,398E+12	PUFF FAVIO DALI,#ACABADO EN MADERA HAYA 16 PIEL DALI PIETRA		0	1	1	0	2	No	120,78	116,76	228,35				0,381302387	0,381302387	25/06/2024	01/10/2024	S	N	N	N	LIQUIDACION			120,78	116,76	228,35
ALMACEN REPARACIONES	TAJOMA S.L.	NINGUNA	00001 - Muebles	00057 - Asientos	00002 - Sofás	00099 - Acc Asientos	 -	Asientos		1,398E+12	ACCESORIO MOBILIARIO  C INVENTARIABLE	1398INV	0	2	2	0	4	No	0,01	0,01	9				0,998655556	0,998655556	06/03/2026	13/05/2024	S	N	S	S	VENDER			0,02	0,02	18
ALMACEN REPARACIONES	TAPIZADOS ACOMODEL YECLA S.L.	NINGUNA	00001 - Muebles	00057 - Asientos	00002 - Sofás	00099 - Acc Asientos	 -	Asientos		6,78001E+11	ACCESORIO MOBILIARIO  C INVENTARIABLE	678INV	0	1	1	0	2	No	0	20,22	0						12/03/2026	25/09/2025	S	N	S	S	VENDER			0	20,22	0
ALMACEN REPARACIONES	TAPIZADOS ANTONIO CAÑADA S.L.U.	KENIA	00001 - Muebles	00057 - Asientos	00002 - Sofás	00008 - Chaise longues	 -	Asientos	6277388-49047	1,037E+12	SOFA 2 PZ.DESLIZANTE + CHAISELONGUE ARCON IZQ. KENIA SERIE 1,#ACABADO EN TELA DINO COLOR 2	SERIE 1	0	1	1	0	2	No	358,47	351,22	722,93				0,412147511	0,412147511	06/10/2025	13/11/2025	S	N	S	S	COLECCION STOCK	8,43568E+12		358,47	351,22	722,93
ALMACEN REPARACIONES	TAPIZADOS ANTONIO CAÑADA S.L.U.	NINGUNA	00001 - Muebles	00057 - Asientos	00002 - Sofás	00099 - Acc Asientos	 -	Asientos		1,037E+12	ACCESORIO MOBILIARIO  C INVENTARIABLE	1037INV	0	7	4	0	11	No	0	1,64	0						04/11/2025	16/09/2025	S	N	S	S	VENDER			0	11,48	0
ALMACEN REPARACIONES	TAPIZADOS ANTONIO SANTIAGO	YARA	00001 - Muebles	00057 - Asientos	00002 - Sofás	00004 - Sofas	 -	Asientos	6393275-54146	1,28201E+12	SOFA 5 PLAZAS 340 CM YARA SERIE 0	SERIE 0	0	1	1	0	2	No	1124,01	1026,27	2269				0,452716307	0,452716307	26/06/2023		S	N	N	N	LIQUIDACION			1124,01	1026,27	2269
ALMACEN REPARACIONES	TAPIZADOS CAYUELAS S.L.	BED ECO CUADROS	00001 - Muebles	00057 - Asientos	00002 - Sofás	00013 - Sofas cama	 -	Asientos	6401561	1,545E+12	SOFA CAMA CLIC-CLAC CON ARCON GOLD GRIS BED ECO CUADROS		0	1	0	0	1	No	126	130,33	296,05				0,467322074	0,467322074	10/03/2026	10/03/2026	S	N	S	S	VENDER			126	130,33	296,05
ALMACEN REPARACIONES	TAPIZADOS CAYUELAS S.L.	DAMA	00001 - Muebles	00057 - Asientos	00002 - Sofás	00008 - Chaise longues	 -	Asientos		1,545E+12	CHAISELONGUE 255 CM TELA GREEN DAMA,#ACABADO EN TELA GREEN MOCA		0	2	-3	0	-1	No	289,38	267,12	583,68		529	583,68	0,446245888	0,389007183	02/12/2025	16/03/2026	S	N	S	N	OFERTA			578,76	534,24	1167,36
ALMACEN REPARACIONES	TAPIZADOS CAYUELAS S.L.	DAMA	00001 - Muebles	00057 - Asientos	00002 - Sofás	00008 - Chaise longues	 -	Asientos		1,545E+12	CHAISELONGUE SIN POUF 255 CM TELA GREEN DAMA,#ACABADO EN TELA GREEN PERLA		0	1	1	0	2	No	241	233,2	486,09		439	486,09	0,419506676	0,35723918	14/08/2025	11/09/2025	S	N	S	N	OFERTA			241	233,2	486,09
ALMACEN REPARACIONES	TAPIZADOS CAYUELAS S.L.	NEIRA	00001 - Muebles	00057 - Asientos	00002 - Sofás	00008 - Chaise longues	 -	Asientos	6397255	1,545E+12	CHAISELONGUE REVERSIBLE 265 CM GREEN PERLA NEIRA		0	2	1	0	3	No	220	224,17	443,74				0,388728309	0,388728309	18/03/2026	18/03/2026	S	N	S	S	VENDER	8,43568E+12		440	448,34	887,48
ALMACEN REPARACIONES	TAPIZADOS CAYUELAS S.L.	NINGUNA	00001 - Muebles	00057 - Asientos	00002 - Sofás	00008 - Chaise longues	 -	Asientos		1,545E+12	ACCESORIO MOBILIARIO C INVENTARIABLE	1545INV	0	4	4	0	8	No	0	0	0						12/03/2026	12/03/2026	S	N	S	S	VENDER			0	0	0
ALMACEN REPARACIONES	TAPIZADOS CAYUELAS S.L.	VALDINI	00001 - Muebles	00057 - Asientos	00002 - Sofás	00004 - Sofas	 -	Asientos		1,545E+12	CONJUNTO 3PZ.+ 2 PZ. TELA GREEN MARENGO VALDINI		0	1	1	0	2	No	226	113	523,76				0,738945318	0,738945318	05/03/2026	07/03/2026	S	N	S	S	VENDER			226	113	523,76
ALMACEN REPARACIONES	TAPIZADOS JAEN	KATY	00001 - Muebles	00057 - Asientos	00002 - Sofás	00099 - Acc Asientos	 -	Asientos		1,06701E+12	PALANCA RELAX PARA SILLON KATY		0	3	0	0	3	No	15	3,82	30,25				0,8472	0,8472	02/01/2025	12/02/2026	S	S	S	S	VENDER			45	11,46	90,75
ALMACEN REPARACIONES	TAPIZADOS JAEN	KIMI	00001 - Muebles	00057 - Asientos	00002 - Sofás	00008 - Chaise longues	 -	Asientos	6316256	1,067E+12	SOFA 3 PLAZAS + CHAISELONGUE DCHA 297 CM 2 ARCONES KIMI TELA PROMO DINO/HADA,#ACABADO EN TELA HADA BEIGE	TELA PROMO DINO/HADA	0	1	0	0	1	No	654,29	647,75	1319		879	1278,99	0,405778999	0,108330489	13/01/2025	18/09/2025	S	N	N	N	LIQUIDACION		10	654,29	647,75	1319
ALMACEN REPARACIONES	TAPIZADOS JAEN	NINGUNA	00001 - Muebles	00057 - Asientos	00002 - Sofás	00099 - Acc Asientos	 -	Asientos		1,067E+12	ACCESORIO C INVENTARIABLE	1067INV	0	8	8	0	16	No	0	50,52	0						13/03/2026	09/02/2026	S	N	S	S	VENDER			0	404,16	0
ALMACEN REPARACIONES	TAPIZADOS JAEN	PUMA	00001 - Muebles	00057 - Asientos	00002 - Sofás	00004 - Sofas	 -	Asientos	6401575	1,067E+12	CONJUNTO 3+2 PZ. PUMA SERIE 1,#ACABADO EN TELA HADA CRUDO	SERIE 1	0	1	0	0	1	No	579,09	573,3	1169,01				0,406597891	0,406597891	17/03/2026	06/02/2026	S	N	S	S	VENDER			579,09	573,3	1169,01
ALMACEN REPARACIONES	TAPIZADOS MUÑOZ ROBLES S.L.	MERCURY	00001 - Muebles	00057 - Asientos	00002 - Sofás	00008 - Chaise longues	 -	Asientos	6394541	1,386E+12	CHAISELONGUE 310 CM DERECHA SERIE B MERCURY #ACABADO EN TELA OASIS 6 FROCA		0	1	0	0	1	No	876,96	829,07	1772,87		1599	1772,87	0,434152137	0,372623702	21/01/2026	18/02/2026	S	N	S	S	COLECCION STOCK			876,96	829,07	1772,87
ALMACEN REPARACIONES	TAPIZADOS MUÑOZ ROBLES S.L.	MERCURY	00001 - Muebles	00057 - Asientos	00002 - Sofás	00008 - Chaise longues	 -	Asientos		1,386E+12	CHAISELONGUE 258X190 CM IZQUIERDA SERIE B MERCURY,#ACABADO EN TELA OASIS 6		0	1	0	0	1	No	806,98	773,35	1636,24		1479	1636,24	0,428107429	0,367306626	10/07/2025	03/07/2025	S	N	S	S	VENDER			806,98	773,35	1636,24
ALMACEN REPARACIONES	TAPIZADOS MUÑOZ ROBLES S.L.	NINGUNA	00001 - Muebles	00057 - Asientos	00002 - Sofás	00099 - Acc Asientos	 -	Asientos		1,386E+12	ACCESORIO  C INVENTARIABLE	INV1386	0	1	1	0	2	No	0	4,03	0						05/03/2026	22/01/2025	S	N	S	S	VENDER			0	4,03	0
ALMACEN REPARACIONES	TAPIZADOS MUÑOZ ROBLES S.L.	PISSA	00001 - Muebles	00057 - Asientos	00002 - Sofás	00013 - Sofas cama	 -	Asientos	6333734-46510	1,386E+12	SOFA CAMA 212 CM PISSA TELA LIDO,#ACABADO EN TELA LIDO 3	TELA LIDO	0	2	2	0	4	No	460	454,09	927,81		719	927,81	0,407800196	0,23581516	27/02/2026	17/01/2026	S	N	S	N	OFERTA STOCK	8,43568E+12		920	908,18	1855,62
ALMACEN REPARACIONES	TAPIZADOS MUÑOZ ROBLES S.L.	QUEEN	00001 - Muebles	00057 - Asientos	00002 - Sofás	00008 - Chaise longues	 -	Asientos		1,386E+12	CHAISELONGUE 324CM X 212CM DCHA SERIE B QUEEN, #ACABADO EN ENZO 10		0	1	1	0	2	No	907,2	883,59	1831,29		1649	1831,29	0,416179906	0,351641055	05/02/2026	05/02/2026	S	N	S	S	COLECCION STOCK			907,2	883,59	1831,29
ALMACEN REPARACIONES	TAPIZADOS MUÑOZ ROBLES SL	KIBUC	00001 - Muebles	00057 - Asientos	00002 - Sofás	 -	 -	Tapiceria		3,827E+12	ACCESORIO MOBILIARIO C INVENTARIABLE	3827INV	0	4	4	0	8	No	0	0	0						05/02/2026		S	N	S	S	VENDER			0	0	0
ALMACEN REPARACIONES	TAPIZADOS PEDRO ORTIZ S.L.	ELVAS	00001 - Muebles	00057 - Asientos	00002 - Sofás	00002 - Butacas	 -	Asientos	6279173	1,176E+12	SILLON RELAX ELECTRICO ELVAS SERIE 400,#ACABADO EN TELA MATEO COLOR 70 HILO CONTRASTADO BLANCO, PATA METALICA	SERIE 400	0	1	1	0	2	No	459,15	426,43	925,91				0,442731691	0,442731691	06/06/2024	25/06/2024	S	N	S	S	VENDER			459,15	426,43	925,91
ALMACEN REPARACIONES	TAPIZADOS PEDRO ORTIZ S.L.	NINGUNA	0 - SIN FAMILIA	 -	 -	 -	 -	Asientos		1,176E+12	ACCESORIO C INVENTARIABLE NINGUNA	1176INV	0	17	15	0	32	No	0	57,25	0						17/03/2026	23/12/2025	S	N	S	S	VENDER			0	973,25	0
ALMACEN REPARACIONES	TAPIZADOS ZEN, S.L.	DIMAR	00001 - Muebles	00057 - Asientos	00002 - Sofás	00008 - Chaise longues	 -	Asientos	6333490	4,997E+12	CHAISELONGUE IZQUIERDA DIMAR SERIE OFERTA,#ACABADO EN VEGA 3	SERIE OFERTA	0	1	1	0	2	No	591,41	591,41	1193,21				0,4002681	0,4002681	12/02/2025	21/02/2025	S	N	S	S	COLECCION	8,43568E+12		591,41	591,41	1193,21
ALMACEN REPARACIONES	TAPIZADOS ZEN, S.L.	LASER	00001 - Muebles	00057 - Asientos	00002 - Sofás	00008 - Chaise longues	 -	Asientos	6264400-46784	4,997E+12	CHAISELONGUE DCHA. LASER TELA OFERTA,#ACABADO EN TELA TOPACIO 32 HILO CONTRASTADO CHOCO	TELA OFERTA	0	1	1	0	2	No	596,97	432,54	1209				0,567102233	0,567102233			S	N	N	N	LIQUIDACION		15	596,97	432,54	1209
ALMACEN REPARACIONES	TAPIZADOS ZEN, S.L.	LUANA	00001 - Muebles	00057 - Asientos	00002 - Sofás	00008 - Chaise longues	 -	Asientos	6332291-48961	4,997E+12	CHAISELONGUE ARCON REVER.C/PUFF. DESL.RECLINAB. LUANA SERIE OFERTA,#ACABADO EN TELA DINO COLOR 1	SERIE OFERTA	0	3	1	0	4	No	452,96	454,88	921,35		829	921,35	0,402610517	0,336061761	24/02/2026	12/03/2026	S	N	S	S	COLECCION STOCK	8,43568E+12		1358,88	1364,64	2764,05
ALMACEN REPARACIONES	TAPIZADOS ZEN, S.L.	NINGUNA	00001 - Muebles	00057 - Asientos	00002 - Sofás	00099 - Acc Asientos	 -	Asientos		4,997E+12	ACCESORIO MOBILIARIO  C INVENTARIABLE	"""C"""	0	13	13	0	26	No	0	151,08	0						04/03/2026	17/02/2026	S	N	S	S	VENDER			0	1964,04	0
ALMACEN REPARACIONES	TAPIZADOS ZEN, S.L.	OMAR	00001 - Muebles	00057 - Asientos	00002 - Sofás	00008 - Chaise longues	 -	Asientos	6348080-52126	4,997E+12	CHAISELONGUE REVERSIBLE 280X152X105 OMAR SERIE OFERTA,#ACABADO EN TELA NELIA 14	SERIE OFERTA	0	1	1	0	2	No	475,62	439,22	960,2				0,446515101	0,446515101		20/09/2023	S	N	S	S	COLECCION	8,43568E+12	5	475,62	439,22	960,2
ALMACEN REPARACIONES	TAPIZADOS ZEN, S.L.	RAGA	00001 - Muebles	00057 - Asientos	00002 - Sofás	00008 - Chaise longues	 -	Asientos	6355574	4,997E+12	CHAISELONGUE 280X150X105 V.F. DCHA. RAGA SERIE OFERTA,#ACABADO EN TELA MAGIA 26	SERIE OFERTA	0	1	0	0	1	No	565,02	570,32	1144,66				0,397124736	0,397124736	10/12/2025	06/03/2026	S	N	S	S	COLECCION STOCK	8,43568E+12		565,02	570,32	1144,66
ALMACEN REPARACIONES	TAYBER TAPIZADOS CONVERTIBLES S.L.U	NINGUNA	00001 - Muebles	00057 - Asientos	00002 - Sofás	00099 - Acc Asientos	 -	Asientos		1,143E+12	ACCESORIO MOBILIARIO  C INVENTARIABLE	INV1143	0	1	1	0	2	No	0	0	0						12/02/2026		S	N	S	S	VENDER			0	0	0
ALMACEN REPARACIONES	TCL ELECTRONICS IBERIA S.L	TCL	00002 - Electrodomesticos	00011 - Electrónica de consumo	00001 - Televisión	00001 - Televisores	"00006 - Televisor entre 56"" y 65"""	Electrónica de consumo		4,503E+12	"PANTALLA LED 65"" UHD 65P631 TCL"	65P631	0	1	1	0	2	No	396,03	396,03	684,7		483,95	665,33	0,300136848	0,009822709	13/09/2024	16/09/2024	S	N	N	N	LIQUIDACION	5,90129E+12	2	396,03	396,03	684,7
ALMACEN REPARACIONES	TEGAR MOBEL, S.L.	KIBUC	09999 - KIBUC	00004 - Juveniles	 -	 -	 -	Juvenil		3,898E+12	ACCESORIO C INVENTARIABLE NINGUNA	3898INV	0	2	2	0	4	No	0	19,7	0						20/02/2026	03/05/2025	S	N	S	S	VENDER			0	39,4	0
ALMACEN REPARACIONES	TIANJIN MEGA INTERNATIONAL TRADE	20 2	00001 - Muebles	00057 - Asientos	00002 - Sofás	00001 - Sillas	 -	Asientos	6401574	1,378E+12	SILLA COCINA TAPIZADO BLANCO 20 2 THDC202	THDC202	0	2	2	0	4	No	10,88	10,88	42,5		16,9	42,5	0,69024	0,221017751	24/05/2024	30/01/2026	S	N	N	N	LIQUIDACION		1	21,76	21,76	85
ALMACEN REPARACIONES	TIANJIN MEGA INTERNATIONAL TRADE	ASHER	00001 - Muebles	00052 - Salón	00001 - Convencional	00002 - Mesas de comedor	 -	Salón	6327312-50536	1,378E+12	MESA 140X80X75 TAPA CRISTAL TRANS.PATAS NEGRAS ASHER THDT070,#ACABADO EN PATAS NEGRAS CRISTAL TRANSPARENTE	THDT070	0	2	2	0	4	No	31,76	32,94	61,9				0,356100162	0,356100162		10/06/2024	S	S	N	N	LIQUIDACION	8,43568E+12		63,52	65,88	123,8
ALMACEN REPARACIONES	TIANJIN MEGA INTERNATIONAL TRADE	BASIL	00001 - Muebles	00052 - Salón	00001 - Convencional	00002 - Mesas de comedor	 -	Salón	6327311	1,378E+12	MESA 150X90X75 TAPA CRISTAL TRANS.PATAS CROMADAS BASIL THDT117	THDT117	0	1	1	0	2	No	59,93	61,51	119				0,374562185	0,374562185			S	S	N	N	LIQUIDACION			59,93	61,51	119
ALMACEN REPARACIONES	TIANJIN MEGA INTERNATIONAL TRADE	BASIL	00001 - Muebles	00052 - Salón	00001 - Convencional	00002 - Mesas de comedor	 -	Salón	6327311-50535	1,378E+12	MESA 150X90X75 TAPA CRISTAL TRANS.PATAS CROMADAS BASIL THDT117,#ACABADO EN PATAS CROMADAS CRISTAL TRANSPARENTE	THDT117	0	4	4	0	8	No	59,93	61,51	119				0,374562185	0,374562185			S	S	N	N	LIQUIDACION			239,72	246,04	476
ALMACEN REPARACIONES	TIANJIN MEGA INTERNATIONAL TRADE	CODY 2	00001 - Muebles	00057 - Asientos	00002 - Sofás	00001 - Sillas	 -	Asientos	6364792	1,378E+12	SILLA MA-1030 GRIS OSCURO CODY 2 THDC012	THDC012	0	1	1	0	2	No	14,74	14,65	31,9				0,444310345	0,444310345	23/05/2025	19/12/2025	S	N	S	N	IMPORTACION	8,43568E+12		14,74	14,65	31,9
ALMACEN REPARACIONES	TIANJIN MEGA INTERNATIONAL TRADE	CODY 2	00001 - Muebles	00057 - Asientos	00002 - Sofás	00001 - Sillas	 -	Asientos	6364793	1,378E+12	SILLA MA-1005 VISON CODY 2 THDC012	THDC012	0	3	-2	0	1	No	15,18	13,68	32,9				0,49687538	0,49687538	29/10/2025	11/03/2026	S	N	S	N	IMPORTACION	8,43568E+12		45,54	41,04	98,7
ALMACEN REPARACIONES	TIANJIN MEGA INTERNATIONAL TRADE	MADOX	00001 - Muebles	00057 - Asientos	00002 - Sofás	00001 - Sillas	 -	Asientos	6395928-113	1,378E+12	SILLA PATA HAYA TAPIZADA EN TELA MADOX THDC124,#ACABADO EN GRIS	THDC124	0	2	1	0	3	No	20,85	17,36	37,9				0,445762533	0,445762533	29/10/2025	04/02/2026	S	N	S	N	IMPORTACION			41,7	34,72	75,8
ALMACEN REPARACIONES	TIANJIN MEGA INTERNATIONAL TRADE	MARC	00001 - Muebles	00057 - Asientos	00002 - Sofás	00001 - Sillas	 -	Asientos	6327309-50538	1,378E+12	SILLA PATA CROMADA MARC THDC090,#ACABADO EN PATA CROMADA TELA MA-1028-27 GRIS	THDC090	0	17	16	0	33	No	21,81	20,4	47,9				0,484676409	0,484676409	29/10/2025	12/01/2026	S	N	S	N	IMPORTACION	8,43568E+12		370,77	346,8	814,3
ALMACEN REPARACIONES	TIANJIN MEGA INTERNATIONAL TRADE	MARC	00001 - Muebles	00057 - Asientos	00002 - Sofás	00001 - Sillas	 -	Asientos	6327309-50539	1,378E+12	SILLA PATA CROMADA MARC THDC090,#ACABADO EN PATA CROMADA TELA MA-1006-5 VISON	THDC090	0	4	3	0	7	No	21,96	20,3	46,9				0,476268657	0,476268657	29/10/2025	26/02/2026	S	N	S	N	IMPORTACION	8,43568E+12		87,84	81,2	187,6
ALMACEN REPARACIONES	TIANJIN MEGA INTERNATIONAL TRADE	NINGUNA	00001 - Muebles	00052 - Salón	00001 - Convencional	00002 - Mesas de comedor	 -	Salón		1,378E+12	ACCESORIO MOBILIARIO INVENTARIABLE	INV1378	0	4	4	0	8	No	0,01	0,01	0,09				0,865555556	0,865555556	03/06/2025	03/06/2025	S	N	S	S	VENDER			0,04	0,04	0,36
ALMACEN REPARACIONES	TIANJIN MEGA INTERNATIONAL TRADE	OTTO	00001 - Muebles	00057 - Asientos	00002 - Sofás	00001 - Sillas	 -	Asientos	6327308-157	1,378E+12	SILLA PATA HAYA OTTO THDC124,#ACABADO EN NEGRO	THDC124	0	3	3	0	6	No	12,94	12,74	27,9				0,447476703	0,447476703	29/10/2025	18/03/2026	S	N	S	N	IMPORTACION	8,43568E+12		38,82	38,22	83,7
ALMACEN REPARACIONES	TIANJIN MEGA INTERNATIONAL TRADE	OTTO	00001 - Muebles	00057 - Asientos	00002 - Sofás	00001 - Sillas	 -	Asientos	6327308-240	1,378E+12	SILLA PATA HAYA OTTO THDC124,#ACABADO EN VISON	THDC124	0	2	2	0	4	No	13,73	14,5	27,9				0,371146953	0,371146953	21/01/2025	04/03/2026	S	N	S	N	IMPORTACION	8,43568E+12		27,46	29	55,8
ALMACEN REPARACIONES	TIANJIN MEGA INTERNATIONAL TRADE	OTTO	00001 - Muebles	00057 - Asientos	00002 - Sofás	00001 - Sillas	 -	Asientos	6356753-50537	1,378E+12	JUEGO 4 SILLAS PATA HAYA OTTO THDC124,#ACABADO EN PATA DE HAYA TAPIZADO PP BLANCO	THDC124	0	1	1	0	2	No	57,54	77,06	129				0,277189147	0,277189147		15/12/2023	S	N	S	S	OFERTA			57,54	77,06	129
ALMACEN REPARACIONES	TIANJIN MEGA INTERNATIONAL TRADE	VEGA	00001 - Muebles	00057 - Asientos	00002 - Sofás	00001 - Sillas	 -	Asientos	6394104	1,378E+12	SILLA UF860-03B VISON VEGA THDC211	THDC211	0	2	0	0	2	No	23,92	23,96	50,9				0,430420432	0,430420432	31/07/2024	06/03/2026	S	N	N	N	LIQUIDACION	8,43568E+12	1	47,84	47,92	101,8
ALMACEN REPARACIONES	TIANJIN MEGA INTERNATIONAL TRADE	VEGA	00001 - Muebles	00057 - Asientos	00002 - Sofás	00001 - Sillas	 -	Asientos	6394106	1,378E+12	SILLA UF860-08B GRIS VEGA THDC211	THDC211	0	8	7	0	15	No	23,92	23,5	50,9				0,441355599	0,441355599	31/07/2024	21/02/2026	S	N	N	N	LIQUIDACION	8,43568E+12	1	191,36	188	407,2
ALMACEN REPARACIONES	TIANJIN MEGA INTERNATIONAL TRADE	YANIK	00001 - Muebles	00057 - Asientos	00002 - Sofás	00001 - Sillas	 -	Asientos	6394102	1,378E+12	SILLA G062-13 VISON VELVET YANIK THDC015	THDC015	0	3	3	0	6	No	18,19	19,4	39,9		26,9	39,9	0,411679198	0,127360595	07/06/2024	07/02/2026	S	N	N	N	LIQUIDACION	8,43568E+12	2	54,57	58,2	119,7
ALMACEN REPARACIONES	TIANJIN MEGA INTERNATIONAL TRADE	YANIK	00001 - Muebles	00057 - Asientos	00002 - Sofás	00001 - Sillas	 -	Asientos	6394103	1,378E+12	SILLA G062-38 GRIS VELVET YANIK THDC015	THDC015	0	1	-2	0	-1	No	18,19	19,02	39,9		25,9	39,9	0,423203008	0,111420849	07/06/2024	21/01/2026	S	N	N	N	LIQUIDACION	8,43568E+12	2	18,19	19,02	39,9
ALMACEN REPARACIONES	TIANJIN NORMAN FORNITURE CO. LTD	NINGUNA	00001 - Muebles	00052 - Salón	00001 - Convencional	00099 - Acc. Salón	 -	Salón		1,496E+12	ACCESORIO MOBILIARIO C INVENTARIABLE	INV1496	0	10	10	0	20	No	0	0	0						11/04/2025		S	N	S	S	VENDER			0	0	0
ALMACEN REPARACIONES	TIANJIN NORMAN FORNITURE CO. LTD	RAKEL	00001 - Muebles	00057 - Asientos	00002 - Sofás	00001 - Sillas	 -	Asientos	6401046-54909	1,496E+12	SILLA RAKEL LDC-2026,#ACABADO EN TELA HAGO-30 BEIG	LDC-2026	0	3	0	0	3	No	68,43	55,61	119				0,434553782	0,434553782	19/08/2024	18/07/2025	S	N	S	N	IMPORTACION			205,29	166,83	357
ALMACEN REPARACIONES	TOVAL MONTAÑO MIGUEL ANGEL	NINGUNA	00001 - Muebles	00056 - Auxiliares	00001 - Mueble Auxiliar	00006 - Mesas	 -	Mueble Auxiliar	6307300	1,359E+12	MESA CAMILLA COMPLETA DM 120X70  GRUPO 1,#ACABADO EN TELA TORINO 1 TAPETE LONDRES 8	GRUPO 1	0	1	1	0	2	No	85	84,98	165,89				0,38015673	0,38015673	04/02/2026	09/03/2026	S	N	S	S	COLECCION C/A			85	84,98	165,89
ALMACEN REPARACIONES	TOVAL MONTAÑO MIGUEL ANGEL	NINGUNA	00001 - Muebles	00056 - Auxiliares	00001 - Mueble Auxiliar	00099 - Acc. Auxiliar	 -	Mueble Auxiliar		1,359E+12	ACCESORIO  C INVENTARIABLE	1359INV	0	2	2	0	4	No	25	14,75	48,79				0,634197581	0,634197581	25/02/2026	20/11/2025	S	N	S	S	VENDER			50	29,5	97,58
ALMACEN REPARACIONES	TRATAM.INTEGRAL DEL AGUA HIDROSALUD	HIDROSALUD	00002 - Electrodomesticos	00007 - Pequeño Electrodoméstico	00003 - Hogar	00002 - Depuradores	 -	Pequeño Electrodoméstico		1,449E+12	DEPURADOR DE AGUA RO BOLD FLUJO DIRECTO MEMBRANA 600GPD		0	1	-4	0	-3	No	135	135	499				0,672645291	0,672645291	02/02/2026	27/02/2026	S	N	S	S	VENDER		50	135	135	499
ALMACEN REPARACIONES	UNITO COMFORT, S.L	ERIKA	00001 - Muebles	00057 - Asientos	00002 - Sofás	00003 - Butacas	 -	Asientos	6348615	1,207E+12	BUTACA BALANCIN GIRATORIO ERIKA ER-01 SERIE 3,#ACABADO EN TELA HERITAGE TERRACOTA	ER-01 SERIE 3	0	1	1	0	2	No	322,6	297,22	936,81				0,616105507	0,616105507	21/10/2025	06/10/2023	S	S	N	N	LIQUIDACION			322,6	297,22	936,81
ALMACEN REPARACIONES	UNIVERSAL IMPORTADORA ALICANTINA SA	NINGUNA	00001 - Muebles	00053 - Decoración	00002 - Decoracion	00001 - Decoracion	 -	Decoración	6349464	9,83001E+11	PLANTA PLASTICO 13 X 13 X 21 CM MACETA DE CEMENTO.  136437	136437	0	1	1	0	2	No	4,78	4,54	10,9				0,496018349	0,496018349			S	N	S	S	VENDER	8,42435E+12		4,78	4,54	10,9
ALMACEN REPARACIONES	VAMASUR,S.L.	MY FEEL	00001 - Muebles	00052 - Salón	00002 - Salón comedor	00002 - Elementos	 -	Salón	6260406	6,55005E+11	FOCO LED MY FEEL PUNT-LED70	PUNT-LED70	0	3	0	0	3	No	8,62	8,38	16,9		8,9	16,9	0,400011834	-0,139303371	02/05/2023		S	N	N	N	LIQUIDACION		1	25,86	25,14	50,7
ALMACEN REPARACIONES	VAMASUR,S.L.	NINGUNA	00001 - Muebles	00052 - Salón	00002 - Salón comedor	00004 - Comedores completos	 -	Salón		6,55001E+11	ACCESORIO C INVENTARIABLE NINGUNA	0655INV	0	9	9	0	18	No	0	0	0						29/05/2025	29/01/2025	S	N	S	S	VENDER			0	0	0
ALMACEN REPARACIONES	VAMASUR,S.L.	TESEO	00001 - Muebles	00050 - Dormitorios Matrimonio	00001 - Dormitorio	00002 - Cabezales	 -	Dormitorios matrimonio	6362352	6,55007E+11	GALERIA BOREAL 285 X 71 CAMA 150 PARA MESITAS 60 LED TESEO 11-815-285L	11-815-285L	0	1	1	0	2	No	165,58	162,27	329				0,40320152	0,40320152	05/11/2024	15/01/2025	S	N	N	N	LIQUIDACION			165,58	162,27	329
ALMACEN REPARACIONES	VENTA SERVICIO LED S.L.	NINGUNA	00006 -	00002 - Sillas	 -	 -	 -	Auxiliar		4,056E+12	ACCESORIO ASIENTOS INVENTARIABLE	4056INV	0	1	1	0	2	No	0	0	0						16/01/2026		S	N	S	S	VENDER			0	0	0
ALMACEN REPARACIONES	VERSA HOME	NINGUNA	00001 - Muebles	00053 - Decoración	00002 - Decoracion	00001 - Decoracion	 -	Decoración		23001012840	ACCESORIO MOBILIARIO  C INVENTARIABLE	23INV	0	1	1	0	2	No	0	0	0						19/12/2025		S	N	S	S	VENDER			0	0	0
ALMACEN REPARACIONES	VERSA HOME	NINGUNA	00001 - Muebles	00054 - Menaje	00002 - Servicio de Mesa	00001 - Vajilla	 -	Menage		23001013008	VAJILLA 18 P. DENALI BEIGE 22590011	22590011	0	2	0	0	2	No	23,96	23,96	43,92				0,339899818	0,339899818	17/03/2026	17/03/2026	S	N	S	S	VENDER	8,42033E+12		47,92	47,92	87,84
ALMACEN REPARACIONES	VERSA HOME	NINGUNA	00001 - Muebles	00056 - Auxiliares	00001 - Mueble Auxiliar	00099 - Acc. Auxiliar	 -	Mueble Auxiliar		23001012490	ESTANTERIA 5 ALTURAS NORTON 21300061	21300061	0	1	1	0	2	No	59,95	44,96	106,71		59,9	106,71	0,490192109	0,091792988	09/04/2025	09/06/2025	S	N	N	N	LIQUIDACION	8,42033E+12	2	59,95	44,96	106,71
ALMACEN REPARACIONES	VISOBATH S L	BOX	00003 - Cocinas	00001 - Baño	00001 - Mobiliario	00001 - Armarios	 -	Baño		1,18E+12	MUEBLE 2 CAJONES BOX+LAVABO FLAT+ESPEJO SEVILLA 60 COSTA 78697	78697	0	1	0	0	1	No	177,84	154,44	309		179	309	0,395234951	-0,043979888	09/02/2026	21/03/2025	S	N	S	S	VENDER			177,84	154,44	309
ALMACEN REPARACIONES	VISOBATH S L	NINGUNA	00003 - Cocinas	00001 - Baño	00001 - Mobiliario	00001 - Armarios	 -	Baño		1,18E+12	MUEBLE GRANADA 3 CAJONES 80CM CENIZA 70525	70525	0	1	1	0	2	No	200,64	147,84	345,1		199	345,1	0,481638945	0,101073367	02/08/2024	01/07/2024	S	N	N	N	LIQUIDACION	8,43401E+12		200,64	147,84	345,1
ALMACEN REPARACIONES	VISOBATH S L	NINGUNA	00003 - Cocinas	00001 - Baño	00001 - Mobiliario	00004 - Modulos y Encimeras	 -	Baño		1,18E+12	ACCESORIO  C INVENTARIABLE	1180INV	0	2	2	0	4	No	0	26,22	0						14/08/2025	18/09/2025	S	N	S	S	VENDER			0	52,44	0
ALMACEN REPARACIONES	VISOBATH S L	NINGUNA	00003 - Cocinas	00001 - Baño	00001 - Mobiliario	00099 - Accesorios	 -	Baño		1,18E+12	TIRADOR GRANADA 80 (3 UNIDADES) NEGRO 71189	71189	0	1	1	0	2	No	0	0	0		0,01	0		1	11/12/2023	27/06/2024	S	N	N	N	LIQUIDACION	8,43401E+12		0	0	0
ALMACEN REPARACIONES	VISOBATH S L	NINGUNA	00003 - Cocinas	00001 - Baño	00001 - Mobiliario	00099 - Accesorios	 -	Baño		1,18E+12	PATAS GRANADA (4 UNIDADES) NEGRO 87610	87610	0	2	2	0	4	No	0	0	0		0,01	0		1	06/09/2024	01/07/2024	S	N	N	N	LIQUIDACION	8,43401E+12		0	0	0
ALMACEN REPARACIONES	VISOBATH S L	NINGUNA	00003 - Cocinas	00001 - Baño	00003 - Sanitarios	00002 - Lavabos	 -	Baño	6394390	1,18E+12	ESPEJO A MEDIDA 120X100 RETROILUMINADO		0	1	1	0	2	No	244,87	244,87	429				0,309341026	0,309341026	30/05/2023	27/07/2023	S	N	N	N	LIQUIDACION			244,87	244,87	429
ALMACEN REPARACIONES	VISOBATH S L	NINGUNA	00003 - Cocinas	00001 - Baño	00003 - Sanitarios	00002 - Lavabos	 -	Baño		1,18E+12	LAVABO FLAT CERAMICO 80 CM 80022	80022	0	1	1	0	2	No	59,28	54,84	101,94				0,349064155	0,349064155	14/01/2026	24/01/2026	S	N	S	S	VENDER	8,43401E+12		59,28	54,84	101,94
ALMACEN REPARACIONES	XINYANG YONGHAOXUAN FURNITURE CO,LT	ALTAN	00001 - Muebles	00057 - Asientos	00002 - Sofás	00002 - Butacas	 -	Asientos	6392275-54388	1,334E+12	SILLON RELAX ALTAN HD-1858,#ACABADO EN TELA PK1083 GRIS	HD-1858	0	1	1	0	2	No	119,83	118,92	389		159	389	0,630094602	0,095011321	19/09/2024	26/03/2025	S	N	N	N	LIQUIDACION		1,59	119,83	118,92	389
ALMACEN REPARACIONES	XINYANG YONGHAOXUAN FURNITURE CO,LT	FRAN	00001 - Muebles	00057 - Asientos	00002 - Sofás	00002 - Butacas	 -	Asientos	6339331-49578	1,334E+12	SILLON RELAX MANUAL 75X95X100 FRAN HD1808-2,#ACABADO EN TELA 1802-32 GRIS OSCURO	HD1808	0	2	2	0	4	No	136,4	144,17	399		149	399	0,562792732	-0,17077651	06/09/2025	09/07/2024	S	N	N	N	LIQUIDACION	8,43568E+12	1,99	272,8	288,34	798
ALMACEN REPARACIONES	XINYANG YONGHAOXUAN FURNITURE CO,LT	FRAN	00001 - Muebles	00057 - Asientos	00002 - Sofás	00004 - Sofas	 -	Asientos	6339329-49578	1,334E+12	SOFA 3 PL.C/2 RELAX MANUAL 180X95X100 FRAN HD1808-2,#ACABADO EN TELA 1802-32 GRIS OSCURO	HD1808-2	0	2	2	0	4	No	272,78	234,83	789		239	909	0,639867807	-0,188888285			S	S	N	N	LIQUIDACION	8,43568E+12	10	545,56	469,66	1578
ALMACEN REPARACIONES	XINYANG YONGHAOXUAN FURNITURE CO,LT	LORCA	00001 - Muebles	00057 - Asientos	00002 - Sofás	00013 - Sofas cama	 -	Asientos	6400409-54830	1,334E+12	SOFA CAMA 189X95 LORCA HD6087A ,#ACABADO EN TELA KSTUR 7 GRIS CLARO	HD6087A	0	1	1	0	2	No	220,63	219,36	469				0,434060554	0,434060554	19/11/2025	06/09/2024	S	N	N	N	LIQUIDACION	8,43568E+12		220,63	219,36	469
ALMACEN REPARACIONES	XINYANG YONGHAOXUAN FURNITURE CO,LT	MAXI	00001 - Muebles	00057 - Asientos	00002 - Sofás	00002 - Butacas	 -	Asientos	6364215-53457	1,334E+12	SILLON RELAX POWER LIFT 2 MOTORES MAXI HD-5108,#ACABADO EN GRIS 0953	HD-5108	0	3	2	0	5	No	238,43	239,61	709		329	709	0,591074612	0,118759574	17/03/2025	18/09/2024	S	N	N	N	LIQUIDACION	8,43568E+12	3,29	715,29	718,83	2127
ALMACEN REPARACIONES	XINYANG YONGHAOXUAN FURNITURE CO,LT	SHARA	00001 - Muebles	00057 - Asientos	00002 - Sofás	00002 - Butacas	 -	Asientos	6356352-33979	1,334E+12	SILLON RELAX ELECTRICO SHARA HD-1916,#ACABADO EN CHOCOLATE HILO DORADO	HD-1916	0	1	0	0	1	No	243,84	243,84	709		299	819	0,583855571	0,013222742	18/09/2025	14/01/2025	S	S	N	N	LIQUIDACION	8,43568E+12	3	243,84	243,84	709
ALMACEN REPARACIONES	XINYANG YONGHAOXUAN FURNITURE CO,LT	TOM	00001 - Muebles	00057 - Asientos	00002 - Sofás	00002 - Butacas	 -	Asientos	6364220-54600	1,334E+12	SILLON RELAX ELECTRICO TOM HD-1927,#ACABADO EN TELA PK1040A-3 GRIS PERLA	HD-1927	0	1	1	0	2	No	145,73	148,76	319				0,435737931	0,435737931		18/06/2025	S	N	N	N	LIQUIDACION	8,43568E+12	2	145,73	148,76	319
ALMACEN REPARACIONES	XINYANG YONGHAOXUAN FURNITURE CO,LT	VENTUR	00001 - Muebles	00057 - Asientos	00002 - Sofás	00002 - Butacas	 -	Asientos	6356357-53457	1,334E+12	SILLON RELAX POWER LIFT VENTUR HD-5102,#ACABADO EN TELA 0953 GRIS	HD-5102	0	1	1	0	2	No	202,4	218,17	589		299	589	0,551806961	0,117104682	10/04/2024	11/02/2026	S	N	N	N	LIQUIDACION	8,43568E+12	2	202,4	218,17	589
