DescAlmacenStock;Proveedor;DMarca;DFamil_N1;DFamil_N2;DFamil_N3;DFamil_N4;DFamil_N5;LVenta;Codigo_Anterior;Cod.Artículo;Artículo;RefProv;PendRecibir;Stock;StockDisp;PendServir;PRec+Stock+Disp+PServ;SumaStocks0;PrecioAdq_Artic;PrecioInvent;PVP_artic;Oferta_Compra;Oferta_Venta;PVPanterior;%MB-Stock;%MB-Stock-Oferta;UltFechaAlbCompra;UltFechaAlbVenta;ArticActivo;Obsoleto;Comprar_Stock;Comprar_Cliente;Clasificación;Ean13;Fijo_Vendedor;Val Stock x PrecioAdq_Artic;Val Stock x PrecioInvent;Val Stock x PVP_Artic
ALMACEN REPARACIONES;"*EDESA INDUSTRIAL, S.L.";FAGOR;00002 - Electrodomesticos;00007 - Pequeño Electrodoméstico;00001 - Cocina;00004 - Batidoras; -;Pequeño Electrodoméstico;6255143;01158001010000;BATIDORA C/A 600 W FAGOR B675MA;B675MA;0;1;1;0;2;No;22;22;"37,99";;"29,6";"37,99";"0,299289286654383";"0,100675675675676";;;S;S;N;N;LIQUIDACION;8413880206066;;22;22;"37,99"
ALMACEN REPARACIONES;"*GRUPO HRC HOME, S.L";CHS;00002 - Electrodomesticos;00006 - Gran Electrodoméstico;00001 - Coccion;00003 - Encimeras; -;Gran Electrodoméstico;6356829;01365001010053;ENCIMERA INDUCCION 3 F 8000 W FUEGO 32 CHS IND3328SL;IND3328SL;0;0;-2;0;-2;No;"108,75";"108,75";"328,93";;;;"0,599952877511933";"0,599952877511933";05/06/2025;05/12/2024;S;N;N;N;ULTIMAS UNIDADES;8437022725086;5;0;0;0
ALMACEN REPARACIONES;"*GRUPO HRC HOME, S.L";ROMO;00001 - Muebles;00058 - Terraza y Jardín;00001 - Terraza y Jardin;00002 - Conjuntos; -;Terraza y Jardín;6374091;01365001010094;CONJUNTO JARDIN MONACHIL ROMO ROSJMONACHIL;ROSJMONACHIL;0;1;1;0;2;No;795;795;1389;;799;1529;"0,307451403887689";"-0,203942428035044";;17/11/2025;S;S;N;N;LIQUIDACION;8435676708646;"9,99";795;795;1389
ALMACEN REPARACIONES;"*GRUPO HRC HOME, S.L";ROMO;00002 - Electrodomesticos;00006 - Gran Electrodoméstico;00001 - Coccion;00003 - Encimeras;00003 - Vitro;Gran Electrodoméstico;;01365001010130;VITROCERAMICA INDUCCION 3 FUEGOS ROMO RO-IN3F;ROIN3F;0;0;-1;0;-1;No;126;126;238;"90,62";115;238;"0,359411764705882";"-0,325739130434783";05/06/2025;22/08/2025;S;N;N;N;ULTIMAS UNIDADES;8436609660628;3;0;0;0
ALMACEN REPARACIONES;"*GRUPO HRC HOME, S.L";ROMO;00002 - Electrodomesticos;00006 - Gran Electrodoméstico;00003 - Lavado;00001 - Lavadoras; -;Gran Electrodoméstico;6401422;01365001010121;LAVADORA 6 KG 1000 RPM CLASE E ROMO RO-W6KG1000W;ROW6KG1000W;0;0;-1;0;-1;No;170;170;269;;;;"0,235315985130112";"0,235315985130112";05/06/2025;13/11/2024;S;N;N;N;LIQUIDACION;8436609660673;"2,69";0;0;0
ALMACEN REPARACIONES;"*GRUPO HRC HOME, S.L";ROMO;00002 - Electrodomesticos;00007 - Pequeño Electrodoméstico;00003 - Hogar;00006 - Planchas; -;Pequeño Electrodoméstico;6357965;01365001010065;CENTRO DE PLANCHADO ROMO RO-CP3000N;ROCP3000N;0;0;-1;0;-1;No;"36,68";"40,98";"64,452";"20,49";"28,2";"64,45";"0,230655371439211";"-0,75836170212766";18/08/2025;27/12/2025;S;N;N;N;LIQUIDACION;8437019702748;"1,5";0;0;0
ALMACEN REPARACIONES;*INDUFEX S.L.;NEVA;00001 - Muebles;00050 - Dormitorios Matrimonio;00001 - Dormitorio;00005 - Mesitas de noche; -;Dormitorios matrimonio;6316597;00582004010080;MESITA 2+1 CAJONES 55 55X60X35  NOGAL NEVA NV-662;NV-662;0;2;2;0;4;No;"107,1";"106,05";209;;;;"0,386026315789474";"0,386026315789474";;;S;S;N;N;LIQUIDACION;;;"214,2";"212,1";418
ALMACEN REPARACIONES;"ADAVIGAL, S.L.";PARIS;00001 - Muebles;00057 - Asientos;00002 - Sofás;00001 - Sillas; -;Asientos;6366164;01018001010008;SILLA BLANCA PARIS 2530020000;2530020000;0;1;0;0;1;No;"14,81";"14,81";"29,9";;"10,9";"29,9";"0,400665551839465";"-0,644045871559633";;02/05/2025;S;N;N;N;LIQUIDACION;8427507120253;1;"14,81";"14,81";"29,9"
ALMACEN REPARACIONES;"ADAVIGAL, S.L.";PARIS;00001 - Muebles;00057 - Asientos;00002 - Sofás;00001 - Sillas; -;Asientos;6369350;01018001010014;SILLA GRIS PARIS 2530020001;2530020001;0;3;1;0;4;No;"14,81";"14,81";"29,9";;"19,9";"29,9";"0,400665551839465";"0,099492462311558";;26/11/2025;S;S;N;N;LIQUIDACION;8435676704587;2;"44,43";"44,43";"89,7"
ALMACEN REPARACIONES;"ADAVIGAL, S.L.";SMILE;00001 - Muebles;00057 - Asientos;00002 - Sofás;00001 - Sillas; -;Asientos;6366165;01018001010009;SILLA GRIS ANTRACITA SMILE 2660024238;2660024238;0;4;4;0;8;No;"25,86";"25,86";71;;"29,9";71;"0,559287323943662";"-0,046508361204013";;05/10/2023;S;N;N;N;BAJA ROTACION;8427507124510;2;"103,44";"103,44";284
ALMACEN REPARACIONES;ADI HOGAR Y HOSTELERIA IBERICA S.L.;NINGUNA;00001 - Muebles;00054 - Menaje;00002 - Servicio de Mesa;00001 - Vajilla; -;Menage;;00845001011179;VAJILLA CERAMICA 12 PZS DUNA CREMA QD;5426271;0;0;-1;0;-1;No;"19,9";"19,59";"35,82";;;;"0,338249581239531";"0,338249581239531";02/01/2026;02/02/2026;S;N;S;N;OFERTA;8414793725774;;0;0;0
ALMACEN REPARACIONES;ADI HOGAR Y HOSTELERIA IBERICA S.L.;NINGUNA;00001 - Muebles;00054 - Menaje;00002 - Servicio de Mesa;00001 - Vajilla; -;Menage;;00845001011219;VAJILLA 12 PZ ARTIC WHITE QUEEN'S  5426073;5426073;0;0;-1;0;-1;No;"23,9";"22,71";"43,81";;;;"0,372766491668569";"0,372766491668569";24/12/2025;12/02/2026;S;N;S;N;OFERTA;8414793719094;;0;0;0
ALMACEN REPARACIONES;ADI HOGAR Y HOSTELERIA IBERICA S.L.;NINGUNA;00001 - Muebles;00054 - Menaje;00002 - Servicio de Mesa;00001 - Vajilla; -;Menage;;00845001011245;VAJILLA PORCELANA 18PZS AQUILEA AZUL BID  5426679;5426679;0;0;-1;0;-1;No;"24,9";"24,43";"48,25";;;;"0,387351295336788";"0,387351295336788";09/02/2026;06/02/2026;S;N;S;N;OFERTA;8414793733526;;0;0;0
ALMACEN REPARACIONES;ADI HOGAR Y HOSTELERIA IBERICA S.L.;NINGUNA;00001 - Muebles;00054 - Menaje;00002 - Servicio de Mesa;00001 - Vajilla; -;Menage;;00845001011279;VAJILLA PORCELANA 18PZ AQUILEA GRIS BID 5426678;5426678;0;0;-2;0;-2;No;"24,9";"24,33";"48,25";;;;"0,389859067357513";"0,389859067357513";13/11/2025;27/01/2026;S;N;S;N;OFERTA;8414793733519;;0;0;0
ALMACEN REPARACIONES;ADI HOGAR Y HOSTELERIA IBERICA S.L.;NINGUNA;00001 - Muebles;00054 - Menaje;00002 - Servicio de Mesa;00001 - Vajilla; -;Menage;;00845001011306;VAJILLA CERÁMICA 12 PIEZAS MOANA BIDASOA;5426728;0;0;-3;0;-3;No;"23,9";"23,9";"46,32";;;;"0,375669257340242";"0,375669257340242";02/01/2026;29/01/2026;S;N;S;N;OFERTA;8414793746274;;0;0;0
ALMACEN REPARACIONES;ADI HOGAR Y HOSTELERIA IBERICA S.L.;NINGUNA;00001 - Muebles;00054 - Menaje;00002 - Servicio de Mesa;00001 - Vajilla; -;Menage;;00845001011320;VAJILLA 18PZ FARO QUID  5427461;5427461;0;0;-1;0;-1;No;"18,55";"18,24";34;;;;"0,350870588235294";"0,350870588235294";09/02/2026;05/01/2026;S;N;S;N;OFERTA;8414793756792;;0;0;0
ALMACEN REPARACIONES;ADI HOGAR Y HOSTELERIA IBERICA S.L.;NINGUNA;00001 - Muebles;00054 - Menaje;00002 - Servicio de Mesa;00002 - Complementos Vajilla; -;Menage;6271183;00845001010514;PLATO P.TRANSP. 32 C/ALA ORO  7410099;7410099;0;0;-9;0;-9;No;"4,4";"4,14";"8,59";;;;"0,416833527357392";"0,416833527357392";;05/12/2025;S;S;S;N;OFERTA;8414793548397;;0;0;0
ALMACEN REPARACIONES;ADI HOGAR Y HOSTELERIA IBERICA S.L.;NINGUNA;00001 - Muebles;00054 - Menaje;00002 - Servicio de Mesa;00099 - Acc. de Mesa; -;Menage;6330048;00845001010654;VAJILLA 18P GRES AQUA VITA QD  7407087;7407087;0;0;-1;0;-1;No;"26,95";"25,92";"53,12";;;;"0,409578313253012";"0,409578313253012";30/12/2025;05/12/2025;S;N;S;S;VENDER;8414793612609;;0;0;0
ALMACEN REPARACIONES;ADI HOGAR Y HOSTELERIA IBERICA S.L.;NINGUNA;00001 - Muebles;00054 - Menaje;00002 - Servicio de Mesa;00099 - Acc. de Mesa; -;Menage;;00845001011289;"ACCESORIO ""C"" INVENTARIABLE";845INV;0;1;0;0;1;No;0;0;0;;;;;;09/02/2026;03/02/2026;S;N;S;S;VENDER;;;0;0;0
ALMACEN REPARACIONES;AGAMYD S.A;SALLY;00001 - Muebles;00056 - Auxiliares;00001 - Mueble Auxiliar;00006 - Mesas; -;Mueble Auxiliar;6241492;01160001010007;MESA DE CENTRO RECT. 110X45X60 SALLY 112425;112425;0;1;1;0;2;No;66;"60,69";129;;;;"0,430737209302326";"0,430737209302326";;;S;S;N;N;LIQUIDACION;;;66;"60,69";129
ALMACEN REPARACIONES;AGAMYD S.A;XAVI;00001 - Muebles;00056 - Auxiliares;00001 - Mueble Auxiliar;00006 - Mesas; -;Mueble Auxiliar;6265133-22;01160001010050;"MESA DE CENTRO XAVI,#ACABADO EN BLANCO";;0;1;1;0;2;No;"64,8";"49,37";129;;;;"0,536917054263566";"0,536917054263566";;23/02/2024;S;N;S;S;OFERTA;;;"64,8";"49,37";129
ALMACEN REPARACIONES;ALMA SOFAS S.L.;IZNAJAR;00001 - Muebles;00057 - Asientos;00002 - Sofás;00004 - Sofás; -;Asientos;6366813;01464001010146;"CONJUNTO 3+2 PLAZAS IZNAJAR TELA OFERTA,#ACABADO EN TELA EDA COLOR 1 CRUDO";TELA OFERTA;0;1;1;0;2;No;"653,86";"603,56";"1323,01";;;;"0,447995404418712";"0,447995404418712";04/02/2025;02/10/2024;S;N;S;S;COLECCION;;;"653,86";"603,56";"1323,01"
ALMACEN REPARACIONES;ALMA SOFAS S.L.;NINGUNA;00001 - Muebles;00057 - Asientos;00002 - Sofás;00008 - Chaise longues; -;Asientos;;01464001010095;ACCESORIO  C INVENTARIABLE;INV1464;0;3;3;0;6;No;0;0;0;;;;;;30/01/2026;30/04/2024;S;N;S;S;VENDER;;;0;0;0
ALMACEN REPARACIONES;ALTA S.R.L. UNIPERSONALE;NINGUNA;00003 - Cocinas;00002 - Cocina;00002 - Mobiliario;00099 - Acc. Mobiliario; -;Cocinas;6318113;01360001010011;COCINA S22 LAC.LUCIDO BIANCO 17 SIST.22 EXPO JUNCARIL 1 PEDIDO 2019 02 660;PEDIDO 2019 02 660;0;0;-1;0;-1;No;"3483,19";"2693,19";9468;;;;"0,655813276299113";"0,655813276299113";;26/04/2025;S;S;S;S;VENDER;;;0;0;0
ALMACEN REPARACIONES;ALTA S.R.L. UNIPERSONALE;NINGUNA;00003 - Cocinas;00002 - Cocina;00002 - Mobiliario;00099 - Acc. Mobiliario; -;Cocinas;6318114;01360001010012;COCINA SUPERM.TORT. AP2 SIST.22 EXPO JUNCARIL 2 PEDIDO 2019 02 661;PEDIDO 2019 02 661;0;0;-1;0;-1;No;"6572,21";"5173,79";18193;;;;"0,655895899521794";"0,655895899521794";;13/03/2025;S;S;S;S;VENDER;;;0;0;0
ALMACEN REPARACIONES;ALTA S.R.L. UNIPERSONALE;NINGUNA;00003 - Cocinas;00002 - Cocina;00002 - Mobiliario;00099 - Acc. Mobiliario; -;Cocinas;6360623;01360001010054;COCINA SISTEMA 22 2100391;2100391;0;1;1;0;2;No;"0,01";"0,01";"0,01";;;;"-0,21";"-0,21";08/04/2022;;S;S;S;S;VENDER;;;"0,01";"0,01";"0,01"
ALMACEN REPARACIONES;ANDREA BIZZOTTO S.P.A.;NINGUNA;00001 - Muebles;00057 - Asientos;00002 - Sofás;00001 - Sillas; -;Asientos;;04887001010121;SILLA C-R IDRIS NEGRO 0747195;0747195;0;2;1;0;3;No;"125,73";"134,41";"253,56";;;;"0,358589288531314";"0,358589288531314";13/01/2026;21/01/2026;S;N;S;S;VENDER;8051836689305;;"251,46";"268,82";"507,12"
ALMACEN REPARACIONES;ANDREA BIZZOTTO S.P.A.;NINGUNA;00001 - Muebles;00057 - Asientos;00002 - Sofás;00001 - Sillas; -;Asientos;;04887001010151;SILLA CROSS MARRON NATURAL 0743654;0743654;0;0;-2;0;-2;No;"58,99";"58,99";"118,97";;;;"0,40003446246953";"0,40003446246953";04/11/2025;10/12/2025;S;N;S;S;VENDER;;;0;0;0
ALMACEN REPARACIONES;ANJI DELI FURNITURE CO.LIMITED;AITIN;00001 - Muebles;00057 - Asientos;00002 - Sofás;00001 - Sillas; -;Asientos;6294889-49511;01326001010018;"SILLA AITIN DL-806,#ACABADO EN TELA UF-860-17B";DL-806;0;2;2;0;4;No;"22,96";"22,87";"53,9";;"29,9";"53,9";"0,486591836734694";"0,074491638795987";;;S;S;N;N;LIQUIDACION;8435676701562;2;"45,92";"45,74";"107,8"
ALMACEN REPARACIONES;ANJI DELI FURNITURE CO.LIMITED;BIMBA;00001 - Muebles;00057 - Asientos;00002 - Sofás;00002 - Butacas; -;Asientos;6340587-51572;01326001010014;"BUTACA BIMBA,#ACABADO EN TELA COWBOY 215";;0;1;1;0;2;No;"115,78";"115,78";"249,01";;159;189;"0,437396891691097";"0,118906918238994";04/01/2024;27/05/2025;S;N;N;N;LIQUIDACION;8435676703153;2;"115,78";"115,78";"249,01"
ALMACEN REPARACIONES;ANJI DELI FURNITURE CO.LIMITED;BIMBA;00001 - Muebles;00057 - Asientos;00002 - Sofás;00002 - Butacas; -;Asientos;6340587-51578;01326001010017;"BUTACA BIMBA,#ACABADO EN TELA PK1003-3 BEIGE";;0;2;2;0;4;No;"115,78";"115,78";"249,01";;159;389;"0,437396891691097";"0,118906918238994";;19/05/2025;S;N;N;N;LIQUIDACION;8435676703153;"1,59";"231,56";"231,56";"498,02"
ALMACEN REPARACIONES;ANJI DELI FURNITURE CO.LIMITED;CLUBBY;00001 - Muebles;00057 - Asientos;00002 - Sofás;00002 - Butacas; -;Asientos;6340581-51572;01326001010009;"SILLON CLUBBY,#ACABADO EN TELA COWBOY 215";;0;1;1;0;2;No;"99,79";"99,79";219;;139;339;"0,448648858447489";"0,131324460431655";;21/01/2026;S;N;N;N;LIQUIDACION;8435676700435;2;"99,79";"99,79";219
ALMACEN REPARACIONES;ANJI DELI FURNITURE CO.LIMITED;HAVEN;00001 - Muebles;00057 - Asientos;00002 - Sofás;00002 - Butacas; -;Asientos;6340582-51573;01326001010010;"BUTACA HAVEN,#ACABADO EN TELA PK1003-7 MOSTAZA";;0;2;2;0;4;No;"78,69";"78,69";169;;"99,9";269;"0,436598224852071";"0,046897897897898";;15/04/2024;S;N;N;N;LIQUIDACION;;"1,29";"157,38";"157,38";338
ALMACEN REPARACIONES;ANJI SHENGXING OFFICE FURNITURE CO.;ARKET;00001 - Muebles;00057 - Asientos;00002 - Sofás;00002 - Butacas; -;Asientos;6325758-50398;01022001010020;"SILLON RELAX POWER LIFT 2 MOTORES ARKET SX-80507-2S,#ACABADO EN TELA FABRIC K-10-093 GRIS";SX-80507-2S;0;2;2;0;4;No;"176,99";"163,22";379;;;;"0,478901846965699";"0,478901846965699";;;S;S;N;N;LIQUIDACION;;;"353,98";"326,44";758
ALMACEN REPARACIONES;ANJI SHENGXING OFFICE FURNITURE CO.;KABUL;00001 - Muebles;00057 - Asientos;00002 - Sofás;00002 - Butacas; -;Asientos;6325759-50399;01022001010021;"SILLON RELAX PUSH BACK KABUL SX-80230,#ACABADO EN TELA DLN 1080B-7 GRIS";SX-80230;0;1;1;0;2;No;"92,81";"92,82";199;;;;"0,435617085427136";"0,435617085427136";;;S;S;N;N;LIQUIDACION;8435676700190;;"92,81";"92,82";199
ALMACEN REPARACIONES;ANJI SHENGXING OFFICE FURNITURE CO.;MAX;00001 - Muebles;00057 - Asientos;00002 - Sofás;00002 - Butacas; -;Asientos;;01022001010053;SILLON RELAX CON POUF SX-70091 MAX TELA BAILUN-1 GRIS CLARO;SX-70091;0;0;-2;0;-2;No;"145,87";"148,69";369;;339;369;"0,512425745257452";"0,469277581120944";04/11/2025;06/02/2026;S;N;S;N;IMPORTACION;8435676700046;;0;0;0
ALMACEN REPARACIONES;ANJI SHENGXING OFFICE FURNITURE CO.;MULHACEN;00001 - Muebles;00057 - Asientos;00002 - Sofás;00002 - Butacas; -;Asientos;;01022001010032;"SILLON RELAX MANUAL MULHACEN SX-81351,#ACABADO EN TELA BALTIC 748 OCEAN";SX-81351;0;1;1;0;2;No;"100,78";"102,22";219;;209;229;"0,435222831050228";"0,4082";12/03/2025;22/01/2026;S;N;S;N;IMPORTACION;8435676700046;;"100,78";"102,22";219
ALMACEN REPARACIONES;ANJI SHENGXING OFFICE FURNITURE CO.;PETER;00001 - Muebles;00057 - Asientos;00002 - Sofás;00002 - Butacas; -;Asientos;6256169-41703;01022001010019;"SILLON RELAX POWER LIFT PETER SX-80000,#ACABADO EN PU MOKA";SX-80000;0;2;2;0;4;No;"193,3";"170,13";559;;209;559;"0,631740071556351";"0,015036842105263";01/08/2024;;S;N;N;N;LIQUIDACION;8435676700114;2;"386,6";"340,26";1118
ALMACEN REPARACIONES;ANJI SHENGXING OFFICE FURNITURE CO.;RONDO;00001 - Muebles;00057 - Asientos;00002 - Sofás;00002 - Butacas; -;Asientos;6347054;01022001010050;"SILLON RELAX POWER LIFT Y MASAJE RONDO SX-AF80590S,#ACABADO EN TELA XNR6 13 AZUL";SX-AF80590S;0;0;-1;0;-1;No;"173,64";"168,64";369;;319;369;"0,447007046070461";"0,360331034482759";12/11/2024;30/12/2025;S;N;N;N;LIQUIDACION;8435676700046;;0;0;0
ALMACEN REPARACIONES;ANJI SHENGXING OFFICE FURNITURE CO.;RONDO;00001 - Muebles;00057 - Asientos;00002 - Sofás;00002 - Butacas; -;Asientos;6347054;01022001010051;"SILLON RELAX POWER LIFT Y MASAJE RONDO SX-AF80590S,#ACABADO EN TELA XNR6 1 BEIG";SX-AF80590S;0;1;0;0;1;No;"168,64";"168,64";"358,38";;329;"358,38";"0,430620012277471";"0,379773860182371";21/10/2025;23/12/2025;S;N;N;N;LIQUIDACION;8435676700046;;"168,64";"168,64";"358,38"
ALMACEN REPARACIONES;ANJI SHENGXING OFFICE FURNITURE CO.;RONDO;00001 - Muebles;00057 - Asientos;00002 - Sofás;00002 - Butacas; -;Asientos;6347054;01022001010052;"SILLON RELAX POWER LIFT Y MASAJE RONDO SX-AF80590S,#ACABADO EN TELA XNR6 7 GRIS OSCURO";SX-AF80590S;0;1;-2;0;-1;No;"152,04";"151,57";329;;299;329;"0,442554103343465";"0,386623076923077";04/11/2025;09/02/2026;S;N;N;N;LIQUIDACION;8435676700046;;"152,04";"151,57";329
ALMACEN REPARACIONES;ANJI SHENGXING OFFICE FURNITURE CO.;RONDO;00001 - Muebles;00057 - Asientos;00002 - Sofás;00002 - Butacas; -;Asientos;6347054-51961;01022001010015;"SILLON RELAX POWER LIFT Y MASAJE RONDO SX-AF80590S,#ACABADO EN TELA DLN1080B-8 NEGRO";SX-AF80590S;0;2;1;0;3;No;"149,5";"156,5";369;;;;"0,486815718157182";"0,486815718157182";21/11/2024;01/04/2024;S;N;N;N;LIQUIDACION;8435676700046;;299;313;738
ALMACEN REPARACIONES;ANJI SHENGXING OFFICE FURNITURE CO.;RONDO;00001 - Muebles;00057 - Asientos;00002 - Sofás;00002 - Butacas; -;Asientos;6347054-51962;01022001010016;"SILLON RELAX POWER LIFT Y MASAJE RONDO SX-AF80590S,#ACABADO EN TELA DLN1080B-11 GRIS";SX-AF80590S;0;2;2;0;4;No;"149,5";"156,5";369;;319;369;"0,486815718157182";"0,406379310344828";25/11/2024;29/01/2026;S;N;N;N;LIQUIDACION;8435676700053;;299;313;738
ALMACEN REPARACIONES;ANJI SHENGXING OFFICE FURNITURE CO.;VELETA;00001 - Muebles;00057 - Asientos;00002 - Sofás;00002 - Butacas; -;Asientos;;01022001010034;"SILLON RELAX MANUAL BALANCIN VELETA SX-81349,#ACABADO EN TELA NAVY 19 GRIS";SX-81349;0;1;0;0;1;No;"102,57";"103,59";219;;199;219;"0,427653424657534";"0,370131155778894";04/11/2025;03/02/2026;S;N;S;N;IMPORTACION;8435676700046;;"102,57";"103,59";219
ALMACEN REPARACIONES;ANJI SIKANDIKE HOME SUPPLIES CO.LTD;NINGUNA;00001 - Muebles;00052 - Salón;00001 - Convencional;00003 - Bufets; -;Salón;6331339-50774;01380001010018;"APARADOR GRIS PATA DORADA 150X40X70  ELLESB01,#ACABADO EN ACABADO GRIS PATA DORADA";ELLESB01;0;1;1;0;2;No;"120,39";"120,5";239;;129;289;"0,389937238493724";"-0,130271317829457";;;S;S;N;N;LIQUIDACION;;3;"120,39";"120,5";239
ALMACEN REPARACIONES;ANJI SIKANDIKE HOME SUPPLIES CO.LTD;NINGUNA;00001 - Muebles;00052 - Salón;00002 - Salón comedor;00001 - Muebles tv; -;Salón;6331338-50775;01380001010017;"MUEBLE TV NEGRO Y ROBLE PATA METAL NEGRO 150X40X50  KOLNTU01,#ACABADO EN ACABADO NEGRO Y ROBLE PATA METAL NEGRO";KOLNTU01;0;1;1;0;2;No;"64,89";"64,95";129;;"65,9";159;"0,390779069767442";"-0,192556904400607";;;S;S;N;N;LIQUIDACION;8435676701920;2;"64,89";"64,95";129
ALMACEN REPARACIONES;ANJI SIKANDIKE HOME SUPPLIES CO.LTD;NINGUNA;00001 - Muebles;00056 - Auxiliares;00001 - Mueble Auxiliar;00019 - Comodas; -;Mueble Auxiliar;6331342-50774;01380001010016;"COMODA GRANDE 6 CAJ.GRIS PATA DORADA 120X40X70  ELLECD03,#ACABADO EN ACABADO GRIS PATA DORADA";ELLECD03;0;1;1;0;2;No;"120,39";"120,5";239;;;;"0,389937238493724";"0,389937238493724";;13/03/2024;S;N;N;N;LIQUIDACION;8435676701593;;"120,39";"120,5";239
ALMACEN REPARACIONES;"ANJI XINYUE FURNITURE CO., LTD";ARGOS;00001 - Muebles;00057 - Asientos;00002 - Sofás;00002 - Butacas; -;Asientos;;04495000000011;"SILLON RELAX POWER LIFT ARGOS 2 MOTORES ,#ACABADO EN AS1128-77 GRIS PERLA";9966 POWER LIFT-2 MOTORES;0;0;-4;0;-4;No;"184,36";"175,22";409;;369;409;"0,481622982885086";"0,425430352303523";05/11/2025;12/02/2026;S;N;S;N;IMPORTACION;;;0;0;0
ALMACEN REPARACIONES;"ANJI XINYUE FURNITURE CO., LTD";ARGOS;00001 - Muebles;00057 - Asientos;00002 - Sofás;00002 - Butacas; -;Asientos;;04495000000012;"SILLON RELAX POWER LIFT ARGOS 2 MOTORES,#ACABADO EN AS1128-40 BEIGE";9966 POWER LIFT-2 MOTORES;0;1;-2;0;-1;No;"184,36";"175,95";409;;369;409;"0,479463325183374";"0,423036585365854";05/11/2025;10/02/2026;S;N;S;N;IMPORTACION;;;"184,36";"175,95";409
ALMACEN REPARACIONES;"ANJI XINYUE FURNITURE CO., LTD";ARGOS;00001 - Muebles;00057 - Asientos;00002 - Sofás;00002 - Butacas; -;Asientos;;04495000000013;"SILLON RELAX POWER LIFT ARGOS USB,#ACABADO EN AS1128-40 BEIGE";9966 POWER LIFT-USB;0;0;-2;0;-2;No;"136,57";"129,99";299;;269;299;"0,473953511705686";"0,415286617100372";05/11/2025;11/02/2026;S;N;N;N;LIQUIDACION;;;0;0;0
ALMACEN REPARACIONES;"ANJI XINYUE FURNITURE CO., LTD";ARGOS;00001 - Muebles;00057 - Asientos;00002 - Sofás;00002 - Butacas; -;Asientos;;04495000000014;SILLON RELAX POWER LIFT ARGOS USB #ACABADO EN AS1128-77 GRIS PERLA;9966 POWER LIFT-USB;0;1;0;0;1;No;"136,57";"131,96";299;;269;299;"0,46598127090301";"0,406425278810409";05/11/2025;06/02/2026;S;N;N;N;LIQUIDACION;;;"136,57";"131,96";299
ALMACEN REPARACIONES;"ANJI XINYUE FURNITURE CO., LTD";ARGOS;00001 - Muebles;00057 - Asientos;00002 - Sofás;00002 - Butacas; -;Asientos;;04495000000015;"SILLON RELAX MANUAL ARGOS ,#ACABADO EN AS1128-40 BEIGE";9966 MANUAL;0;0;-2;0;-2;No;"102,43";"98,83";219;;;;"0,45395296803653";"0,45395296803653";09/02/2026;23/01/2026;S;N;S;N;IMPORTACION;;;0;0;0
ALMACEN REPARACIONES;"ANJI XINYUE FURNITURE CO., LTD";ARGOS;00001 - Muebles;00057 - Asientos;00002 - Sofás;00002 - Butacas; -;Asientos;;04495000000028;"SILLON RELAX MANUAL ARGOS, #ACABADO EN AS1128-77 GRIS PERLA";9966 MANUAL;0;1;1;0;2;No;"96,76";"99,4";219;;;;"0,450803652968037";"0,450803652968037";02/02/2026;02/02/2026;S;N;S;N;IMPORTACION;;;"96,76";"99,4";219
ALMACEN REPARACIONES;"ANJI XINYUE FURNITURE CO., LTD";GRANADA 2;00001 - Muebles;00057 - Asientos;00002 - Sofás;00002 - Butacas; -;Asientos;;04495000000027;SILLON RELAX POWER LIFT 3 MOTORES REPOSACABEZAS ELECTRICO  GRANADA 2 TELA MOLLY 9 GRIS;;0;2;-1;0;1;No;"228,64";"219,94";489;;449;489;"0,455772188139059";"0,40728864142539";28/11/2025;30/01/2026;S;N;S;N;IMPORTACION;;;"457,28";"439,88";978
ALMACEN REPARACIONES;"ANJI XINYUE FURNITURE CO., LTD";LOTUS;00001 - Muebles;00057 - Asientos;00002 - Sofás;00002 - Butacas; -;Asientos;;04495000000018;"SILLON RELAX MANUAL LOTUS 9909,#ACABADO EN AS1128-77 GRIS PERLA";9909;0;0;-1;0;-1;No;"94,93";"89,75";209;;;;"0,480394736842105";"0,480394736842105";02/10/2025;27/01/2026;S;N;S;N;IMPORTACION;;;0;0;0
ALMACEN REPARACIONES;"ANJI XINYUE FURNITURE CO., LTD";LOTUS;00001 - Muebles;00057 - Asientos;00002 - Sofás;00002 - Butacas; -;Asientos;;04495000000021;"SILLON RELAX POWER LIFT LOTUS 9909,#ACABADO EN AS1128-40 BEIGE";9909;0;1;1;0;2;No;"143,45";"138,45";309;;;;"0,457849514563107";"0,457849514563107";04/12/2024;28/07/2025;S;N;S;N;IMPORTACION;;;"143,45";"138,45";309
ALMACEN REPARACIONES;"ANJI XINYUE FURNITURE CO., LTD";NEW ARKO;00001 - Muebles;00057 - Asientos;00002 - Sofás;00002 - Butacas; -;Asientos;;04495000000026;"SILLON RELAX POWER LIFT NEW ARKO 2 MOTORES 9794 ,#ACABADO EN MOLLY 9 GRIS";9794;0;0;-4;0;-4;No;"205,43";"176,9";459;;419;459;"0,533662309368192";"0,489143198090692";05/11/2025;09/02/2026;S;N;S;N;IMPORTACION;;;0;0;0
ALMACEN REPARACIONES;ANTONIO ALCALA LOPEZ;VIP 2.0;00001 - Muebles;00056 - Auxiliares;00001 - Mueble Auxiliar;00006 - Mesas; -;Mueble Auxiliar;6238021-42335;01502002010469;"MESA CENTRO ELEVABLE 110X46X60 C/CRISTAL VIP 2.0 VIP2004 B,#ACABADO EN NATURAL ROBLE CLARO";VIP2004 B;0;1;1;0;2;No;"267,12";"259,11";509;;;;"0,384041060903733";"0,384041060903733";28/10/2021;07/05/2024;S;N;N;S;LIQUIDACION;;;"267,12";"259,11";509
ALMACEN REPARACIONES;AP PHOTO INDUSTRIES S.L;NINGUNA;00002 - Electrodomesticos;00011 - Electrónica de consumo;00013 - Baja Frecuencia;00006 - Altavoces; -;Electrónica de consumo;6298167;01265001010006;ALTAVOZ BATERIA BLUETOOTH SWISSGO ARA P30;ARAP30;0;1;0;0;1;No;"44,11";"43,99";"76,1";;"53,76";"76,1";"0,300553219448095";"0,009897693452381";;;S;S;N;N;LIQUIDACION;8420233000806;;"44,11";"43,99";"76,1"
ALMACEN REPARACIONES;AP PHOTO INDUSTRIES S.L;SWISS PRO;00002 - Electrodomesticos;00011 - Electrónica de consumo;00013 - Baja Frecuencia;00006 - Altavoces; -;Electrónica de consumo;6240766;01265001010000;ALTAVOZ SWISS PRO DISCO BALL LIGHT PHOENIX;DISCOBALLLIGHTPHOENIX;0;1;0;0;1;No;"39,9";"40,6";"68,95";;"49,62";"68,95";"0,28751269035533";"0,009955663039097";;08/07/2025;S;S;N;N;LIQUIDACION;8435427403745;;"39,9";"40,6";"68,95"
ALMACEN REPARACIONES;ARBE STOLANIC SL;NINGUNA;00003 - Cocinas;00002 - Cocina;00002 - Mobiliario;00005 - Encimera; -;Cocinas;;04775000000005;SLIM PUSH CONTROL 4.0;;0;1;1;0;2;No;"113,75";"113,75";"211,76";;;;"0,350030695126558";"0,350030695126558";08/01/2026;30/09/2025;S;N;S;S;VENDER;;;"113,75";"113,75";"211,76"
ALMACEN REPARACIONES;ARISTON IBERICA SLU;NINGUNA;00002 - Electrodomesticos;00006 - Gran Electrodoméstico;00008 - Calentadores de Agua;00001 - Calentadores; -;Gran Electrodoméstico;6395110;01521001010001;TERMO ELECTRICO 30 L.ANDRIS R 30 ES EU ARISTON 3100337;3100337;0;0;-1;0;-1;No;"105,66";"109,15";"198,57";;;;"0,334886941632674";"0,334886941632674";16/02/2024;09/12/2025;S;N;N;N;ULTIMAS UNIDADES;5414849549005;3;0;0;0
ALMACEN REPARACIONES;AUXILIAR DE TABLEROS MECANIZADOS SL;ARM;00001 - Muebles;00051 - Camas juveniles;00002 - Modular;00001 - Armarios; -;Dormitorios Juveniles;6350886;01493001010044;ARYA ARMARIO 2P CORREDERAS 150 BLANCO ARTIK  ARM150A;ARM150A;0;1;0;0;1;No;"171,86";"171,52";"339,01";;"305,11";"339,01";"0,387808029261674";"0,319788928583134";30/12/2025;13/01/2026;S;N;S;N;OFERTA STOCK;8423490265094;;"171,86";"171,52";"339,01"
ALMACEN REPARACIONES;AUXILIAR DE TABLEROS MECANIZADOS SL;CLASS;00001 - Muebles;00056 - Auxiliares;00001 - Mueble Auxiliar;00011 - Zapateros; -;Mueble Auxiliar;;01493001010027;ZAPATERO CLASS 4 PUERTAS 30 PARES R.CANADIAN/BLANCO;017818F;0;3;3;0;6;No;"59,79";"58,83";"116,9";;109;"116,9";"0,391066723695466";"0,346933027522936";03/02/2026;09/02/2026;S;N;S;N;OFERTA STOCK;8423490266749;;"179,37";"176,49";"350,7"
ALMACEN REPARACIONES;AUXILIAR DE TABLEROS MECANIZADOS SL;ETHNA;00001 - Muebles;00052 - Salón;00002 - Salón comedor;00104 - Aparadores; -;Salón;6309628;01493001010037;APARADOR 3 PUERTAS ETHNA BLANCO ARTIK/NATUR;0E6608A;0;1;1;0;2;No;"66,16";"66,16";129;;119;129;"0,379429457364341";"0,327280672268908";08/01/2025;15/12/2025;S;N;N;N;LIQUIDACION;8423490268354;;"66,16";"66,16";129
ALMACEN REPARACIONES;AUXILIAR DE TABLEROS MECANIZADOS SL;JULIA;00001 - Muebles;00052 - Salón;00002 - Salón comedor;00001 - Muebles tv; -;Salón;;01493001010050;JULIA  PLUS SALON  TV 220 ROBLE NODI/BL.ARTIK 016647W;016647W;0;1;0;0;1;No;"87,18";"85,61";179;;169;179;"0,421295530726257";"0,387052662721893";26/09/2025;30/01/2026;S;N;S;N;OFERTA STOCK;8423490267555;;"87,18";"85,61";179
ALMACEN REPARACIONES;AUXILIAR DE TABLEROS MECANIZADOS SL;LYRA;00001 - Muebles;00056 - Auxiliares;00001 - Mueble Auxiliar;00006 - Mesas;00001 - Mesas de centro;Mueble Auxiliar;;01493001010031;MESA DE CENTRO LYRA NORDIC OAK/ARTIK WHITE;011644W;0;0;-1;0;-1;No;"30,77";"30,77";"60,9";;"54,9";"60,9";"0,388642036124795";"0,321826958105647";16/08/2025;24/01/2026;S;N;S;N;OFERTA STOCK;8423490268262;;0;0;0
ALMACEN REPARACIONES;AUXILIAR DE TABLEROS MECANIZADOS SL;NINGUNA;00001 - Muebles;00051 - Camas juveniles;00001 - Convencional;00012 - Librerías juveniles; -;Dormitorios Juveniles;;01493001010026;ACCESORIO  C INVENTARIABLE;INV1493;0;5;5;0;10;No;0;0;0;;;;;;21/01/2026;;S;N;S;S;VENDER;;;0;0;0
ALMACEN REPARACIONES;AUXILIAR DE TABLEROS MECANIZADOS SL;NINGUNA;00001 - Muebles;00051 - Camas juveniles;00002 - Modular;00001 - Armarios; -;Dormitorios Juveniles;6385130;01493001010006;"ARMARIO 2P CORREDERAS BLANCO 2,00 X 1,00 X 0,50  MAX019O";MAX019O;0;4;2;0;6;No;"82,2";"80,45";169;;"152,1";169;"0,423997041420118";"0,35999671268902";27/09/2025;12/02/2026;S;N;S;N;OFERTA STOCK;8423490262901;;"328,8";"321,8";676
ALMACEN REPARACIONES;AUXILIAR DE TABLEROS MECANIZADOS SL;REACONDICIONADO;00001 - Muebles;00056 - Auxiliares;00001 - Mueble Auxiliar;00011 - Zapateros; -;Mueble Auxiliar;;01493001010049;ZAPATERO 3 PUERTAS (18 PARES)ROBLE/BLANCO  LC0877R REACONDICIONADO C;LC0877R;0;1;0;0;1;No;"36,18";"36,18";"59,9";;"48,16";"59,9";"0,269151919866444";"0,090992524916944";;;S;N;N;N;LIQUIDACION;;1;"36,18";"36,18";"59,9"
ALMACEN REPARACIONES;AUXILIAR DE TABLEROS MECANIZADOS SL;TOP;00001 - Muebles;00051 - Camas juveniles;00002 - Modular;00001 - Armarios; -;Dormitorios Juveniles;;01493001010043;WARD.A ARMARIO 2P CORREDERAS ANCHAS BLANCO BRILLO  TOP020BO;TOP020BO;0;0;-2;0;-2;No;"122,71";"117,69";239;;"215,1";239;"0,40416359832636";"0,337959553695955";16/12/2024;30/01/2026;S;N;S;N;OFERTA STOCK;8423490259888;;0;0;0
ALMACEN REPARACIONES;AYM ROMERO SL;NINGUNA;00003 - Cocinas;00001 - Baño;00002 - Complementos;00099 - Accesorios; -;Baño;;01553001010438;ACCESORIO  INVENTARIABLE;INV1553;0;1;1;0;2;No;0;0;0;;;;;;05/12/2024;;S;N;S;S;VENDER;;;0;0;0
ALMACEN REPARACIONES;AYM ROMERO SL;NINGUNA;00003 - Cocinas;00001 - Baño;00003 - Sanitarios;00006 - Griferia baño; -;Baño;;04471001010101;GRIFERÍA DE COCINA CONSTANZA GCE005;GCE005;0;0;-1;0;-1;No;"103,8";"103,8";173;;;;"0,274";"0,274";27/06/2025;08/07/2025;S;N;S;S;VENDER;8435668004879;;0;0;0
ALMACEN REPARACIONES;BABYLISS IBERICA S.L.U.;BABYLISS;00002 - Electrodomesticos;00007 - Pequeño Electrodoméstico;00002 - Aseo;00010 - Planchas Pelo; -;Pequeño Electrodoméstico;6314042;01358001010015;RIZADOR AUTOMATICO BABYLISS C2663PE;C2663PE;0;1;1;0;2;No;"52,98";"42,98";"91,55";;"49,9";"91,55";"0,43194101583834";"-0,042200400801603";;22/06/2023;S;S;N;N;LIQUIDACION;;2;"52,98";"42,98";"91,55"
ALMACEN REPARACIONES;BABYLISS IBERICA S.L.U.;BABYLISS;00002 - Electrodomesticos;00007 - Pequeño Electrodoméstico;00002 - Aseo;00011 - Corta pelo; -;Pequeño Electrodoméstico;6313911;01358001010014;CORTAPELOS CON CABLE BABILYSS E695E;E695E;0;1;1;0;2;No;"16,14";"13,3";"20,9";;;;"0,23";"0,23";09/12/2025;11/12/2025;S;S;N;S;NO COLECCION;3030050067705;;"16,14";"13,3";"20,9"
ALMACEN REPARACIONES;BADA BAQIANG(TIANJIN)COMMERCE & TRA;NINGUNA;00001 - Muebles;00057 - Asientos;00002 - Sofás;00013 - Sofás cama; -;Asientos;5953584-34860;01317001010003;"SOFA CAMA SIST. CLIC-CLAC POLO-FACTORY QLM-58,#ACABADO EN 271 PU ROJO";QLM-58;0;1;1;0;2;No;"118,41";"118,41";349;;119;259;"0,58946676217765";"-0,204000840336134";;;S;S;N;N;LIQUIDACION;2000059535841;2;"118,41";"118,41";349
ALMACEN REPARACIONES;"BAZHOU ANGUS TRADING CO, LTD";ASTOR;00001 - Muebles;00057 - Asientos;00002 - Sofás;00015 - Sillas despacho; -;Asientos;6384380;01495001010002;SILLA OFICINA NEGRO ASTOR 802-1;802-1;0;1;1;0;2;No;"57,45";"57,33";199;;"77,9";199;"0,651410552763819";"0,109508344030809";26/02/2024;06/02/2025;S;N;N;N;LIQUIDACION;;2;"57,45";"57,33";199
ALMACEN REPARACIONES;"BAZHOU ANGUS TRADING CO, LTD";CLAVIN;00001 - Muebles;00057 - Asientos;00002 - Sofás;00015 - Sillas despacho; -;Asientos;6384383;01495001010019;"SILLON GAMMING CLAVIN Y830 TELA,#ACABADO EN GRIS 35 AZUL 40";Y830-9;0;2;2;0;4;No;"49,04";"53,71";109;;"72,9";199;"0,403769724770642";"0,108517146776406";26/02/2024;18/09/2025;S;N;N;N;LIQUIDACION;;2;"98,08";"107,42";218
ALMACEN REPARACIONES;"BAZHOU ANGUS TRADING CO, LTD";DENIS;00001 - Muebles;00057 - Asientos;00002 - Sofás;00015 - Sillas despacho; -;Asientos;6384378;01495001010000;SILLA OFICINA NEGRO DENIS 294H;294H;0;0;-1;0;-1;No;"23,86";"23,86";"69,9";;"35,9";"69,9";"0,586972818311874";"0,195805013927577";;28/09/2024;S;N;N;N;LIQUIDACION;8435676706246;2;0;0;0
ALMACEN REPARACIONES;BAZHOU HETAI FURNITURE;NINGUNA;00001 - Muebles;00056 - Auxiliares;00001 - Mueble Auxiliar;00099 - Acc. Auxiliar; -;Mueble Auxiliar;6340438-51533;01402001010034;"APARADOR 3 P.180X42X97 CM  19016,#ACABADO EN CHAPA ROBLE PATA NEGRA";19016;0;0;-1;0;-1;No;"160,95";"160,95";509;;219;509;"0,617388015717092";"0,110732876712329";;14/02/2025;S;S;N;N;LIQUIDACION;8435676701500;2;0;0;0
ALMACEN REPARACIONES;BAZHOU HETAI FURNITURE;NINGUNA;00001 - Muebles;00056 - Auxiliares;00001 - Mueble Auxiliar;00099 - Acc. Auxiliar; -;Mueble Auxiliar;6340464-51535;01402001010040;"APARADOR 180X40X79CM  1903 NOGAL,#ACABADO EN CHAPA NOGAL PUERTA PU PINTADA TIR.LATON PATAS ROBL";1903 NOGAL;0;1;1;0;2;No;"190,01";"190,01";599;;259;599;"0,616173455759599";"0,112308494208494";;12/08/2025;S;S;N;N;LIQUIDACION;8435676701579;"2,59";"190,01";"190,01";599
ALMACEN REPARACIONES;"BEKO ELECTRONICS ESPAÑA, S.L.";GRUNDIG;00002 - Electrodomesticos;00006 - Gran Electrodoméstico;00001 - Coccion;00002 - Hornos Empotrables; -;Gran Electrodoméstico;6397310;04393001010010;HORNO PROLOGUE GUIA TELESC.PIROLITICO VAPOR A+ GRUNDIG GEBD11300BP;GEBD11300BP;0;1;-2;0;-1;No;"270,65";"280,13";"521,89";;399;"521,88";"0,350519649734618";"0,150482957393484";03/06/2025;28/11/2025;S;N;S;N;OFERTA;4013833048381;"2,1";"270,65";"280,13";"521,89"
ALMACEN REPARACIONES;"BEKO ELECTRONICS ESPAÑA, S.L.";GRUNDIG;00002 - Electrodomesticos;00006 - Gran Electrodoméstico;00001 - Coccion;00002 - Hornos Empotrables; -;Gran Electrodoméstico;;04393001010024;HORNO MULTIFUNCION INOX 72 LITROS CLASE A+ GEBM11301XC GRUNDIG;GEBM11301XC;0;1;0;0;1;No;"184,35";"192,67";"394,81";;329;"394,81";"0,409511663838302";"0,291396048632219";10/02/2026;09/02/2026;S;N;S;S;EXCLUSIVO;4013833048138;"2,3";"184,35";"192,67";"394,81"
ALMACEN REPARACIONES;"BEKO ELECTRONICS ESPAÑA, S.L.";GRUNDIG;00002 - Electrodomesticos;00006 - Gran Electrodoméstico;00003 - Lavado;00001 - Lavadoras; -;Gran Electrodoméstico;;04393001010023;LAVADORA 10KG 1400 RPM CLASE A INVERTER VAPOR GW7P5104110W GRUNDIG;GW7P5104110W;0;0;-2;0;-2;No;"276,75";"284,09";"583,8";;479;583;"0,41118722165125";"0,282361377870564";10/02/2026;04/02/2026;S;N;S;N;OFERTA;4013833063636;"3,42";0;0;0
ALMACEN REPARACIONES;"BEKO ELECTRONICS ESPAÑA, S.L.";GRUNDIG;00002 - Electrodomesticos;00006 - Gran Electrodoméstico;00003 - Lavado;00002 - Lavavajillas; -;Gran Electrodoméstico;6364244;04393001010004;LAVAVAJILLAS 14 SERVICIOS 60 CLASE E GRUNDIG GNFP3450X;GNFP3450X;0;1;1;0;2;No;"261,74";"252,18";"435,77";;"321,28";"435,77";"0,299773274892719";"0,050243401394422";;17/05/2024;S;S;N;N;LIQUIDACION;4013833046349;0;"261,74";"252,18";"435,77"
ALMACEN REPARACIONES;"BEKO ELECTRONICS ESPAÑA, S.L.";GRUNDIG;00002 - Electrodomesticos;00006 - Gran Electrodoméstico;00003 - Lavado;00002 - Lavavajillas; -;Gran Electrodoméstico;;04393001010015;LAVAVAJILLAS 60CM PROLOGUE CLASE C GRUNDIG GNFP3630WB;GNFP3630WB;0;0;-1;0;-1;No;"268,58";"275,47";"556,45";;"483,45";"556,45";"0,40099074490071";"0,310541524459613";22/09/2025;19/12/2025;S;N;S;S;EXCLUSIVO;4013833052968;;0;0;0
ALMACEN REPARACIONES;"BEKO ELECTRONICS ESPAÑA, S.L.";GRUNDIG;00002 - Electrodomesticos;00006 - Gran Electrodoméstico;00005 - Extraccion de Humos;00001 - Campanas; -;Gran Electrodoméstico;6375034;04393001010009;CAMPANA 90CM T-INVERTIDA PROLOGUE CLASE A GRUNDIG GDKP5464BBSC;GDKP5464BBSC;0;0;-1;0;-1;No;"189,42";"189,42";"382,63";;"315,35";"382,63";"0,400992603820924";"0,27319422863485";28/10/2025;30/10/2025;S;N;S;S;EXCLUSIVO;4013833053927;"2,3";0;0;0
ALMACEN REPARACIONES;"BEKO ELECTRONICS ESPAÑA, S.L.";OUTLET;00002 - Electrodomesticos;00006 - Gran Electrodoméstico;00004 - Secado;00001 - Secadoras; -;Gran Electrodoméstico;;04393001010028;SECADORA 9KG BOMBA DE CALOR A+++ WIFI GT55924CW GRUNDIG ***OUTLET***;;0;0;-1;0;-1;No;"348,36";"348,36";682;;"443,81";682;"0,381941935483871";"0,05023410919087";;08/12/2025;S;N;N;N;LIQUIDACION;;0;0;0;0
ALMACEN REPARACIONES;"BLISS SOFAS, S.L.";NINGUNA;00001 - Muebles;00057 - Asientos;00002 - Sofás; -; -;Tapiceria;;03886002000196;ACCESORIO C INVENTARIABLE;3886INV;0;1;1;0;2;No;0;0;0;;;;;;22/10/2025;;S;N;S;S;VENDER;;;0;0;0
ALMACEN REPARACIONES;"BSH ELECTRODOMESTICOS ESPAÑA,S.A.";BALAY;00002 - Electrodomesticos;00006 - Gran Electrodoméstico;00001 - Coccion;00003 - Encimeras; -;Gran Electrodoméstico;6248014;04343001010013;ENCIMERA BALAY INDUCCION BISELADA 3 F. ZONA 28 CM 7400 W 3EB965LR;3EB965LR;0;0;-1;0;-1;No;"264,84";"283,43";"546,98";;429;547;"0,373011261837727";"0,200582051282051";02/02/2026;11/02/2026;S;N;S;S;COLECCIÓN Y FOLLETO;4242006254377;;0;0;0
ALMACEN REPARACIONES;"BSH ELECTRODOMESTICOS ESPAÑA,S.A.";BALAY;00002 - Electrodomesticos;00006 - Gran Electrodoméstico;00001 - Coccion;00003 - Encimeras; -;Gran Electrodoméstico;6380238;04343001010197;ENCIMERA BALAY VITROCERAMICA 3 FUEGOS TACTIL 1 ZONA 28 CM 3EB715ER;3EB715ER;0;0;-1;0;-1;No;145;145;"270,12";;229;"270,12";"0,350473863468088";"0,233842794759825";11/02/2026;07/02/2026;S;N;S;S;COLECCION;4242006292102;;0;0;0
ALMACEN REPARACIONES;"BSH ELECTRODOMESTICOS ESPAÑA,S.A.";BALAY;00002 - Electrodomesticos;00006 - Gran Electrodoméstico;00001 - Coccion;00004 - Microondas integrable; -;Gran Electrodoméstico;6369520;04343001010164;MICROONDAS BALAY ENCASTRABLE SIN MARCO 20 L. CRISTAL BLANCO CON GRILL 3CG5172B2;3CG5172B2;0;1;1;0;2;No;"180,01";"180,04";"281,26";;;;"0,225455450472872";"0,225455450472872";22/01/2026;22/01/2026;S;N;S;S;VENDER;4242006297978;;"180,01";"180,04";"281,26"
ALMACEN REPARACIONES;"BSH ELECTRODOMESTICOS ESPAÑA,S.A.";BALAY;00002 - Electrodomesticos;00006 - Gran Electrodoméstico;00002 - Frio;00003 - Combinados; -;Gran Electrodoméstico;6338585;04343001010068;FRIGORIFICO BALAY COMBI 203 X 60 CLASE-E NO-FROST INOX ANTIHUELLAS 3KFE763XI;3KFE763XI;0;0;-1;0;-1;No;460;"465,52";865;;599;865;"0,348810173410405";"0,059634056761269";24/12/2024;02/02/2026;S;N;N;N;ULTIMAS UNIDADES;4242006289911;6;0;0;0
ALMACEN REPARACIONES;"BSH ELECTRODOMESTICOS ESPAÑA,S.A.";BALAY;00002 - Electrodomesticos;00006 - Gran Electrodoméstico;00002 - Frio;00003 - Combinados; -;Gran Electrodoméstico;6338591;04343001010070;FRIGORIFICO BALAY COMBI 186X60 CLASE-E NO-FROST BLANCO 3KFE563WI;3KFE563WI;0;0;-1;0;-1;No;410;390;"726,57";;"665,1";"726,57";"0,350509930220075";"0,290482634190347";30/09/2025;07/11/2025;S;N;S;S;COLECCION;4242006290702;;0;0;0
ALMACEN REPARACIONES;"BSH ELECTRODOMESTICOS ESPAÑA,S.A.";BALAY;00002 - Electrodomesticos;00006 - Gran Electrodoméstico;00002 - Frio;00003 - Combinados; -;Gran Electrodoméstico;6385222;04343001010209;COMBINADO 203X60 NOFROST PUERTAS CRISTAL BLANCO C BALAY 3KFC869BI;3KFC869BI;0;0;-1;0;-1;No;799;799;1249;;;;"0,225948759007206";"0,225948759007206";02/02/2026;02/02/2026;S;N;S;S;VENDER;4242006297749;;0;0;0
ALMACEN REPARACIONES;"BSH ELECTRODOMESTICOS ESPAÑA,S.A.";BALAY;00002 - Electrodomesticos;00006 - Gran Electrodoméstico;00003 - Lavado;00002 - Lavavajillas; -;Gran Electrodoméstico;6249386;04343001010015;"LAVAVAJILLAS BALAY CLASE-E 13 SERVICIOS DISPLAY ACERO 3ª BANDEJA 9,5 L. 3VS572IP";3VS572IP;0;0;-2;0;-2;No;"309,81";"296,17";577;;469;577;"0,378915597920277";"0,235894029850746";06/02/2026;09/02/2026;S;N;S;S;COLECCION;4242006267513;0;0;0;0
ALMACEN REPARACIONES;"BSH ELECTRODOMESTICOS ESPAÑA,S.A.";BALAY;00002 - Electrodomesticos;00006 - Gran Electrodoméstico;00003 - Lavado;00002 - Lavavajillas; -;Gran Electrodoméstico;;04343001010251;LAVAVAJILLAS BALAY INTEGRABLE TOTAL CLASE-E 12 CUB. HC 1/2 CARGA NEGRO  3VF5012NP;3VF5012NP;0;0;-1;0;-1;No;"298,08";296;469;;;;"0,236332622601279";"0,236332622601279";13/01/2026;04/12/2025;S;N;S;S;VENDER;4242006310196;;0;0;0
ALMACEN REPARACIONES;"BSH ELECTRODOMESTICOS ESPAÑA,S.A.";BALAY;00002 - Electrodomesticos;00006 - Gran Electrodoméstico;00004 - Secado;00001 - Secadoras; -;Gran Electrodoméstico;;04343001010252;"SECADORA BALAY 9 KG BOMBA CALOR, A++, 60 CM, BLANCA PUERTA DE CRISTAL PAUSA + CARGA 3SB090B";3SB090B;0;1;0;0;1;No;400;"413,11";"822,95";;;;"0,392596026490066";"0,392596026490066";21/01/2025;01/09/2025;S;N;N;N;ULTIMAS UNIDADES;4242006302238;0;400;"413,11";"822,95"
ALMACEN REPARACIONES;"BSH ELECTRODOMESTICOS ESPAÑA,S.A.";BALAY;00002 - Electrodomesticos;00006 - Gran Electrodoméstico;00005 - Extraccion de Humos;00001 - Campanas; -;Gran Electrodoméstico;6314783;04343001010048;CAMPANA BALAY DECORATIVA T INVERTIDA 90 CM 722 M3/H ACERO 3BC997GX;3BC997GX;0;0;-1;0;-1;No;"284,13";"284,13";"443,82";;;;"0,225367716641882";"0,225367716641882";04/12/2025;22/12/2025;S;N;S;S;VENDER;4242006282974;;0;0;0
ALMACEN REPARACIONES;"BSH ELECTRODOMESTICOS ESPAÑA,S.A.";BALAY;00002 - Electrodomesticos;00006 - Gran Electrodoméstico;00005 - Extraccion de Humos;00001 - Campanas; -;Gran Electrodoméstico;;04343001010259;CAMPANA BALAY INTEGRABLE 60 CM 620 M3/H NEGRA 3BD866MN;3BD866MN;0;0;-1;0;-1;No;228;232;365;;;;"0,230904109589041";"0,230904109589041";10/02/2026;10/02/2026;S;N;S;S;VENDER;4242006308421;;0;0;0
ALMACEN REPARACIONES;"BSH ELECTRODOMESTICOS ESPAÑA,S.A.";BOSCH;00002 - Electrodomesticos;00006 - Gran Electrodoméstico;00001 - Coccion;00002 - Hornos Empotrables; -;Gran Electrodoméstico;6340118;04342001010041;HORNO MULTIFUNCION CLASE F BOSCH HBA512ES0;HBA512ES0;0;1;0;0;1;No;"282,55";"255,09";466;;;;"0,337641845493562";"0,337641845493562";16/09/2024;26/02/2025;S;N;N;N;EXPOSICIÓN;4242005207855;0;"282,55";"255,09";466
ALMACEN REPARACIONES;"BSH ELECTRODOMESTICOS ESPAÑA,S.A.";BOSCH;00002 - Electrodomesticos;00006 - Gran Electrodoméstico;00002 - Frio;00003 - Combinados; -;Gran Electrodoméstico;6343166;04342001010045;FRIGORIFICO BOSCH COMBI 186 X 60 CLASE-E INOX ANTIHUELLA NF VITAFRESH  KGN36VIEA;KGN36VIEA;0;0;-1;0;-1;No;"457,38";"457,38";"837,07";;;;"0,338848841793398";"0,338848841793398";09/07/2025;16/10/2025;S;N;N;N;ULTIMAS UNIDADES;4242005196029;;0;0;0
ALMACEN REPARACIONES;"BSH ELECTRODOMESTICOS ESPAÑA,S.A.";BOSCH;00002 - Electrodomesticos;00006 - Gran Electrodoméstico;00002 - Frio;00003 - Combinados; -;Gran Electrodoméstico;;04342001010180;FRIGORIFICO COMBINADO INTEGRABLE 194 CM CLASE D  BOSCH KBN96ADD0;KBN96ADD0;0;0;-1;0;-1;No;"1238,03";"1341,94";"2357,68";"1043,2";1597;"2357,68";"0,311294408062163";"-0,016748528490921";03/02/2026;05/08/2025;S;N;S;S;EXPOSICIÓN;4242005375158;;0;0;0
ALMACEN REPARACIONES;"BSH ELECTRODOMESTICOS ESPAÑA,S.A.";BOSCH;00002 - Electrodomesticos;00006 - Gran Electrodoméstico;00003 - Lavado;00001 - Lavadoras; -;Gran Electrodoméstico;6388896;04342001010143;LAVADORA BOSCH 8 KG 1400 RPM (E) CLASE-A ECOSILENCE PAUSA + CARGA WUU28T64ES;WUU28T64ES;0;0;-1;0;-1;No;303;"305,33";"627,89";;499;"627,9";"0,411601872939528";"0,259620641282565";05/02/2026;07/02/2026;S;N;S;S;EXCLUSIVO;4242005348923;"3,84";0;0;0
ALMACEN REPARACIONES;"BSH ELECTRODOMESTICOS ESPAÑA,S.A.";BOSCH;00002 - Electrodomesticos;00007 - Pequeño Electrodoméstico;00003 - Hogar;00011 - Aspiradores; -;Pequeño Electrodoméstico;6348613;04345001010005;"ASPIRADOR ESCOBA 24,6V BOSCH BCH3P210";BCH3P210;0;1;1;0;2;No;"163,12";"50,05";"86,5";;"67,3";"86,5";"0,299878612716763";"0,100141158989599";;;S;S;N;N;LIQUIDACION;4242005110728;;"163,12";"50,05";"86,5"
ALMACEN REPARACIONES;"BSH ELECTRODOMESTICOS ESPAÑA,S.A.";NINGUNA;00002 - Electrodomesticos;00006 - Gran Electrodoméstico;00003 - Lavado;00002 - Lavavajillas; -;Gran Electrodoméstico;6354714;04343001010117;LAVAVAJILLAS 060 INTEGRABLE D (COCINA ALMERIA N 1) BALAY 3VH5330NA;3VH5330NA;0;1;0;0;1;No;"507,97";"424,17";"799,58";;;;"0,358105880587308";"0,358105880587308";;;S;S;N;N;LIQUIDACION;2000063547144;;"507,97";"424,17";"799,58"
ALMACEN REPARACIONES;"BSH ELECTRODOMESTICOS ESPAÑA,S.A.";NINGUNA;00002 - Electrodomesticos;00006 - Gran Electrodoméstico;00003 - Lavado;00002 - Lavavajillas; -;Gran Electrodoméstico;;04343001010288;LAVAVAJILLAS INTEGRABLE 60 CLASE E NEGRO BALAY 3VF5012NP *** OUTLET ***;3VF5012NP;0;0;-1;0;-1;No;"362,06";"362,06";"662,62";;"461,26";"662,62";"0,338847906794241";"0,050226336556389";;;S;N;N;N;ULTIMAS UNIDADES;;"2,79";0;0;0
ALMACEN REPARACIONES;"BSH ELECTRODOMESTICOS ESPAÑA,S.A.";OUTLET;00002 - Electrodomesticos;00006 - Gran Electrodoméstico;00003 - Lavado;00002 - Lavavajillas; -;Gran Electrodoméstico;;04342001010221;LAVAVAJILLAS BOSCH CLASE-E BLANCO 12 CUB MEDIA CARGA DISPLAY (10 A CUBA) SMS25AW05E *** OUTLET ***;;0;0;-1;0;-1;No;"263,8";"263,8";"400,55";"218,8";295;489;"0,20310073648733";"-0,082027118644068";;27/12/2025;S;N;N;N;ULTIMAS UNIDADES;;"2,79";0;0;0
ALMACEN REPARACIONES;"BSH ELECTRODOMESTICOS ESPAÑA,S.A.";SIEMENS;00002 - Electrodomesticos;00006 - Gran Electrodoméstico;00001 - Coccion;00003 - Encimeras; -;Gran Electrodoméstico;;04341001010161;ENCIMERA SIEMENS INDUCCION 3 ZONAS (1 DE 32 CM) · NEGRO BISEL DELANTERO EH631BDB6E;EH631BDB6E;0;0;-1;0;-1;No;"462,43";"475,38";"924,86";"352,43";559;"885,65";"0,378057435720001";"-0,028997853309481";12/11/2025;14/01/2026;S;N;S;S;COLECCION;4242003935750;;0;0;0
ALMACEN REPARACIONES;"BSH ELECTRODOMESTICOS ESPAÑA,S.A.";SIEMENS;00002 - Electrodomesticos;00006 - Gran Electrodoméstico;00003 - Lavado;00001 - Lavadoras; -;Gran Electrodoméstico;6374575;04341001010102;LAVADORA SIEMENS CLASE-A 9 KG 1400 RPM BLANCA I-DOS MOTOR IQ DRIVE WM14UPH2ES;WM14UPH2ES;0;0;-1;0;-1;No;"647,71";"640,21";999;;;;"0,22457047047047";"0,22457047047047";15/01/2025;21/08/2025;S;N;N;N;ULTIMAS UNIDADES;4242003921890;0;0;0;0
ALMACEN REPARACIONES;CAMASOFAS IBERCAN S.L.;CLOE;00001 - Muebles;00057 - Asientos;00002 - Sofás;00013 - Sofás cama; -;Asientos;6352056;01238001010009;SOFA CAMA COLCHON 140CM DE 16CM CONFORT CLOE OFERTA LOLA MARENGO;OFERTA LOLA MARENGO;0;0;-1;0;-1;No;"590,4";"587,64";1709;;799;1709;"0,583941252194266";"0,110082102628285";26/03/2024;05/11/2024;S;N;N;N;BAJA ROTACION;;15;0;0;0
ALMACEN REPARACIONES;CANDY HOOVER ELECTRODOMESTICOS S.A.;HAIER;00002 - Electrodomesticos;00006 - Gran Electrodoméstico;00003 - Lavado;00001 - Lavadoras; -;Gran Electrodoméstico;;01541001010019;LAVADORA 7 KG. 1400 RPM. B HAIER RTXSG47TMCE-37;RTXSG47TMCE37;0;0;-1;0;-1;No;"310,29";"310,52";547;;;;"0,313109323583181";"0,313109323583181";12/08/2024;15/11/2024;S;N;S;N;OFERTA;8059019027562;;0;0;0
ALMACEN REPARACIONES;"CATA ELECTRODOMESTICOS,S.L";CATA;00002 - Electrodomesticos;00006 - Gran Electrodoméstico;00001 - Coccion;00003 - Encimeras; -;Gran Electrodoméstico;6245574;00703001010048;ENCIMERA GAS BUTANO 4F CIB6031BK CATA 08068400;08068400;0;0;-1;0;-1;No;"92,95";"92,95";"173,16";;149;173;"0,350487987987988";"0,245171140939597";03/02/2026;07/02/2026;S;N;S;S;COLECCIÓN Y FOLLETO;8422248068352;2;0;0;0
ALMACEN REPARACIONES;"CATA ELECTRODOMESTICOS,S.L";CATA;00002 - Electrodomesticos;00006 - Gran Electrodoméstico;00005 - Extraccion de Humos;00001 - Campanas; -;Gran Electrodoméstico;6222576;00703001010040;CAMPANA TITAN BK 900XGBK CATA 02059201;2059201;0;1;1;0;2;No;"362,82";"251,96";"435,39";;321;"435,39";"0,299773536369692";"0,050244236760125";;;S;S;N;N;LIQUIDACION;8422248061704;;"362,82";"251,96";"435,39"
ALMACEN REPARACIONES;"CATA ELECTRODOMESTICOS,S.L";NODOR;00002 - Electrodomesticos;00006 - Gran Electrodoméstico;00002 - Frio;00001 - Frigorificos; -;Gran Electrodoméstico;;00703001010232;FRIGORIFICO 177 CM  NO FROST NODOR TUNDRA 177 TNF BI SL 8595;TUNDRA177TNFBISL;0;0;-1;0;-1;No;"538,24";"538,24";926;;645;926;"0,296684233261339";"-0,009721550387597";04/12/2023;12/02/2025;S;N;N;N;EXPOSICIÓN;8422248112581;0;0;0;0
ALMACEN REPARACIONES;"CATA ELECTRODOMESTICOS,S.L";NODOR;00002 - Electrodomesticos;00006 - Gran Electrodoméstico;00002 - Frio;00002 - Congeladores; -;Gran Electrodoméstico;6380419;00703001010162;CONGELADOR DE INT. 177H. NODOR NORFROST ICE 177 TNF BI /A;NORFROSTICE177TNFBIA;0;0;-1;0;-1;No;"491,8";"441,11";829;;"561,97";829;"0,35616031363088";"0,050228481947435";;20/01/2025;S;N;N;N;EXPOSICIÓN;8422248349734;"3,5";0;0;0
ALMACEN REPARACIONES;"CATA ELECTRODOMESTICOS,S.L.-EDESA-";EDESA;00002 - Electrodomesticos;00006 - Gran Electrodoméstico;00002 - Frio;00002 - Congeladores; -;Gran Electrodoméstico;6394636;01382001010063;CONGELADOR VERTICAL 185CM CLASE E INOX EDESA EZS-1823NFEX;EZS1823NFEX;0;0;-1;0;-1;No;"351,8";"351,75";"655,31";;509;"655,31";"0,350509682440372";"0,163816306483301";07/03/2025;15/02/2025;S;N;S;N;OFERTA;8422248108713;0;0;0;0
ALMACEN REPARACIONES;"CATA ELECTRODOMESTICOS,S.L.-EDESA-";EDESA;00002 - Electrodomesticos;00006 - Gran Electrodoméstico;00003 - Lavado;00002 - Lavavajillas; -;Gran Electrodoméstico;6354549;01382001010035;LAVAVAJILLAS 10 CUBIERTOS CLASE E EDESA EDW-4710WH;EDW4710WH;0;0;-1;0;-1;No;"219,17";"219,29";"408,52";;316;"408,52";"0,35048247331832";"0,160313607594937";26/02/2025;15/05/2025;S;N;S;N;OFERTA;8422248096713;0;0;0;0
ALMACEN REPARACIONES;CECOTEC INNOVACIONES S.L.;CECOTEC;00002 - Electrodomesticos;00007 - Pequeño Electrodoméstico;00001 - Cocina;00005 - Cafeteras; -;Pequeño Electrodoméstico;6394134;01199001010168;CAFETERA EXPRES CECOTEC CAFELIZZIA 890 ROSE PRO 1574;01574;0;1;0;0;1;No;"67,89";"68,57";"89,9";;;;"0,077088987764182";"0,077088987764182";26/02/2024;11/11/2024;S;N;N;N;LIQUIDACION;8435484015745;;"67,89";"68,57";"89,9"
ALMACEN REPARACIONES;CECOTEC INNOVACIONES S.L.;CECOTEC;00002 - Electrodomesticos;00007 - Pequeño Electrodoméstico;00001 - Cocina;00014 - Molinillos; -;Pequeño Electrodoméstico;6357434;01199001010087;MOLINILLO CECOTEC INSTANTMILL PRESS  4280;04280;0;1;0;0;1;No;"6,19";"5,67";"12,9";;;;"0,468162790697674";"0,468162790697674";28/10/2024;05/11/2025;S;N;N;S;NO COLECCION;8435484042802;;"6,19";"5,67";"12,9"
ALMACEN REPARACIONES;CECOTEC INNOVACIONES S.L.;CECOTEC;00002 - Electrodomesticos;00007 - Pequeño Electrodoméstico;00001 - Cocina;00020 - Tostadores; -;Pequeño Electrodoméstico;;01199001010276;TOSTADOR VERTICAL Toast&Taste Blanco & Negro CECOTEC  03190;03190;0;1;0;0;1;No;"19,47";"19,83";"34,9";;;;"0,312484240687679";"0,312484240687679";31/12/2025;04/02/2026;S;N;S;S;COLECCION;;;"19,47";"19,83";"34,9"
ALMACEN REPARACIONES;CECOTEC INNOVACIONES S.L.;CECOTEC;00002 - Electrodomesticos;00007 - Pequeño Electrodoméstico;00001 - Cocina;00020 - Tostadores; -;Pequeño Electrodoméstico;;01199001010306;TOSTADOR 2 RANURAS BigToast Double  03084 CECOTEC;03084;0;0;-1;0;-1;No;"18,84";"19,17";"34,9";;;;"0,33536676217765";"0,33536676217765";14/07/2025;19/11/2025;S;S;N;S;NO COLECCION;8435484030847;;0;0;0
ALMACEN REPARACIONES;CECOTEC INNOVACIONES S.L.;CECOTEC;00002 - Electrodomesticos;00007 - Pequeño Electrodoméstico;00001 - Cocina;00026 - Hornos Sobremesa; -;Pequeño Electrodoméstico;;01199001010262;HORNO SOBREMESA 10L Bake&Toast 1090 White 03811 CECOTEC;03811;0;1;0;0;1;No;"23,66";"21,8";"31,9";;;;"0,173103448275862";"0,173103448275862";27/06/2025;10/10/2025;S;S;N;S;NO COLECCION;8435484038119;;"23,66";"21,8";"31,9"
ALMACEN REPARACIONES;CECOTEC INNOVACIONES S.L.;CECOTEC;00002 - Electrodomesticos;00007 - Pequeño Electrodoméstico;00002 - Aseo;00005 - Secadores; -;Pequeño Electrodoméstico;6327095;01199001010035;SECADOR PELO DIGITAL 2000W CECOTEC 04225 BRUSHLESS BAMBA  6000 ROCKSTAR VISION;4225;0;0;-1;0;-1;No;"57,26";"57,26";"82,9";;;;"0,164238841978287";"0,164238841978287";12/11/2025;12/11/2025;S;S;N;S;NO COLECCION;8435484042253;;0;0;0
ALMACEN REPARACIONES;CECOTEC INNOVACIONES S.L.;CECOTEC;00002 - Electrodomesticos;00007 - Pequeño Electrodoméstico;00002 - Aseo;00010 - Planchas Pelo; -;Pequeño Electrodoméstico;6343270;01199001010052;RIZADOR AUTOMATICO CECOTEC BAMBA SURFCARE 850 MAGIC WAVES VISION 04233;04233;0;0;-1;0;-1;No;"30,85";"35,54";"62,9";;;;"0,316321144674086";"0,316321144674086";09/05/2025;21/12/2024;S;N;N;N;LIQUIDACION;8435484042338;;0;0;0
ALMACEN REPARACIONES;CECOTEC INNOVACIONES S.L.;CECOTEC;00002 - Electrodomesticos;00007 - Pequeño Electrodoméstico;00002 - Aseo;00010 - Planchas Pelo; -;Pequeño Electrodoméstico;;01199001010357;PLANCHA DE PELO RITUALCARE AIER LISSE 2IN1 BLACK A01_EU01_100158 CECOTEC;100158;0;0;-1;0;-1;No;"61,2";"62,07";"89,9";;;;"0,164575083426029";"0,164575083426029";17/12/2025;28/01/2026;S;N;N;S;NO COLECCION;8435771907555;;0;0;0
ALMACEN REPARACIONES;CECOTEC INNOVACIONES S.L.;CECOTEC;00002 - Electrodomesticos;00011 - Electrónica de consumo;00001 - Televisión;00001 - Televisores; -;Electrónica de consumo;6393749;01199001010156;TELEVISOR QLED 55  4K CECOTEC TV V1 SERIES VQU11055 02568;02568;0;0;-1;0;-1;No;"335,78";"300,45";"529,9";;199;"529,9";"0,313937535384035";"-0,826856783919598";16/01/2026;06/07/2024;S;N;N;N;LIQUIDACION;8435484025683;;0;0;0
ALMACEN REPARACIONES;CECOTEC INNOVACIONES S.L.;CECOTEC;00002 - Electrodomesticos;00011 - Electrónica de consumo;00050 - Movilidad urbana;00001 - Patinetes; -;Electrónica de consumo;6303341;01199001010023;"PATINETE ELECTRICO CECOTEC OUTSIDER E-VOLUTION 8,5 PHOENIX";"OUTSIDEREVOLUTION8,5PHOENIX";0;1;1;0;2;No;260;"258,65";"399,89";;"347,73";"399,89";"0,217368526344745";"0,099972679952837";21/05/2022;;S;S;N;N;LIQUIDACION;8435484070201;;260;"258,65";"399,89"
ALMACEN REPARACIONES;CENDISA S.L.;NINGUNA;00003 - Cocinas;00002 - Cocina;00002 - Mobiliario;00099 - Acc. Mobiliario; -;Cocinas;6299073;00260001010119;COPETE ENCIMERA MIXTO MINI (CML) - 400.0 CROMO  185333;185333;0;1;1;0;2;No;"17,75";"17,75";"45,9";;;;"0,532080610021786";"0,532080610021786";;;S;S;S;S;VENDER;;;"17,75";"17,75";"45,9"
ALMACEN REPARACIONES;CHITRA EUROPEAN FURNITURE S.L.;CAMBOYA;00001 - Muebles;00057 - Asientos;00002 - Sofás;00002 - Butacas; -;Asientos;6343998-21514;01284001010032;"SILLON RELAX PUSH BACK (076) CAMBOYA MICROFIBRA,#ACABADO EN CHOCOLATE";MICROFIBRA;0;0;-2;0;-2;No;183;"166,96";369;;259;369;"0,452515989159892";"0,219993822393822";23/12/2025;29/01/2026;S;N;N;N;BAJA ROTACION;;;0;0;0
ALMACEN REPARACIONES;CHITRA EUROPEAN FURNITURE S.L.;CAMBOYA;00001 - Muebles;00057 - Asientos;00002 - Sofás;00002 - Butacas; -;Asientos;6343998-3558;01284001010031;"SILLON RELAX PUSH BACK (076) CAMBOYA MICROFIBRA,#ACABADO EN ARENA";MICROFIBRA;0;0;-1;0;-1;No;183;"165,64";369;;319;369;"0,456844444444444";"0,371710344827586";10/04/2025;05/01/2026;S;N;S;S;COLECCION;;;0;0;0
ALMACEN REPARACIONES;CHITRA EUROPEAN FURNITURE S.L.;COLONIA;00001 - Muebles;00057 - Asientos;00002 - Sofás;00002 - Butacas; -;Asientos;6396163-8555;01284001010025;"SILLON RELAX ELECTRICO 3 MOTORES PIEL COLONIA,#ACABADO EN PIEL BEIGE";;0;0;-1;0;-1;No;398;"455,05";"809,01";;559;1109;"0,319402108750201";"0,015008050089445";;13/05/2024;S;N;N;N;LIQUIDACION;;6;0;0;0
ALMACEN REPARACIONES;CHITRA EUROPEAN FURNITURE S.L.;ELCHE;00001 - Muebles;00057 - Asientos;00002 - Sofás;00002 - Butacas; -;Asientos;;01284001010045;"SILLON RELAX (DOBLE MOTOR)+CAB. MANUAL (075) ELCHE,#ACABADO EN GRIS OSCURO";;0;0;-1;0;-1;No;379;"368,66";769;;;;"0,419923797139142";"0,419923797139142";20/11/2025;15/12/2025;S;N;S;S;COLECCION;;;0;0;0
ALMACEN REPARACIONES;CHITRA EUROPEAN FURNITURE S.L.;FERROL;00001 - Muebles;00057 - Asientos;00002 - Sofás;00002 - Butacas; -;Asientos;6349849-45926;01284001010034;"SILLON RELAX ELECTRICO FERROL PIEL/PVC,#ACABADO EN PIEL CHOCOLATE";PIEL/PVC;0;1;1;0;2;No;255;240;739;;249;539;"0,607036535859269";"-0,166265060240964";;;S;S;N;N;LIQUIDACION;8435676700022;3;255;240;739
ALMACEN REPARACIONES;CHITRA EUROPEAN FURNITURE S.L.;NINGUNA;00001 - Muebles;00057 - Asientos;00002 - Sofás;00002 - Butacas; -;Asientos;;01284001010062;ACCESORIO MOBILIARIO  C INVENTARIABLE;1284INV;0;1;1;0;2;No;0;0;0;;;;;;20/01/2026;;S;N;S;S;VENDER;;;0;0;0
ALMACEN REPARACIONES;CHITRA EUROPEAN FURNITURE S.L.;OSAKA;00001 - Muebles;00057 - Asientos;00002 - Sofás;00002 - Butacas; -;Asientos;6307320-22681;01284001010026;"SILLON + POUF OSAKA,#ACABADO EN MICROFIBRA AZUL";;0;4;2;0;6;No;293;"277,6";599;;539;599;"0,439238731218698";"0,376816326530612";29/01/2026;30/01/2026;S;N;S;S;COLECCION C/A;;;1172;"1110,4";2396
ALMACEN REPARACIONES;CINCOCINA S.L.;NINGUNA;00003 - Cocinas;00002 - Cocina;00002 - Mobiliario;00099 - Acc. Mobiliario; -;Cocinas;6365066;01390001010294;PUERTA CAM EXTRAPLANA 60X86 IZ PUSH OPEN S/PLANO  11586;11586;0;0;-1;0;-1;No;"0,01";"0,01";"0,01";;;;"-0,21";"-0,21";15/05/2024;;S;S;S;S;VENDER;;;0;0;0
ALMACEN REPARACIONES;CINCOCINA S.L.;NINGUNA;00003 - Cocinas;00002 - Cocina;00002 - Mobiliario;00099 - Acc. Mobiliario; -;Cocinas;6366874;01390001010310;COCINA MI�O VISON PUERTA CAM EXTRAPLANA 60X86 IZ  1.253;1253;0;0;-1;0;-1;No;"0,01";"0,01";"0,01";;;;"-0,21";"-0,21";15/05/2024;;S;S;S;S;VENDER;;;0;0;0
ALMACEN REPARACIONES;CINCOCINA S.L.;NINGUNA;00003 - Cocinas;00002 - Cocina;00002 - Mobiliario;00099 - Acc. Mobiliario; -;Cocinas;;01390001010494;COCINA AUSTRIA COTTON- ALABAMA NOGAL DEL PACIFICO 10246;10246;0;0;-1;0;-1;No;"1361,97";"1361,97";"4643,62";;;;"0,645107976104849";"0,645107976104849";18/12/2023;19/01/2024;S;N;S;S;VENDER;;;0;0;0
ALMACEN REPARACIONES;CINCOCINA S.L.;NINGUNA;00003 - Cocinas;00002 - Cocina;00002 - Mobiliario;00099 - Acc. Mobiliario; -;Cocinas;;01390001010508;ACCESORIO MOBILIARIO  C INVENTARIABLE;INV1390;0;0;-1;0;-1;No;0;0;0;;;;;;06/08/2025;08/08/2025;S;N;S;S;VENDER;;;0;0;0
ALMACEN REPARACIONES;CINCOCINA S.L.;NINGUNA;00003 - Cocinas;00002 - Cocina;00002 - Mobiliario;00099 - Acc. Mobiliario; -;Cocinas;;01390001010550;COCINA NORUEGA NOGAL GOLD PVC A JUEGO 1852;1852;0;0;-1;0;-1;No;"1831,6";"1831,6";3539;;;;"0,373767730997457";"0,373767730997457";19/03/2025;22/04/2025;S;N;S;S;VENDER;;;0;0;0
ALMACEN REPARACIONES;CINCOCINA S.L.;NINGUNA;00003 - Cocinas;00002 - Cocina;00002 - Mobiliario;00099 - Acc. Mobiliario; -;Cocinas;;01390001010566;COCINA SUIZA BLANCO TIRADOR EFECTO GOLA BLANCO  4751;4751;0;0;-1;0;-1;No;"1517,35";"1517,35";2780;;;;"0,339570683453237";"0,339570683453237";10/06/2025;16/06/2025;S;N;S;S;VENDER;;;0;0;0
ALMACEN REPARACIONES;CINCOCINA S.L.;NINGUNA;00003 - Cocinas;00002 - Cocina;00002 - Mobiliario;00099 - Acc. Mobiliario; -;Cocinas;;01390001010572;COCINA SUIZA BLANCO K TIRADOR EFECTO GOLA J  5389;5389;0;0;-1;0;-1;No;"1063,35";"1063,35";1865;;;;"0,310105361930295";"0,310105361930295";10/07/2025;19/07/2025;S;N;S;S;VENDER;;;0;0;0
ALMACEN REPARACIONES;CINCOCINA S.L.;NINGUNA;00003 - Cocinas;00002 - Cocina;00002 - Mobiliario;00099 - Acc. Mobiliario; -;Cocinas;;01390001010576;COCINA LUGO BLANCO GOLA PVC A JUEGO  5974;5974;0;0;-1;0;-1;No;"2822,37";"2822,37";"5231,46";;;;"0,34720561755227";"0,34720561755227";18/07/2025;21/07/2025;S;N;S;S;VENDER;;;0;0;0
ALMACEN REPARACIONES;CINCOCINA S.L.;NINGUNA;00003 - Cocinas;00002 - Cocina;00002 - Mobiliario;00099 - Acc. Mobiliario; -;Cocinas;;01390001010581;COCINA LUGO BLANCO PVC A JUEGO GOLA J CASCO 16 BLANCO 6643;6643;0;0;-1;0;-1;No;"2441,69";"2441,69";"4390,74";;;;"0,327119141648105";"0,327119141648105";06/08/2025;06/08/2025;S;N;S;S;VENDER;;;0;0;0
ALMACEN REPARACIONES;CINCOCINA S.L.;NINGUNA;00003 - Cocinas;00002 - Cocina;00002 - Mobiliario;00099 - Acc. Mobiliario; -;Cocinas;;01390001010586;COCINA ALABAMA COCO PVC A JUEGO 7447;7447;0;0;-1;0;-1;No;"2483,27";"2483,27";5065;;;;"0,406760769990128";"0,406760769990128";17/09/2025;24/09/2025;S;N;S;S;VENDER;;;0;0;0
ALMACEN REPARACIONES;CINCOCINA S.L.;NINGUNA;00003 - Cocinas;00002 - Cocina;00002 - Mobiliario;00099 - Acc. Mobiliario; -;Cocinas;;01390001010592;COCINA ALABAMA BLANCO PREMIUM PVC A JUEGO  PEDIDO 8135;PEDIDO 8135;0;0;-1;0;-1;No;"2158,09";"2158,09";3955;;;;"0,339749962073325";"0,339749962073325";26/09/2025;13/11/2025;S;N;S;S;VENDER;;;0;0;0
ALMACEN REPARACIONES;CINCOCINA S.L.;NINGUNA;00003 - Cocinas;00002 - Cocina;00002 - Mobiliario;00099 - Acc. Mobiliario; -;Cocinas;;01390001010605;DETROIT CACHEMIRA - SIL HALIFAX TABACO PVC A JUEGO TIRADOR GOLA J NEGRO;9323;0;0;-1;0;-1;No;"1564,04";"1564,04";"3670,32";;;;"0,484380544475686";"0,484380544475686";31/10/2025;05/11/2025;S;N;S;S;VENDER;;;0;0;0
ALMACEN REPARACIONES;CINCOCINA S.L.;NINGUNA;00003 - Cocinas;00002 - Cocina;00002 - Mobiliario;00099 - Acc. Mobiliario; -;Cocinas;;01390001010606;ALABAMA COCO PVC A JUEGO  TIRADOR 3646 SIN TALADRO TIRADOR CASCO GRIS 16MM;9471;0;0;-1;0;-1;No;1823;1823;"3278,19";;;;"0,327119538525833";"0,327119538525833";10/11/2025;09/12/2025;S;N;S;S;VENDER;;;0;0;0
ALMACEN REPARACIONES;CINCOCINA S.L.;NINGUNA;00003 - Cocinas;00002 - Cocina;00002 - Mobiliario;00099 - Acc. Mobiliario; -;Cocinas;;01390001010610;COCINA SIL BLANCO PORO - SIL CASELLA NOGAL 9568;9568;0;0;-1;0;-1;No;"2468,95";"2468,95";"5439,74";;;;"0,450813917576943";"0,450813917576943";04/12/2025;11/12/2025;S;N;S;S;VENDER;;;0;0;0
ALMACEN REPARACIONES;CINCOCINA S.L.;NINGUNA;00003 - Cocinas;00002 - Cocina;00002 - Mobiliario;00099 - Acc. Mobiliario; -;Cocinas;;01390001010611;COCINA  DETROIT CACHEMIRA SIL HALIFAX TABACO 10519;10519;0;-1;-1;0;-2;No;"11,33";"11,33";21;;;;"0,34717619047619";"0,34717619047619";03/11/2025;05/11/2025;S;N;S;S;VENDER;;;"-11,33";"-11,33";-21
ALMACEN REPARACIONES;CINCOCINA S.L.;NINGUNA;00003 - Cocinas;00002 - Cocina;00002 - Mobiliario;00099 - Acc. Mobiliario; -;Cocinas;;01390001010614;COCINA LUXEMBURGO BLANCO PVC A JUEGO  2580;2580;0;0;-1;0;-1;No;"291,4";"291,4";524;;;;"0,327110687022901";"0,327110687022901";04/12/2025;22/12/2025;S;N;S;S;VENDER;;;0;0;0
ALMACEN REPARACIONES;CINCOCINA S.L.;NINGUNA;00003 - Cocinas;00002 - Cocina;00002 - Mobiliario;00099 - Acc. Mobiliario; -;Cocinas;;01390001010616;COCINA LUXEMBURGO BLANCO PVC A JUEGO  2493;2493;0;0;-1;0;-1;No;"3564,74";"3564,74";"6410,26";;;;"0,32712005441277";"0,32712005441277";18/12/2025;22/12/2025;S;N;S;S;VENDER;;;0;0;0
ALMACEN REPARACIONES;COBAÑ SL;NINGUNA;00002 - Electrodomesticos;00006 - Gran Electrodoméstico;00005 - Extraccion de Humos;00001 - Campanas; -;Gran Electrodoméstico;6393500;01466001010040;CAMPANA CIAK 2.0 S GR/A/60 ELICA PRF0181902;PRF0181902;0;0;-1;0;-1;No;185;185;"288,97";;;;"0,225352112676056";"0,225352112676056";18/08/2025;17/11/2025;S;N;S;S;VENDER;;;0;0;0
ALMACEN REPARACIONES;"COMERCIAL LAMA,S.L";NINGUNA;00001 - Muebles;00056 - Auxiliares;00001 - Mueble Auxiliar;00007 - Percheros; -;Mueble Auxiliar;6349670;00952001011602;PERCHERO NEGRO (2 - 4)  300108;300108;0;1;1;0;2;No;"23,99";"22,73";"46,9";;;;"0,413575692963753";"0,413575692963753";;12/12/2023;S;S;S;N;OFERTA;8435551140233;;"23,99";"22,73";"46,9"
ALMACEN REPARACIONES;COMERCIANTES ELECTROD.CORDOBESES SA;AEG;00002 - Electrodomesticos;00006 - Gran Electrodoméstico;00003 - Lavado;00001 - Lavadoras; -;Gran Electrodoméstico;;01415001010094;LAVADORA AEG C.S. 7 KG 1300 RPM CLASE-A INVERTER DISPLAY LCD APERTURA SUAVE LTA6G7331E;LTA6G7331E;0;0;-2;0;-2;No;"371,33";"349,44";"667,1";;549;"667,1";"0,366178384050367";"0,229831693989071";28/01/2026;28/01/2026;S;N;S;S;COLECCION;7333394058559;0;0;0;0
ALMACEN REPARACIONES;COMERCIANTES ELECTROD.CORDOBESES SA;AEG;00002 - Electrodomesticos;00006 - Gran Electrodoméstico;00003 - Lavado;00001 - Lavadoras; -;Gran Electrodoméstico;;01415001010287;LAVADORA DE LIBRE INSTALACIÓN DE 10.0 KG Y CLASE A LFR6114O2B AEG;LFR6114O2B;0;0;-1;0;-1;No;"299,05";"306,49";"581,43";;499;619;"0,362171026606814";"0,256807815631263";06/02/2026;12/02/2026;S;N;S;S;COLECCION;7333394102566;"3,91";0;0;0
ALMACEN REPARACIONES;COMERCIANTES ELECTROD.CORDOBESES SA;AEG;00002 - Electrodomesticos;00006 - Gran Electrodoméstico;00003 - Lavado;00001 - Lavadoras; -;Gran Electrodoméstico;;01415001011718;LAVADORA AEG 8 KG 1200 RPM CLASE-A INVERTER PROSENSE PUERTA Y PANEL BLANCO LFA6I8275A;LFA6I8275A;0;1;-3;0;-2;No;295;"288,22";549;;459;549;"0,36476102003643";"0,240204357298475";05/02/2026;29/01/2026;S;N;S;S;VENDER;7332543989195;0;295;"288,22";549
ALMACEN REPARACIONES;COMERCIANTES ELECTROD.CORDOBESES SA;AEG;00002 - Electrodomesticos;00006 - Gran Electrodoméstico;00003 - Lavado;00001 - Lavadoras; -;Gran Electrodoméstico;;01415001011744;LAVADORA AEG C.S. 6 KG 1200 RPM CLASE-D DISPLAY  LTN6K6210B;LTN6K6210B;0;0;-1;0;-1;No;"334,3";"333,99";"521,69";;;;"0,225348578657824";"0,225348578657824";07/10/2025;07/10/2025;S;N;S;S;VENDER;7333394010298;;0;0;0
ALMACEN REPARACIONES;COMERCIANTES ELECTROD.CORDOBESES SA;AEG;00002 - Electrodomesticos;00006 - Gran Electrodoméstico;00003 - Lavado;00002 - Lavavajillas; -;Gran Electrodoméstico;;01415001011345;LAVAVAJILLAS AEG INTEGRABLE 60 CM CLASE-C 14 CUB. INVERTER 3ª BANDEJA MAXIFLEX PUERTA DESLIZANTE AIRDRY FSB34707Z;FSB34707Z;0;0;-1;0;-1;No;375;375;589;;;;"0,229626485568761";"0,229626485568761";29/01/2026;30/01/2026;S;N;S;S;VENDER;7333394034669;;0;0;0
ALMACEN REPARACIONES;COMERCIANTES ELECTROD.CORDOBESES SA;AIRAWA;00002 - Electrodomesticos;00015 - Climatización;00001 - Climatización;00001 - Acondicionadores; -;Climatización;;01415001014123;ACONDICIONADOR AIRAWA 3000 F. A++ INVERTER (E) (ADAPTADOR WIFI INCLUIDO) (R32) AIRS12BASIC;AIRS12BASIC;0;0;-5;0;-5;No;"183,75";"183,75";"358,32";;279;359;"0,379500167448091";"0,203091397849462";11/02/2026;12/02/2026;S;N;S;S;COLECCIÓN Y FOLLETO;AIRS12BASIC;;0;0;0
ALMACEN REPARACIONES;COMERCIANTES ELECTROD.CORDOBESES SA;APARICI;00002 - Electrodomesticos;00006 - Gran Electrodoméstico;00008 - Calentadores de Agua;00002 - Calentadores Electricos; -;Gran Electrodoméstico;;01415001015577;TERMO 200 L. ELECTRICO INSTALACIÓN TRIPOSICIONAL BIPOTENCIA  SIE 200N APARICI;SIE 200N;0;0;-1;0;-1;No;"402,55";"402,55";"628,79";;;;"0,225360613241305";"0,225360613241305";17/11/2025;26/11/2025;S;N;S;S;VENDER;;;0;0;0
ALMACEN REPARACIONES;COMERCIANTES ELECTROD.CORDOBESES SA;BALAY;00002 - Electrodomesticos;00006 - Gran Electrodoméstico;00001 - Coccion;00002 - Hornos Empotrables; -;Gran Electrodoméstico;;01415001012816;HORNO BALAY MULTIFUNCIÓN · CLASE A+ · 71 L. · MANDOS OCULTABLES · AQUALISIS · AP. ABATIBLE · RAÍLES 1 NIVEL · CRISTAL NEGRO/INOX 3HB4131X3;3HB4131X3;0;0;-1;0;-1;No;"229,42";"234,72";"433,45";;369;"433,45";"0,344765947629484";"0,230321951219512";06/02/2026;10/02/2026;S;N;S;S;COLECCION;4242006315474;;0;0;0
ALMACEN REPARACIONES;COMERCIANTES ELECTROD.CORDOBESES SA;BALAY;00002 - Electrodomesticos;00006 - Gran Electrodoméstico;00002 - Frio;00002 - Congeladores; -;Gran Electrodoméstico;;01415001010524;CONGELADOR BALAY VERTICAL 186 X 60  F BLANCO NO FROST (CONJUNTO CON FRIGORÍFICO 3FCE563WE) 3GFE563WE;3GFE563WE;0;0;-1;0;-1;No;"396,95";"403,71";"754,51";;;;"0,352574386025367";"0,352574386025367";29/07/2025;26/08/2025;S;N;N;N;LIQUIDACION;4242006308209;;0;0;0
ALMACEN REPARACIONES;COMERCIANTES ELECTROD.CORDOBESES SA;BALAY;00002 - Electrodomesticos;00006 - Gran Electrodoméstico;00002 - Frio;00002 - Congeladores; -;Gran Electrodoméstico;;01415001010526;"CONGELADOR BALAY 1 PUERTA BAJO ENCIMERA NOFROST, CLASE-E, INTEGRABLE, 82X60X55 CM., 85 L. SISTEMA DE PUERTA FIJA. 3GUE033F";3GUE033F;0;0;-1;0;-1;No;"458,73";396;625;;;;"0,233344";"0,233344";08/10/2025;27/10/2025;S;N;S;S;VENDER;4242006308308;;0;0;0
ALMACEN REPARACIONES;COMERCIANTES ELECTROD.CORDOBESES SA;BALAY;00002 - Electrodomesticos;00006 - Gran Electrodoméstico;00002 - Frio;00002 - Congeladores; -;Gran Electrodoméstico;;01415001015520;CONGELADOR BALAY VERTICAL 1 P 186X60CM BLANCO 3GFE553WE;3GFE553WE;0;1;1;0;2;No;"469,77";"423,63";662;;;;"0,225691389728097";"0,225691389728097";05/12/2025;02/12/2025;S;N;S;S;VENDER;;;"469,77";"423,63";662
ALMACEN REPARACIONES;COMERCIANTES ELECTROD.CORDOBESES SA;BALAY;00002 - Electrodomesticos;00006 - Gran Electrodoméstico;00003 - Lavado;00001 - Lavadoras; -;Gran Electrodoméstico;;01415001010538;LAVADORA BALAY 7 KG 1200 RPM CLASE-A EXTRASILENCIO DISPLAY LED PAUSA + CARGA 3TS273BA;3TS273BA;0;0;-1;0;-1;No;"260,54";"278,96";"523,3";;439;"523,3";"0,35497496655838";"0,231112528473804";13/01/2026;14/01/2026;S;N;S;S;COLECCION;4242006313227;;0;0;0
ALMACEN REPARACIONES;COMERCIANTES ELECTROD.CORDOBESES SA;BALAY;00002 - Electrodomesticos;00006 - Gran Electrodoméstico;00003 - Lavado;00002 - Lavavajillas; -;Gran Electrodoméstico;;01415001010543;LAVAVAJILLAS BALAY INTEGRABLE TOTAL CLASE-E 12 CUB. NEGRO LEDS 10.5 L. AQUASTOP CUBA MIXTA ACERO Y POLINOX 3VF304NP;3VF304NP;0;0;-1;0;-1;No;"282,83";"282,53";445;;;;"0,231772359550562";"0,231772359550562";11/02/2026;11/02/2026;S;N;S;S;VENDER;4242006315207;;0;0;0
ALMACEN REPARACIONES;COMERCIANTES ELECTROD.CORDOBESES SA;BALAY;00002 - Electrodomesticos;00006 - Gran Electrodoméstico;00004 - Secado;00001 - Secadoras; -;Gran Electrodoméstico;;01415001013975;SECADORA BALAY 8 KG BOMBA CALOR A++ BLANCA DISPLAY LED 3SB288BE;3SB288BE;0;0;-1;0;-1;No;"321,5";"325,01";"631,45";;449;631;"0,37720785493705";"0,124137861915367";12/02/2026;09/02/2026;S;N;S;S;COLECCION;4242006316471;;0;0;0
ALMACEN REPARACIONES;COMERCIANTES ELECTROD.CORDOBESES SA;BALAY;00002 - Electrodomesticos;00006 - Gran Electrodoméstico;00004 - Secado;00001 - Secadoras; -;Gran Electrodoméstico;;01415001014722;SECADORA BALAY 8 KG BOMBA DE CALOR CLASE-D BLANCA PUERTA CRISTAL DISPLAY LED  3SB582BE;3SB582BE;0;0;-1;0;-1;No;372;"371,02";645;;569;645;"0,303977984496124";"0,211011950790861";03/02/2026;06/02/2026;S;N;S;S;COLECCION;4242006316464;;0;0;0
ALMACEN REPARACIONES;COMERCIANTES ELECTROD.CORDOBESES SA;BEKO;00002 - Electrodomesticos;00006 - Gran Electrodoméstico;00002 - Frio;00001 - Frigorificos; -;Gran Electrodoméstico;;01415001010879;"FRIGORIFICO BEKO 1 PUERTA 186,5X59.7X70,9 CM NO FROST CLASE-E INOX  B1RMLNE444XB";B1RMLNE444XB;0;0;-1;0;-1;No;"345,09";"338,84";529;;;;"0,2249595463138";"0,2249595463138";20/01/2026;22/01/2026;S;N;S;S;VENDER;8690842603099;;0;0;0
ALMACEN REPARACIONES;COMERCIANTES ELECTROD.CORDOBESES SA;BOSCH;00002 - Electrodomesticos;00006 - Gran Electrodoméstico;00002 - Frio;00002 - Congeladores; -;Gran Electrodoméstico;;01415001014646;CONGELADOR BOSCH 1 P. NO FROST CLASE E 186X60X65 CM PUERTAS ACERO ANTIHUELLAS (COMBINA CON KSV36FIEP) GSN36VIEP;GSN36VIEP;0;0;-1;0;-1;No;486;486;765;;;;"0,231294117647059";"0,231294117647059";09/02/2026;09/02/2026;S;N;S;S;VENDER;4242005388516;;0;0;0
ALMACEN REPARACIONES;COMERCIANTES ELECTROD.CORDOBESES SA;BOSCH;00002 - Electrodomesticos;00006 - Gran Electrodoméstico;00002 - Frio;00003 - Combinados; -;Gran Electrodoméstico;;01415001010100;FRIGORIFICO COMBI 203 CM CLASE E INOX BOSCH KGN392IEF;KGN392IEF;0;1;1;0;2;No;463;"462,98";"862,54";;"769,23";"862,53";"0,350516149975653";"0,271731731731732";07/10/2025;03/12/2025;S;N;S;S;COLECCION;4242005486083;0;463;"462,98";"862,54"
ALMACEN REPARACIONES;COMERCIANTES ELECTROD.CORDOBESES SA;BOSCH;00002 - Electrodomesticos;00006 - Gran Electrodoméstico;00002 - Frio;00003 - Combinados; -;Gran Electrodoméstico;;01415001012878;FRIGORIFICO BOSCH COMBI 203 X 60 NF CLASE-E VITAFRESH 368 L BLANCO KGN392WEF;KGN392WEF;0;0;-1;0;-1;No;449;"448,3";"835,18";;"678,6";"835,18";"0,350507674992217";"0,200643972885352";29/09/2025;02/02/2026;S;N;S;S;COLECCION;;0;0;0;0
ALMACEN REPARACIONES;COMERCIANTES ELECTROD.CORDOBESES SA;BOSCH;00002 - Electrodomesticos;00006 - Gran Electrodoméstico;00003 - Lavado;00001 - Lavadoras; -;Gran Electrodoméstico;;01415001010099;LAVADORA 9KG 1200 RPM CLASE A BOSCH WUU24T64ES;WUU24T64ES;0;1;0;0;1;No;"301,66";"301,71";"571,4";;479;539;"0,361097129856493";"0,237851565762004";12/02/2026;12/02/2026;S;N;S;S;COLECCION;4242005447862;0;"301,66";"301,71";"571,4"
ALMACEN REPARACIONES;COMERCIANTES ELECTROD.CORDOBESES SA;BOSCH;00002 - Electrodomesticos;00006 - Gran Electrodoméstico;00003 - Lavado;00001 - Lavadoras; -;Gran Electrodoméstico;;01415001012762;LAVADORA BOSCH 8 KG 1400 RPM CLASE A INOX ECOSILENCE PAUSA + CARGA WUU28T8XES;WUU28T8XES;0;0;-1;0;-1;No;330;"335,33";"638,4";;549;"638,4";"0,364427788220551";"0,260930236794171";11/02/2026;12/02/2026;S;N;S;S;COLECCION;4242005348930;;0;0;0
ALMACEN REPARACIONES;COMERCIANTES ELECTROD.CORDOBESES SA;BOSCH;00002 - Electrodomesticos;00006 - Gran Electrodoméstico;00003 - Lavado;00001 - Lavadoras; -;Gran Electrodoméstico;;01415001014277;"LAVADORA BOSCH 10 KG 1400 RPM CLASE-A (E) MOTOR ECOSILENCE, DISPLAY LED, PAUSA+CARGA, ACTIVEWATER PLUS SERIE 6 WGG254ZEES";WGG254ZEES;0;1;1;0;2;No;384;"364,44";699;;549;699;"0,369138197424893";"0,196771584699454";11/02/2026;11/02/2026;S;N;S;S;COLECCION;4242005502493;3;384;"364,44";699
ALMACEN REPARACIONES;COMERCIANTES ELECTROD.CORDOBESES SA;BOSCH;00002 - Electrodomesticos;00006 - Gran Electrodoméstico;00003 - Lavado;00002 - Lavavajillas; -;Gran Electrodoméstico;;01415001012271;"LAVAVAJILLAS BOSCH 60 CM CLASE-E 12 SERVICIOS ACERO INOXIDABLE, DISPLAY Y MANDO, PROGRAMA 1 HORA, MEDIA CARGA SMS25AI05E";SMS25AI05E;0;0;-2;0;-2;No;"298,69";"304,66";574;;479;574;"0,357772473867596";"0,230399582463465";26/01/2026;26/01/2026;S;N;S;S;COLECCION;4242002996950;;0;0;0
ALMACEN REPARACIONES;COMERCIANTES ELECTROD.CORDOBESES SA;BOSCH;00002 - Electrodomesticos;00006 - Gran Electrodoméstico;00003 - Lavado;00002 - Lavavajillas; -;Gran Electrodoméstico;;01415001013670;LAVAVAJILLAS BOSCH INTEGRABLE CLASE-B PUERTA DESLIZANTE 14 CUB. 3ª BANDEJA INFOLIGHT OPENDRY CESTA VFLEX SMH4EVX08E;SMH4EVX08E;0;0;-1;0;-1;No;434;434;"677,9";;;;"0,225342970939667";"0,225342970939667";02/12/2025;02/12/2025;S;N;S;S;VENDER;;;0;0;0
ALMACEN REPARACIONES;COMERCIANTES ELECTROD.CORDOBESES SA;BOSCH;00002 - Electrodomesticos;00006 - Gran Electrodoméstico;00004 - Secado;00001 - Secadoras; -;Gran Electrodoméstico;;01415001010188;SECADORA BOMBA DE CALOR 8 KG 60CM CLASE A++ BOSCH WTR83200ES;WTR83200ES;0;0;-1;0;-1;No;355;"356,58";"671,19";;569;671;"0,357168908952756";"0,241719156414763";11/02/2026;11/02/2026;S;N;S;S;COLECCION;4242005481958;0;0;0;0
ALMACEN REPARACIONES;COMERCIANTES ELECTROD.CORDOBESES SA;BOSCH;00002 - Electrodomesticos;00006 - Gran Electrodoméstico;00008 - Calentadores de Agua;00001 - Calentadores; -;Gran Electrodoméstico;;01415001012973;CALENTADOR BOSCH ESTANCO 12 L. BUTANO T5600 S 12 D31 BAJO NOX TERMOSTÁTICO (KIT INCLUIDO) COLOR INOX  7736504867;7736504867;0;0;-1;0;-1;No;"342,46";"334,24";"577,57";;;;"0,299772495108818";"0,299772495108818";20/03/2025;22/03/2025;S;N;N;N;LIQUIDACION;;;0;0;0
ALMACEN REPARACIONES;COMERCIANTES ELECTROD.CORDOBESES SA;BOSCH;00002 - Electrodomesticos;00006 - Gran Electrodoméstico;00008 - Calentadores de Agua;00002 - Calentadores Electricos; -;Gran Electrodoméstico;;01415001014749;TERMO BOSCH 100 L  ELECTRICO (7724001073)  TRONIC 2100TR REVERSIBLE CLASE C RESISTENCIA ENVAINADA (5 A) INSTALACION HORIZONTAL O VERTICAL TR2102TR100RB;TR2102TR100RB;0;0;-1;0;-1;No;"166,47";"165,68";"251,87";;;;"0,204062413149641";"0,204062413149641";25/11/2025;27/11/2025;S;N;S;S;VENDER;;;0;0;0
ALMACEN REPARACIONES;COMERCIANTES ELECTROD.CORDOBESES SA;CANDY;00002 - Electrodomesticos;00006 - Gran Electrodoméstico;00001 - Coccion;00002 - Hornos Empotrables; -;Gran Electrodoméstico;;01415001013801;HORNO CANDY MULTIFUNCION INOX A+ 65 L.  FIDCX602CA;FIDCX602CA;0;1;0;0;1;No;"130,22";"130,22";"203,4";;;;"0,225338249754179";"0,225338249754179";16/10/2025;03/01/2026;S;N;S;S;VENDER;;;"130,22";"130,22";"203,4"
ALMACEN REPARACIONES;COMERCIANTES ELECTROD.CORDOBESES SA;CANDY;00002 - Electrodomesticos;00006 - Gran Electrodoméstico;00003 - Lavado;00001 - Lavadoras; -;Gran Electrodoméstico;;01415001011075;LAVADORA CANDY 10 KG CLASE-A 1400 RPM INVERTER SPEED DRIVE SNAP&WASH CO4104TWM61S;CO4104TWM61S;0;0;-1;0;-1;No;227;227;"354,58";;;;"0,225365220824638";"0,225365220824638";09/02/2026;09/02/2026;S;N;S;S;VENDER;8059019040363;;0;0;0
ALMACEN REPARACIONES;COMERCIANTES ELECTROD.CORDOBESES SA;CANDY;00002 - Electrodomesticos;00006 - Gran Electrodoméstico;00003 - Lavado;00001 - Lavadoras;00009 - Lavadoras integrable-panelable;Gran Electrodoméstico;;01415001015172;LAVADORA CANDY INTEGRABLE 8 KG. 1400 RPM CLASE-A DISPLAY DIGITAL WIFI 16 PROGRAMAS BC448M4D8JS;BC448M4D8JS;0;0;-1;0;-1;No;"279,43";"279,43";"436,47";;;;"0,225352716108782";"0,225352716108782";11/11/2025;12/11/2025;S;N;S;S;VENDER;;;0;0;0
ALMACEN REPARACIONES;COMERCIANTES ELECTROD.CORDOBESES SA;CATA;00002 - Electrodomesticos;00006 - Gran Electrodoméstico;00001 - Coccion;00002 - Hornos Empotrables; -;Gran Electrodoméstico;;01415001012958;HORNO CATA ME 4006 X COMPACTO MUEBLE 45 CM 40 LTR. MULTIFUNCION AQUASMART INOX CLASE A PUERTA FRIA (3 CRISTALES) 07003305;07003305;0;0;-1;0;-1;No;"172,56";"172,56";275;;;;"0,240736";"0,240736";21/01/2026;12/02/2026;S;N;S;S;VENDER;;;0;0;0
ALMACEN REPARACIONES;COMERCIANTES ELECTROD.CORDOBESES SA;CATA;00002 - Electrodomesticos;00006 - Gran Electrodoméstico;00001 - Coccion;00003 - Encimeras; -;Gran Electrodoméstico;;01415001013210;ENCIMERA 5 FUEGOS LGI 7041 X /A CATA 08045305;08045305;0;0;-1;0;-1;No;"161,9";"161,9";"252,89";;;;"0,225358851674641";"0,225358851674641";24/02/2025;27/02/2025;S;N;S;S;VENDER;8422248108812;;0;0;0
ALMACEN REPARACIONES;COMERCIANTES ELECTROD.CORDOBESES SA;CATA;00002 - Electrodomesticos;00006 - Gran Electrodoméstico;00005 - Extraccion de Humos;00001 - Campanas; -;Gran Electrodoméstico;;01415001014713;FILTRO CARBON ACTIVO V-OMEGA-Q-OMNIUM (2 U.) 02859391;02859391;0;0;-2;0;-2;No;"13,23";"13,23";"20,67";;;;"0,225529753265602";"0,225529753265602";23/01/2026;23/01/2026;S;N;S;S;VENDER;8422248001595;;0;0;0
ALMACEN REPARACIONES;COMERCIANTES ELECTROD.CORDOBESES SA;CECOTEC;00002 - Electrodomesticos;00007 - Pequeño Electrodoméstico;00001 - Cocina;00020 - Tostadores; -;Pequeño Electrodoméstico;;01415001013201;TOSTADOR PLANO  TURBO EASYTOAST INOX CECOTEC 08004;08004;0;1;0;0;1;No;"16,95";"13,6";"26,9";;;;"0,388252788104089";"0,388252788104089";11/02/2026;23/12/2025;S;N;S;S;COLECCION;8435484080040;;"16,95";"13,6";"26,9"
ALMACEN REPARACIONES;COMERCIANTES ELECTROD.CORDOBESES SA;COINTRA;00002 - Electrodomesticos;00006 - Gran Electrodoméstico;00008 - Calentadores de Agua;00001 - Calentadores; -;Gran Electrodoméstico;;01415001011013;"CALENTADOR COINTRA 11 L BUTANO SIN LLAMA PILOTO EXT. (AUTOMÁTICO POR BATERÍA) CLASE-A LOW NOX ATMOSFERICO, POTENCIA VARIABLE Y MODULANTE, DISPOSITIVO DE CONTROL DE EVACUACIÓN DE GASES TTB, SEGURIDAD ANTIHELADAS CAMI11L";CAMI11L;0;0;-1;0;-1;No;"142,98";"142,98";"266,32";;"220,5";"266,32";"0,350383748873536";"0,215393197278912";11/02/2026;12/02/2026;S;N;S;S;COLECCION;6938771341944;;0;0;0
ALMACEN REPARACIONES;COMERCIANTES ELECTROD.CORDOBESES SA;COINTRA;00002 - Electrodomesticos;00006 - Gran Electrodoméstico;00008 - Calentadores de Agua;00002 - Calentadores Electricos; -;Gran Electrodoméstico;;01415001012355;"TERMO COINTRA ELECTRICO 80 L. CLASE-B DOBLE DEPÓSITO FUNCION SMART CONTROL WIFI 1800 W MULTIPOSICION VERTICAL/HORIZONTAL, RESISTENCIA ANTICALCAREA BLUE FOREVER,FUNCIÓN ANTILEGIONELA (5 AÑOS GARANTIA EN CALDERIN) TDDPLUS80";TDDPLUS80;0;0;-1;0;-1;No;"173,96";"173,92";279;;;;"0,245723297491039";"0,245723297491039";09/02/2026;09/02/2026;S;N;S;S;VENDER;6938771353350;;0;0;0
ALMACEN REPARACIONES;COMERCIANTES ELECTROD.CORDOBESES SA;COINTRA;00002 - Electrodomesticos;00006 - Gran Electrodoméstico;00008 - Calentadores de Agua;00002 - Calentadores Electricos; -;Gran Electrodoméstico;;01415001012356;"TERMO COINTRA ELECTRICO 100 L.LEDS FUNCION SMART 1500 W VERTICAL RESISTENCIA ANTICALCAREA BLUE FOREVER, PANTALLA DIGITAL, FUNCIÓN ANTIHIELO 2 AÑOS DE GARANTÍA TOTAL (5 AÑOS EN CALDERÍN) TDFPLUS100";TDFPLUS100;0;0;-2;0;-2;No;"132,07";"132,07";"246,04";;229;"246,05";"0,350493009266786";"0,30216288209607";05/02/2026;07/02/2026;S;N;S;S;COLECCION;6938771353206;;0;0;0
ALMACEN REPARACIONES;COMERCIANTES ELECTROD.CORDOBESES SA;COINTRA;00002 - Electrodomesticos;00006 - Gran Electrodoméstico;00008 - Calentadores de Agua;00002 - Calentadores Electricos; -;Gran Electrodoméstico;;01415001012385;TERMO COINTRA ELECTRICO 80 L. 1500W VERTICAL 809*450*472 CLAS. ENERG. C  TNC80PLUS;TNC80PLUS;0;0;-1;0;-1;No;"103,56";"103,56";"192,93";;169;"192,93";"0,350502254703779";"0,258534911242604";02/02/2026;26/01/2026;S;N;S;S;COLECCION;8430709180338;;0;0;0
ALMACEN REPARACIONES;COMERCIANTES ELECTROD.CORDOBESES SA;COINTRA;00002 - Electrodomesticos;00006 - Gran Electrodoméstico;00008 - Calentadores de Agua;00002 - Calentadores Electricos; -;Gran Electrodoméstico;;01415001012386;TERMO COINTRA 150 L. 1500 W 1.279 X 450 X 472  TNCPLUS150;TNCPLUS150;0;0;-2;0;-2;No;"154,69";"154,73";245;;;;"0,235823265306122";"0,235823265306122";10/02/2026;09/02/2026;S;N;S;S;VENDER;8430709180383;;0;0;0
ALMACEN REPARACIONES;COMERCIANTES ELECTROD.CORDOBESES SA;DAEWOO;00002 - Electrodomesticos;00011 - Electrónica de consumo;00013 - Baja Frecuencia;00003 - Transistores; -;Electrónica de consumo;;01415001014310;RADIO PORTÁTIL DAEWOO DW1124 NEGRA DW1124;DW1124;0;0;-1;0;-1;No;"17,19";"17,19";"26,67";;;;"0,220101237345332";"0,220101237345332";19/01/2026;03/01/2026;S;N;S;S;VENDER;;;0;0;0
ALMACEN REPARACIONES;COMERCIANTES ELECTROD.CORDOBESES SA;DAIKIN;00002 - Electrodomesticos;00015 - Climatización;00001 - Climatización;00001 - Acondicionadores; -;Climatización;;01415001013230;ACONDICIONADOR DAIKIN 4.500 F GAS R32 INVERTER A++/ A+++ CONTROL WIFI INCLUIDO AXF50F;AXF50F;0;0;-1;0;-1;No;"869,5";"869,5";"1695,52";;"1447,72";"1695,52";"0,379485349627253";"0,27327452822369";10/12/2025;15/01/2026;S;N;S;S;COLECCION;;0;0;0;0
ALMACEN REPARACIONES;COMERCIANTES ELECTROD.CORDOBESES SA;DAIKIN;00002 - Electrodomesticos;00015 - Climatización;00001 - Climatización;00001 - Acondicionadores; -;Climatización;;01415001014163;ACONDICIONADOR DAIKIN INVERTER 3.000 F. A++ GAS R-32 GAMA SIESTA SENSIRA WIFI INCLUIDO AXF35F;AXF35F;0;0;-2;0;-2;No;"438,98";"439,01";726;;;;"0,268316666666667";"0,268316666666667";03/02/2026;11/02/2026;S;N;S;S;VENDER;AXF35F;3;0;0;0
ALMACEN REPARACIONES;COMERCIANTES ELECTROD.CORDOBESES SA;DAIKIN;00002 - Electrodomesticos;00015 - Climatización;00001 - Climatización;00001 - Acondicionadores; -;Climatización;;01415001014426;ACONDICIONADOR DAIKIN INVERTER 2210 F. A++ WIFI INCLUIDO AXF25F;AXF25F;0;0;-1;0;-1;No;"408,9";"546,06";"1064,81";;639;699;"0,37948310027141";"-0,034010328638498";10/06/2025;22/01/2026;S;N;N;N;OFERTA;AXF25F;4;0;0;0
ALMACEN REPARACIONES;COMERCIANTES ELECTROD.CORDOBESES SA;DAITSU;00002 - Electrodomesticos;00015 - Climatización;00001 - Climatización;00001 - Acondicionadores; -;Climatización;;01415001010793;"ACONDICIONADOR DAITSU CONDUCTOS 10400 F. ""ATLAS II"" A++/A+ WIFI INCLUIDO (GAS R32) ACD42KDBS";ACD42KDBS;0;0;-1;0;-1;No;"1366,43";"1366,43";"2213,62";;;;"0,253087566971748";"0,253087566971748";26/08/2025;28/08/2025;S;N;S;S;VENDER;;;0;0;0
ALMACEN REPARACIONES;COMERCIANTES ELECTROD.CORDOBESES SA;ELECTROLUX;00002 - Electrodomesticos;00006 - Gran Electrodoméstico;00003 - Lavado;00001 - Lavadoras; -;Gran Electrodoméstico;;01415001010290;LAVADORA DE CARGA SUPERIOR DE 7.0 KG Y CLASE A EN6T5732NB  ELECTROLUX;EN6T5732NB;0;1;0;0;1;No;323;"323,11";"603,19";;499;"603,19";"0,351840879324922";"0,216506813627255";09/02/2026;03/02/2026;S;N;S;S;COLECCION;7333394102146;3;323;"323,11";"603,19"
ALMACEN REPARACIONES;COMERCIANTES ELECTROD.CORDOBESES SA;FUJITSU;00002 - Electrodomesticos;00015 - Climatización;00001 - Climatización;00001 - Acondicionadores; -;Climatización;;01415001010868;ACONDICIONADOR FUJITSU INVERTER (GAS R-32) 2150 F. A++/A+ ASY25KP;ASY25KP;0;0;-1;0;-1;No;"365,99";"365,99";"592,9";;;;"0,253081632653061";"0,253081632653061";12/06/2025;04/07/2025;S;N;S;S;VENDER;ASY25KP;;0;0;0
ALMACEN REPARACIONES;COMERCIANTES ELECTROD.CORDOBESES SA;GRUNDIG;00002 - Electrodomesticos;00006 - Gran Electrodoméstico;00002 - Frio;00003 - Combinados; -;Gran Electrodoméstico;;01415001014483;FRIGORIFICO GRUNDIG COMBI (E) 192 X 70 CLASE-D DARK INOX ANTIHUELLA DISPLAY EN PUERTA  GKPN6793XD;GKPN6793XD;0;1;1;0;2;No;"503,43";"503,43";"786,35";;;;"0,225344566668786";"0,225344566668786";24/07/2025;21/07/2025;S;N;S;S;VENDER;4013833068556;;"503,43";"503,43";"786,35"
ALMACEN REPARACIONES;COMERCIANTES ELECTROD.CORDOBESES SA;GRUNDIG;00002 - Electrodomesticos;00006 - Gran Electrodoméstico;00002 - Frio;00003 - Combinados; -;Gran Electrodoméstico;;01415001014485;FRIGORIFICO COMBI GRUNDIG (E) 203 X 60 PROLOGUE CLASE-E NO FROST DUO COOLING INOX 2 CAJONES GKPN36920XP;GKPN36920XP;0;0;-1;0;-1;No;"363,85";"347,78";"702,51";;"638,1";"702,52";"0,400985324052327";"0,340520608055164";21/11/2025;16/12/2025;S;N;S;S;EXCLUSIVO;4013833071556;4;0;0;0
ALMACEN REPARACIONES;COMERCIANTES ELECTROD.CORDOBESES SA;GRUNDIG;00002 - Electrodomesticos;00015 - Climatización;00001 - Climatización;00001 - Acondicionadores; -;Climatización;;01415001014462;ACONDICIONADOR GRUNDIG 3000 F. A+++ /A++ INVERTER NUEVO DISEÑO WIFI INCLUIDO GEEPDH121;GEEPDH121;0;1;0;0;1;No;"258,38";"258,38";549;;429;549;"0,430528597449909";"0,271235897435897";21/01/2026;02/02/2026;S;N;S;S;VENDER;GEEPDH121;5;"258,38";"258,38";549
ALMACEN REPARACIONES;COMERCIANTES ELECTROD.CORDOBESES SA;HISENSE;00002 - Electrodomesticos;00006 - Gran Electrodoméstico;00001 - Coccion;00003 - Encimeras; -;Gran Electrodoméstico;;01415001011198;ENCIMERA HISENSE VITROCERAMICA 3 ZONAS (1 DE 29 CM)  E6322C;E6322C;0;0;-2;0;-2;No;105;105;"195,62";;151;"195,62";"0,350526531029547";"0,158609271523179";19/11/2025;29/12/2025;S;N;S;N;OFERTA;3838782390449;;0;0;0
ALMACEN REPARACIONES;COMERCIANTES ELECTROD.CORDOBESES SA;HISENSE;00002 - Electrodomesticos;00006 - Gran Electrodoméstico;00001 - Coccion;00004 - Microondas integrable; -;Gran Electrodoméstico;;01415001010927;MICROONDAS HISENSE 20 L. CON GRILL INOX INTEGRABLE INOX MARCO INCLUIDO BIM320G41X;BIM320G41X;0;1;0;0;1;No;99;99;"184,44";;159;"184,44";"0,350520494469746";"0,246603773584906";11/02/2026;10/02/2026;S;N;S;S;COLECCION;3838782925153;;99;99;"184,44"
ALMACEN REPARACIONES;COMERCIANTES ELECTROD.CORDOBESES SA;HISENSE;00002 - Electrodomesticos;00006 - Gran Electrodoméstico;00002 - Frio;00001 - Frigorificos; -;Gran Electrodoméstico;;01415001012126;"FRIGORIFICO HISENSE 1 PUERTA 185 X 60 CLASE-E BLANCO NO FROST  DISPLAY EXTERIOR METAL TECH-COOLING, MULTI-AIR FLOW, MICRO VENTS COOLING RL481N4BWE";RL481N4BWE;0;1;1;0;2;No;386;386;"602,93";;;;"0,225349543064701";"0,225349543064701";10/09/2025;03/09/2025;S;N;S;S;VENDER;6921727077455;;386;386;"602,93"
ALMACEN REPARACIONES;COMERCIANTES ELECTROD.CORDOBESES SA;HISENSE;00002 - Electrodomesticos;00006 - Gran Electrodoméstico;00002 - Frio;00003 - Combinados; -;Gran Electrodoméstico;;01415001010096;FRIGO COMBI HISENSE 186X60 CM NO FROST CLASE E 304 LITROS RB390N4AWE;RB390N4AWE;0;0;-2;0;-2;No;"268,69";"267,66";499;;439;499;"0,350964729458918";"0,262258314350797";11/02/2026;11/02/2026;S;N;S;S;COLECCION;6921727072863;;0;0;0
ALMACEN REPARACIONES;COMERCIANTES ELECTROD.CORDOBESES SA;HISENSE;00002 - Electrodomesticos;00006 - Gran Electrodoméstico;00002 - Frio;00003 - Combinados; -;Gran Electrodoméstico;;01415001010205;"FRIGORÍFICO COMBI 2 PUERTAS, CLASE A ,  202*60  336L, INOX RB440N4ACA HISENSE";RB440N4ACA;0;0;-1;0;-1;No;462;"462,4";"867,49";;799;1030;"0,355031181915642";"0,299744680851064";12/02/2026;12/02/2026;S;N;S;S;COLECCION;6921727073983;5;0;0;0
ALMACEN REPARACIONES;COMERCIANTES ELECTROD.CORDOBESES SA;HISENSE;00002 - Electrodomesticos;00006 - Gran Electrodoméstico;00002 - Frio;00003 - Combinados; -;Gran Electrodoméstico;;01415001012093;FRIGORIFICO HISENSE COMBI 186 X 60 TOTAL NF CLASE-E INOX 304 L. RB390N4ACE;RB390N4ACE;0;2;2;0;4;No;"307,49";"302,46";"557,58";;499;"557,58";"0,343633918002798";"0,26657995991984";10/02/2026;09/02/2026;S;N;S;S;COLECCION;6921727073198;0;"614,98";"604,92";"1115,16"
ALMACEN REPARACIONES;COMERCIANTES ELECTROD.CORDOBESES SA;HISENSE;00002 - Electrodomesticos;00006 - Gran Electrodoméstico;00002 - Frio;00003 - Combinados; -;Gran Electrodoméstico;;01415001012098;FRIGORIFICO HISENSE COMBI 202 X 60 CLASE-C 336 L. BLANCO TOTAL NF. INVERTER (10 A. MOTOR) METAL BACK RB440N4AWC;RB440N4AWC;0;1;0;0;1;No;416;416;"775,01";;659;"775,01";"0,350511606301854";"0,236176024279211";08/10/2025;29/12/2025;S;N;S;S;COLECCION;6921727079466;0;416;416;"775,01"
ALMACEN REPARACIONES;COMERCIANTES ELECTROD.CORDOBESES SA;HISENSE;00002 - Electrodomesticos;00006 - Gran Electrodoméstico;00002 - Frio;00003 - Combinados; -;Gran Electrodoméstico;;01415001012099;FRIGORIFICO HISENSE COMBI 201 X 60 INOX CLASE-E TOTAL NF DISPLAY 336 L.  RB440N4BCE;RB440N4BCE;0;0;-1;0;-1;No;337;337;529;;;;"0,229168241965974";"0,229168241965974";20/01/2026;23/01/2026;S;N;S;S;VENDER;6921727056023;;0;0;0
ALMACEN REPARACIONES;COMERCIANTES ELECTROD.CORDOBESES SA;HISENSE;00002 - Electrodomesticos;00006 - Gran Electrodoméstico;00002 - Frio;00003 - Combinados; -;Gran Electrodoméstico;;01415001014357;"FRIGORÍFICO HISENSE COMBI 185,6 X 60 CM  CLASE-D , 330L, INOX KITCHEN FIT  MULTI-AIR FLOW CONECTIVIDAD WIFI RB3K330SAIC";RB3K330SAIC;0;0;-1;0;-1;No;442;442;"690,4";;;;"0,225347624565469";"0,225347624565469";27/11/2025;27/11/2025;S;N;S;S;VENDER;;;0;0;0
ALMACEN REPARACIONES;COMERCIANTES ELECTROD.CORDOBESES SA;HISENSE;00002 - Electrodomesticos;00006 - Gran Electrodoméstico;00003 - Lavado;00001 - Lavadoras; -;Gran Electrodoméstico;;01415001010207;"LAVADORA, CLASE A , 10.5 KG ,  1400RPM , BLANCO WF3S1043BW3 HISENSE";WF3S1043BW3;0;1;0;0;1;No;289;"288,61";"537,68";;417;"537,68";"0,350509410801964";"0,162546522781775";22/10/2025;20/01/2026;S;N;S;S;COLECCION;6901101830111;;289;"288,61";"537,68"
ALMACEN REPARACIONES;COMERCIANTES ELECTROD.CORDOBESES SA;HISENSE;00002 - Electrodomesticos;00006 - Gran Electrodoméstico;00003 - Lavado;00001 - Lavadoras; -;Gran Electrodoméstico;;01415001012456;LAVADORA HISENSE 8 KG 1400 RPM CLASE-A INVERTER FUNCION VAPOR WFQP801419VM;WFQP801419VM;0;0;-1;0;-1;No;205;205;379;;;;"0,345514511873351";"0,345514511873351";25/06/2025;20/10/2025;S;N;N;N;LIQUIDACION;6901101816580;;0;0;0
ALMACEN REPARACIONES;COMERCIANTES ELECTROD.CORDOBESES SA;HISENSE;00002 - Electrodomesticos;00006 - Gran Electrodoméstico;00003 - Lavado;00001 - Lavadoras; -;Gran Electrodoméstico;;01415001013794;LAVADORA HISENSE 8 KG 1400 RPM CLASE-A (-20 %)  INVERTER FUNCION VAPOR FONDO 54 CM WF1Q8041BW;WF1Q8041BW;0;0;-1;0;-1;No;212;212;"394,96";;329;395;"0,35051650800081";"0,220303951367781";11/02/2026;11/02/2026;S;N;S;S;COLECCION;6901101832337;;0;0;0
ALMACEN REPARACIONES;COMERCIANTES ELECTROD.CORDOBESES SA;HISENSE;00002 - Electrodomesticos;00006 - Gran Electrodoméstico;00003 - Lavado;00001 - Lavadoras; -;Gran Electrodoméstico;;01415001014356;"LAVADORA SECADORA HISENSE 8 KG / 5 KG  1400 RPM PANTALLA TFT 3,55 "" FONDO REDUCIDO WD5I8043BWF";WD5I8043BWF;0;0;-1;0;-1;No;310;310;"626,2";;"539,1";"626,2";"0,400990099009901";"0,304210721572992";04/02/2026;17/01/2026;S;N;S;S;EXCLUSIVO;;3;0;0;0
ALMACEN REPARACIONES;COMERCIANTES ELECTROD.CORDOBESES SA;HISENSE;00002 - Electrodomesticos;00006 - Gran Electrodoméstico;00003 - Lavado;00001 - Lavadoras; -;Gran Electrodoméstico;;01415001015031;"LAVADORA HISENSE 10,5 KG CLASE-A 1400RPM ,INVERTER DISPLAY FONDO 59 CM BLANCA A-20% CONECTIVIDAD WIFI SMART PAIR HYGIENE GUARD FUNCIÓN VAPOR 99,9% (10 A. MOTOR) WF3S1043BW1";WF3S1043BW1;0;0;-1;0;-1;No;250;"249,99";"461,43";;379;"461,43";"0,344455497041805";"0,20187889182058";11/02/2026;11/02/2026;S;N;S;S;COLECCION;6901101834607;;0;0;0
ALMACEN REPARACIONES;COMERCIANTES ELECTROD.CORDOBESES SA;HISENSE;00002 - Electrodomesticos;00006 - Gran Electrodoméstico;00003 - Lavado;00001 - Lavadoras;00009 - Lavadoras integrable-panelable;Gran Electrodoméstico;;01415001012454;LAVADORA HISENSE INTEGRABLE 8 KG 1400 RPM CLASE-A INVERTER WF3M841BWIES;WF3M841BWIES;0;0;-1;0;-1;No;330;330;"614,79";;479;"614,79";"0,350509930220075";"0,166388308977035";30/01/2026;11/02/2026;S;N;S;S;COLECCION;6901101829887;;0;0;0
ALMACEN REPARACIONES;COMERCIANTES ELECTROD.CORDOBESES SA;HISENSE;00002 - Electrodomesticos;00006 - Gran Electrodoméstico;00003 - Lavado;00002 - Lavavajillas; -;Gran Electrodoméstico;;01415001010129;LAVAVAJILLAS 60CM 13 CUBIERTOS CLASE E BLANCO HISENSE HS622E10W;HS622E10W;0;0;-1;0;-1;No;185;185;349;;299;349;"0,358595988538682";"0,25133779264214";12/02/2026;07/02/2026;S;N;S;S;COLECCIÓN Y FOLLETO;3838782640889;;0;0;0
ALMACEN REPARACIONES;COMERCIANTES ELECTROD.CORDOBESES SA;INDESIT;00002 - Electrodomesticos;00006 - Gran Electrodoméstico;00004 - Secado;00001 - Secadoras; -;Gran Electrodoméstico;;01415001012494;SECADORA INDESIT 9 KG A++ PUERTA DE CRISTAL DIGITAL EASYCLEANING BOMBA DE CALOR YTNM1192KRXSPT;YTNM1192KRXSPT;0;0;-1;0;-1;No;310;310;"484,22";;;;"0,225352112676056";"0,225352112676056";02/09/2025;09/10/2025;S;N;S;S;VENDER;;;0;0;0
ALMACEN REPARACIONES;COMERCIANTES ELECTROD.CORDOBESES SA;INFINITON;00002 - Electrodomesticos;00006 - Gran Electrodoméstico;00001 - Coccion;00004 - Microondas integrable; -;Gran Electrodoméstico;;01415001012807;"MICROONDAS INFINITON 25 L. CRISTAL NEGRO INTEGRACION, GRILL, 800 W, APERTURA CON BOTÓN TÁCTIL, 30,8 CM PLATO, 8 PROGRAMAS, TEMPORIZADOR 95 MIN IMWDD2S";IMWDD2S;0;0;-1;0;-1;No;130;130;"250,91";;;;"0,373081981587023";"0,373081981587023";05/12/2025;16/12/2025;S;N;N;S;NO COLECCION;;;0;0;0
ALMACEN REPARACIONES;COMERCIANTES ELECTROD.CORDOBESES SA;INFINITON;00002 - Electrodomesticos;00006 - Gran Electrodoméstico;00002 - Frio;00001 - Frigorificos; -;Gran Electrodoméstico;;01415001010217;"FRIGORIFICO 1 PUERTA BLANCO NO FROST CLASE E CAPACIDAD TOTAL NETA 375 (L),  CL360L85WEC INFINITON";CL360L85WEC;0;1;1;0;2;No;310;310;589;;549;589;"0,363157894736842";"0,316757741347905";03/02/2026;04/02/2026;S;N;S;S;COLECCION;8445639003947;;310;310;589
ALMACEN REPARACIONES;COMERCIANTES ELECTROD.CORDOBESES SA;INFINITON;00002 - Electrodomesticos;00006 - Gran Electrodoméstico;00002 - Frio;00001 - Frigorificos; -;Gran Electrodoméstico;;01415001010218;"FIRGORIFICO 2 PUERTAS BLANCO 160X54,5X52,5CM, CLASE E CAPACIDAD TOTAL 239 LITROS FG239D16WEV1 INFINITON";FG239D16WEV1;0;0;-1;0;-1;No;"166,25";"171,72";"326,02";;299;329;"0,36267345561622";"0,305079598662207";04/02/2026;07/02/2026;S;N;S;S;COLECCION;8445639003046;;0;0;0
ALMACEN REPARACIONES;COMERCIANTES ELECTROD.CORDOBESES SA;INFINITON;00002 - Electrodomesticos;00006 - Gran Electrodoméstico;00002 - Frio;00001 - Frigorificos; -;Gran Electrodoméstico;;01415001011303;"FRIGORIFICO INFINITON 2 PUERTAS 160 X 54,5 X 52,5 CM CLASE-E INOX 239 L FG239D16XEV2";FG239D16XEV2;0;1;1;0;2;No;195;195;"304,59";;;;"0,225352112676056";"0,225352112676056";05/01/2026;19/12/2025;S;N;S;S;VENDER;8445639003404;;195;195;"304,59"
ALMACEN REPARACIONES;COMERCIANTES ELECTROD.CORDOBESES SA;INFINITON;00002 - Electrodomesticos;00006 - Gran Electrodoméstico;00002 - Frio;00001 - Frigorificos; -;Gran Electrodoméstico;;01415001012926;FRIGORIFICO INFINITON 1 P. CLASE-E NF 185X59.5X66 CM NEGRO (CONJUNTO CON CV19DST) CL18BSTL;CL18BSTL;0;0;-1;0;-1;No;110;389;"166,44";;;;"-1,82798606104302";"-1,82798606104302";02/12/2025;11/12/2025;S;N;S;S;VENDER;;;0;0;0
ALMACEN REPARACIONES;COMERCIANTES ELECTROD.CORDOBESES SA;INFINITON;00002 - Electrodomesticos;00006 - Gran Electrodoméstico;00002 - Frio;00001 - Frigorificos;00001 - Frigos 2p w;Gran Electrodoméstico;;01415001010209;"FRIGORIFICO 2 PUERTAS 174,5X59,5X55,5 CM CLASE E FG300D75WEJ INFINITON";FG300D75WEJ;0;0;-1;0;-1;No;210;210;329;;;;"0,227659574468085";"0,227659574468085";12/01/2026;13/01/2026;S;N;S;S;VENDER;8445639000595;;0;0;0
ALMACEN REPARACIONES;COMERCIANTES ELECTROD.CORDOBESES SA;INFINITON;00002 - Electrodomesticos;00006 - Gran Electrodoméstico;00002 - Frio;00001 - Frigorificos;00005 - Americano w;Gran Electrodoméstico;;01415001010299;"FRIGO AMERICANO BLANCO INFINITON 177,5*83*58 INVERTER CLASE E 410 LITRO SBS-456A78WEG INFINITON";SBS456A78WEG;0;1;1;0;2;No;349;349;"650,18";;599;650;"0,350502937648036";"0,295008347245409";06/02/2026;27/01/2026;S;N;S;S;COLECCION;8445639004692;;349;349;"650,18"
ALMACEN REPARACIONES;COMERCIANTES ELECTROD.CORDOBESES SA;INFINITON;00002 - Electrodomesticos;00006 - Gran Electrodoméstico;00002 - Frio;00002 - Congeladores; -;Gran Electrodoméstico;;01415001010045;CONGELADOR VERTICAL CV265L85WEM INFINITON;CV265L85WEM;0;1;1;0;2;No;330;330;649;;599;649;"0,384745762711864";"0,33338898163606";27/01/2026;30/01/2026;S;N;S;S;COLECCION;8445639003992;0;330;330;649
ALMACEN REPARACIONES;COMERCIANTES ELECTROD.CORDOBESES SA;INFINITON;00002 - Electrodomesticos;00006 - Gran Electrodoméstico;00002 - Frio;00003 - Combinados; -;Gran Electrodoméstico;;01415001010223;"COMBI INOX NO FROST , CLASIFICACION ENERGETICA E CAPACIDAD TOTAL 310 LITROS  FGC310C85XEP INFINITON";FGC310C85XEP;0;0;-2;0;-2;No;255;255;"475,07";;399;475;"0,350516765950281";"0,226691729323308";05/02/2026;15/01/2026;S;N;S;S;COLECCION;8445639004029;;0;0;0
ALMACEN REPARACIONES;COMERCIANTES ELECTROD.CORDOBESES SA;INFINITON;00002 - Electrodomesticos;00006 - Gran Electrodoméstico;00002 - Frio;00003 - Combinados; -;Gran Electrodoméstico;;01415001013286;FRIGORIFICO INFINITON COMBI 182X55 CLASE-E INOX 260 L DEFROST FGC260C85XEC;FGC260C85XEC;0;0;-1;0;-1;No;249;249;"388,94";;;;"0,225356096055947";"0,225356096055947";15/07/2025;22/09/2025;S;N;S;S;VENDER;8445639003541;;0;0;0
ALMACEN REPARACIONES;COMERCIANTES ELECTROD.CORDOBESES SA;INFINITON;00002 - Electrodomesticos;00006 - Gran Electrodoméstico;00002 - Frio;00003 - Combinados; -;Gran Electrodoméstico;;01415001014744;"FRIGORIFICO INFINITON COMBI 182 X 55 INOX CLASE-E LUZ LED, NS/T, 260 L,TECNOLOGÍA DEFROST CICLICO FGC262C80XEV";FGC262C80XEV;0;1;1;0;2;No;"224,1";"224,1";"358,99";;;;"0,244655839995543";"0,244655839995543";27/01/2026;27/01/2026;S;N;S;S;VENDER;;;"224,1";"224,1";"358,99"
ALMACEN REPARACIONES;COMERCIANTES ELECTROD.CORDOBESES SA;INFINITON;00002 - Electrodomesticos;00006 - Gran Electrodoméstico;00003 - Lavado;00001 - Lavadoras; -;Gran Electrodoméstico;;01415001010118;LAVADORA INFINITON 7KG 1200 RPM CLASE D INFINITON WMD72L;WMD72L;0;0;-1;0;-1;No;173;173;"322,3";;250;"322,3";"0,350511945392491";"0,16268";21/04/2025;13/08/2025;S;N;S;N;OFERTA;8445639002056;;0;0;0
ALMACEN REPARACIONES;COMERCIANTES ELECTROD.CORDOBESES SA;INFINITON;00002 - Electrodomesticos;00006 - Gran Electrodoméstico;00003 - Lavado;00001 - Lavadoras; -;Gran Electrodoméstico;;01415001010212;LAVADORA CARGA SUPERIOR INVERTER 8 KG 1300 RPM CLASE A TLWD83ABH INFINITON;TLWD83ABH;0;0;-3;0;-3;No;250;250;"465,75";;419;466;"0,350509930220075";"0,278042959427208";04/02/2026;04/02/2026;S;N;S;S;COLECCION;8445639003732;;0;0;0
ALMACEN REPARACIONES;COMERCIANTES ELECTROD.CORDOBESES SA;INFINITON;00002 - Electrodomesticos;00006 - Gran Electrodoméstico;00003 - Lavado;00001 - Lavadoras; -;Gran Electrodoméstico;;01415001010230;"LAVADORA 8KG, 1400 RPM, A INVERTER, BLANCA,  FUNCION VAPOR  WMS84ABL INFINITON";WMS84ABL;0;1;0;0;1;No;205;205;"372,9";;"335,61";"372,9";"0,334808259587021";"0,260898066207801";18/06/2025;18/08/2025;S;N;S;S;COLECCION;8445639004050;;205;205;"372,9"
ALMACEN REPARACIONES;COMERCIANTES ELECTROD.CORDOBESES SA;INFINITON;00002 - Electrodomesticos;00006 - Gran Electrodoméstico;00003 - Lavado;00001 - Lavadoras; -;Gran Electrodoméstico;;01415001013839;LAVADORA INFINITON 6 KG. 1000 RPM CLASE-D DISPLAY LOOK INOX (PLATA PINTADO) WMD61DPE;WMD61DPE;0;1;1;0;2;No;"170,1";189;"352,11";;269;"352,11";"0,350515463917526";"0,149851301115242";28/08/2025;10/12/2025;S;N;S;N;OFERTA;8445639001868;;"170,1";189;"352,11"
ALMACEN REPARACIONES;COMERCIANTES ELECTROD.CORDOBESES SA;INFINITON;00002 - Electrodomesticos;00006 - Gran Electrodoméstico;00003 - Lavado;00001 - Lavadoras; -;Gran Electrodoméstico;;01415001013890;LAVADORA INFINITON 6 KG 1200 RPM CLASE-A INVERTER DISPLAY  WMH61ABY;WMH61ABY;0;0;-1;0;-1;No;161;161;"299,95";;279;299;"0,350525087514586";"0,301756272401434";29/01/2026;27/01/2026;S;N;S;S;COLECCION;8445639005651;;0;0;0
ALMACEN REPARACIONES;COMERCIANTES ELECTROD.CORDOBESES SA;INFINITON;00002 - Electrodomesticos;00006 - Gran Electrodoméstico;00003 - Lavado;00001 - Lavadoras; -;Gran Electrodoméstico;;01415001015074;"LAVADORA INFINITON 8 KG 1400 RPM CLASE-A (-10%) BLANCO INVERTER FUNCION EASY PLAY, FUNCION VAPOR CARE, 15 PROGRAMAS, 84,7 X 60 X 52 CM WMF84AWH";WMF84AWH;0;1;0;0;1;No;180;180;"335,34";;279;335;"0,350509930220075";"0,219354838709677";11/02/2026;12/02/2026;S;N;S;S;COLECCIÓN Y FOLLETO;8445639006436;;180;180;"335,34"
ALMACEN REPARACIONES;COMERCIANTES ELECTROD.CORDOBESES SA;INFINITON;00002 - Electrodomesticos;00006 - Gran Electrodoméstico;00003 - Lavado;00001 - Lavadoras; -;Gran Electrodoméstico;;01415001015075;"LAVADORA INFINITON 10 KG 1400 RPM CLASE-A (-10%) BLANCO INVERTER FUNCION EASY PLAY, FUNCION VAPOR CARE, 15 PROGRAMAS, 84,7 X 60 X 57,7 CM WMF104AWH";WMF104AWH;0;1;1;0;2;No;210;210;469;;389;469;"0,458208955223881";"0,346786632390746";05/02/2026;06/02/2026;S;N;S;S;COLECCION;8445639006597;;210;210;469
ALMACEN REPARACIONES;COMERCIANTES ELECTROD.CORDOBESES SA;INFINITON;00002 - Electrodomesticos;00006 - Gran Electrodoméstico;00003 - Lavado;00002 - Lavavajillas; -;Gran Electrodoméstico;;01415001012680;LAVAVAJILLAS INFINITON INTEGRABLE 60 CLASE-E 7 PROG. 12 CUB.  DIWBB606;DIWBB606;0;0;-1;0;-1;No;215;215;"339,01";;;;"0,232618506828707";"0,232618506828707";10/02/2026;11/02/2026;S;N;S;S;VENDER;8445639002995;;0;0;0
ALMACEN REPARACIONES;COMERCIANTES ELECTROD.CORDOBESES SA;INFINITON;00002 - Electrodomesticos;00006 - Gran Electrodoméstico;00008 - Calentadores de Agua;00002 - Calentadores Electricos; -;Gran Electrodoméstico;;01415001012804;"TERMO INFINITON ELÉCTRICO VERTICAL DE AGUA, 80 LITROS, RESISTENCIAS ESMALTADAS, TEMPERATURA DE AGUA AJUSTABLE, CLASE ENERGETICA C, 80,5X 45 CM, 15 DB CAS2OV80D";CAS2OV80D;0;0;-1;0;-1;No;95;95;149;;;;"0,228523489932886";"0,228523489932886";30/01/2026;04/02/2026;S;N;S;S;VENDER;;;0;0;0
ALMACEN REPARACIONES;COMERCIANTES ELECTROD.CORDOBESES SA;INFINITON;00002 - Electrodomesticos;00011 - Electrónica de consumo;00001 - Televisión;00001 - Televisores;"00001 - Televisor menor de 32""";Electrónica de consumo;;01415001010111;"PANTALLA LED 40"" FHD ANDROID INTV40GS790 INFINITON";INTV40GS790;0;0;-1;0;-1;No;"138,91";139;249;;199;249;"0,324538152610442";"0,154824120603015";05/02/2026;05/02/2026;S;N;S;S;COLECCION;8445639004258;;0;0;0
ALMACEN REPARACIONES;COMERCIANTES ELECTROD.CORDOBESES SA;INFINITON;00002 - Electrodomesticos;00015 - Climatización;00001 - Climatización;00001 - Acondicionadores; -;Climatización;;01415001013814;ACONDICIONADOR INFINITON 3000 F. INVERTER A++ WIFI OPCIONAL SPTTC12A2;SPTTC12A2;0;0;-3;0;-3;No;189;"188,98";"368,57";;"269,11";"368,57";"0,379586510025233";"0,150288729515811";25/06/2025;22/08/2025;S;N;N;N;OFERTA;;0;0;0;0
ALMACEN REPARACIONES;COMERCIANTES ELECTROD.CORDOBESES SA;INFINITON;00002 - Electrodomesticos;00015 - Climatización;00001 - Climatización;00001 - Acondicionadores; -;Climatización;;01415001013818;"ACONDICIONADOR INFINITON 2200 F. A++ (GAS R32) INVERTER WIFI OPCIONAL 22-54 DB, MODO NOCTURNO SLEEP, PROGRAMACIÓN DE TEMPERATURA IFEEL, BOMBA DE CALOR, DESHUMIDIFICADOR, ANTI-HUMEDAD, INDICADOR DE TEMPERATURA EXTERNA POR LED SPTTC09A2";SPTTC09A2;0;0;-1;0;-1;No;"185,11";"187,71";369;;"267,33";369;"0,384473983739837";"0,150379306475143";17/07/2025;24/11/2025;S;N;N;N;OFERTA;SPTTC09A2;0;0;0;0
ALMACEN REPARACIONES;COMERCIANTES ELECTROD.CORDOBESES SA;INFINITON;00002 - Electrodomesticos;00015 - Climatización;00001 - Climatización;00001 - Acondicionadores; -;Climatización;;01415001013820;"ACONDICIONADOR INFINITON 2100 F. A++ (GAS R32) INVERTER WIFI INCLUIDO MODO NOCTURNO SLEEP, FILTRO ANTIBACTERIAS , GOLDEN FIN , RECUBRIMIENTO DE COBRE ANTI HUMEDAD Y ANTI CORROSION , AIR FLOW , DESHUMIDIFICADOR Y 22DB SPTSE09A2";SPTSE09A2;0;0;-4;0;-4;No;"185,25";"188,5";345;;309;345;"0,338884057971014";"0,261860841423948";06/02/2026;07/02/2026;S;N;S;S;COLECCION;;0;0;0;0
ALMACEN REPARACIONES;COMERCIANTES ELECTROD.CORDOBESES SA;INFINITON;00002 - Electrodomesticos;00015 - Climatización;00001 - Climatización;00001 - Acondicionadores; -;Climatización;;01415001013827;"ACONDICIONADOR INFINITON 3000 F. A++ (GAS R32) INVERTER WIFI INCLUIDO MODO NOCTURNO SLEEP, FILTRO ANTIBACTERIAS , GOLDEN FIN , RECUBRIMIENTO DE COBRE ANTI HUMEDAD Y ANTI CORROSION , AIR FLOW , DESHUMIDIFICADOR Y 22DB SPTSE12A2";SPTSE12A2;0;1;-2;0;-1;No;208;"208,32";"405,6";;353;"405,6";"0,378532544378698";"0,285928611898017";11/02/2026;12/02/2026;S;N;S;S;VENDER;;0;208;"208,32";"405,6"
ALMACEN REPARACIONES;COMERCIANTES ELECTROD.CORDOBESES SA;INFINITON;00002 - Electrodomesticos;00015 - Climatización;00001 - Climatización;00001 - Acondicionadores; -;Climatización;;01415001013830;"ACONDICIONADOR INFINITON 4500 F. A+++ INVERTER WIFI INCLUIDO RUIDO 22-53 DB, MODO NOCTURNO SLEEP, TEMPORIZADOR, PROGRAMACIÓN DE TEMPERATURA IFEEL, BOMBA DE CALOR, DESHUMIDIFICADOR, ANTI-HUMEDAD, INDICADOR DE TEMPERATURA EXTERNA POR LED, FILTRO ANTIBACTERI SPTWF18A2";SPTWF18A2;0;0;-1;0;-1;No;425;425;"688,5";;;;"0,253086419753086";"0,253086419753086";23/12/2025;10/02/2026;S;N;N;N;LIQUIDACION;;;0;0;0
ALMACEN REPARACIONES;COMERCIANTES ELECTROD.CORDOBESES SA;JATA;00001 - Muebles;00054 - Menaje;00001 - Servicio Cocina;00008 - Cafeteras; -;Menage;;01415001011424;CAFETERA INDUCCION BISTREA 6 TAZAS FONDO DIFUSOR INDUCCIÓN TOTAL.EXTERIOR PINTADO AL HORNO A 280 ºC. ASA MACIZA DISEÑO ESPECIAL ANTI-QUEMADURAS HCAF2406;HCAF2406;0;1;1;0;2;No;"12,6";"10,89";"19,06";;;;"0,308662119622246";"0,308662119622246";24/07/2025;;S;N;S;S;VENDER;8436584384731;;"12,6";"10,89";"19,06"
ALMACEN REPARACIONES;COMERCIANTES ELECTROD.CORDOBESES SA;KARCHER;00002 - Electrodomesticos;00007 - Pequeño Electrodoméstico;00003 - Hogar;00011 - Aspiradores; -;Pequeño Electrodoméstico;;01415001014241;ASPIRADOR KARCHER SE 3 COMPACT (1.081-530.0) LIMPIEZA INTERIOR - LIMPIEZA DE MOQUETAS Y TAPICERÍAS SE3COMPACT;SE3COMPACT;0;0;-1;0;-1;No;"112,4";"112,4";175;;;;"0,222834285714286";"0,222834285714286";16/12/2025;16/12/2025;S;N;N;S;NO COLECCION;;;0;0;0
ALMACEN REPARACIONES;COMERCIANTES ELECTROD.CORDOBESES SA;LG;00002 - Electrodomesticos;00006 - Gran Electrodoméstico;00002 - Frio;00001 - Frigorificos; -;Gran Electrodoméstico;;01415001011397;"FRIGORIFICO LG SIDE BY SIDE CLASE-E 1790 X 913 MM, 634L, INOX ANTIHUELLAS, INVERTER (10 A GARANTÍA), LINEAR COOLING, SMART DIAGNOSIS GSBC40PYPE";GSBC40PYPE;0;0;-1;0;-1;No;"665,56";"664,9";1049;;;;"0,233051477597712";"0,233051477597712";03/11/2025;10/11/2025;S;N;S;S;VENDER;8806096031421;;0;0;0
ALMACEN REPARACIONES;COMERCIANTES ELECTROD.CORDOBESES SA;LG;00002 - Electrodomesticos;00006 - Gran Electrodoméstico;00002 - Frio;00001 - Frigorificos; -;Gran Electrodoméstico;;01415001011398;"FRIGORIFICO LG SIDE BY SIDE CLASE-E 1790 X 913 MM, 634L, INOX DISPENSADOR (CON TOMA DE AGUA) INVERTER (10 A GARANTÍA), LINEAR COOLING, SMART DIAGNOSIS GSLC40PYPE";GSLC40PYPE;0;0;-3;0;-3;No;"815,56";"815,43";"1518,96";;1199;1518;"0,350430360246484";"0,177088990825688";30/12/2025;23/12/2025;S;N;S;S;COLECCIÓN Y FOLLETO;8806096031384;;0;0;0
ALMACEN REPARACIONES;COMERCIANTES ELECTROD.CORDOBESES SA;LG;00002 - Electrodomesticos;00006 - Gran Electrodoméstico;00002 - Frio;00001 - Frigorificos; -;Gran Electrodoméstico;;01415001012612;FRIGORIFICO LG AMERICANO 4 PUERTAS ANCHO 1787 X 835 X 730 MM  CLASE-E INOX 530 L. NF  INVERTER (10 A. MOTOR) GMB860PYDE;GMB860PYDE;0;1;0;0;1;No;"844,83";"832,61";"1300,53";;;;"0,225348050410217";"0,225348050410217";23/10/2025;23/10/2025;S;N;S;S;VENDER;8806087989472;;"844,83";"832,61";"1300,53"
ALMACEN REPARACIONES;COMERCIANTES ELECTROD.CORDOBESES SA;LG;00002 - Electrodomesticos;00006 - Gran Electrodoméstico;00002 - Frio;00003 - Combinados; -;Gran Electrodoméstico;;01415001011360;FRIGORIFICO LG COMBI 203 X 60 CLASE-E INOX TOTAL NF METAL FRESH DISPLAY EN PUERTA INVERTER (10 CLASE-A MOTOR) APERTURA 90 º BIG ZONE GBV5250EPY;GBV5250EPY;0;1;1;0;2;No;"452,33";"452,33";"706,54";;;;"0,225352704730093";"0,225352704730093";23/09/2025;13/10/2025;S;N;S;S;VENDER;8806087985078;;"452,33";"452,33";"706,54"
ALMACEN REPARACIONES;COMERCIANTES ELECTROD.CORDOBESES SA;LG;00002 - Electrodomesticos;00006 - Gran Electrodoméstico;00002 - Frio;00003 - Combinados; -;Gran Electrodoméstico;;01415001015452;FRIGORIFICO LG COMBI 203 X 70 X 675 MM CLASE-D INOX 462 L. INVERTER DOOR COOLING BIG ZONE GBBW322DPY;GBBW322DPY;0;0;-1;0;-1;No;"592,55";"592,55";1120;;949;1120;"0,359834375";"0,244483140147524";13/01/2026;13/01/2026;S;N;S;S;VENDER;;;0;0;0
ALMACEN REPARACIONES;COMERCIANTES ELECTROD.CORDOBESES SA;LG;00002 - Electrodomesticos;00006 - Gran Electrodoméstico;00003 - Lavado;00001 - Lavadoras; -;Gran Electrodoméstico;;01415001010192;LAVASECADORA 9/6 KG 1400RPM CLASE D F4DR6009A1W LG;F4DR6009A1W;0;0;-1;0;-1;No;"417,32";"415,01";"757,08";;629;757;"0,336711972314683";"0,201650079491256";10/02/2026;10/02/2026;S;N;S;S;COLECCIÓN Y FOLLETO;8806084564122;0;0;0;0
ALMACEN REPARACIONES;COMERCIANTES ELECTROD.CORDOBESES SA;LG;00002 - Electrodomesticos;00006 - Gran Electrodoméstico;00003 - Lavado;00001 - Lavadoras; -;Gran Electrodoméstico;;01415001011261;LAVADORA LG SECADORA 10/6 KG 1400 RPM CLASE-A LAVADO (-10%)/SECADO CLASE-D TURBO WASH 360 º VAPOR INVERTER DD F4DR6010A1W;F4DR6010A1W;0;0;-1;0;-1;No;"456,7";446;"807,59";;699;"807,59";"0,331764880694412";"0,227954220314735";21/01/2026;16/01/2026;S;N;S;S;COLECCION;8806084122353;;0;0;0
ALMACEN REPARACIONES;COMERCIANTES ELECTROD.CORDOBESES SA;LG;00002 - Electrodomesticos;00006 - Gran Electrodoméstico;00003 - Lavado;00002 - Lavavajillas; -;Gran Electrodoméstico;;01415001015717;LAVAVAJILLAS LG CLASE-C 14 CUBIERTOS 3ª BANDEJA  INOX ANTIHUELLAS DF355FP;DF355FP;0;1;0;0;1;No;"357,77";"357,77";559;;;;"0,225578354203936";"0,225578354203936";30/01/2026;20/01/2026;S;N;S;S;VENDER;8806084241221;;"357,77";"357,77";559
ALMACEN REPARACIONES;COMERCIANTES ELECTROD.CORDOBESES SA;LG;00002 - Electrodomesticos;00006 - Gran Electrodoméstico;00004 - Secado;00001 - Secadoras; -;Gran Electrodoméstico;;01415001014452;SECADORA LG 8 KG CLASE-D (ANTES A++) BOMBA CALOR CONDENSACION RHA1008NWK;RHA1008NWK;0;0;-1;0;-1;No;"368,24";"367,92";"692,28";;559;"692,27";"0,356931877275091";"0,203607871198569";10/02/2026;10/02/2026;S;N;S;S;COLECCION;;;0;0;0
ALMACEN REPARACIONES;COMERCIANTES ELECTROD.CORDOBESES SA;LG;00002 - Electrodomesticos;00011 - Electrónica de consumo;00001 - Televisión;00001 - Televisores;"00004 - Televisor entre 40"" y 49""";Electrónica de consumo;;01415001014270;"TELEVISOR LG 65"" (164) CM. QNED 4K 65QNED84A6C";65QNED84A6C;0;0;-1;0;-1;No;"547,08";"544,66";999;"415,85";579;999;"0,340301701701702";"-0,138235924006908";11/02/2026;11/02/2026;S;N;S;S;COLECCION;;;0;0;0
ALMACEN REPARACIONES;COMERCIANTES ELECTROD.CORDOBESES SA;LG;00002 - Electrodomesticos;00011 - Electrónica de consumo;00001 - Televisión;00001 - Televisores;"00004 - Televisor entre 40"" y 49""";Electrónica de consumo;;01415001014338;"TELEVISOR LG 65"" (164) CM. QNED EVO MINILED 4K 65QNED86A6A";65QNED86A6A;0;0;-1;0;-1;No;"594,84";"588,88";1329;"504,88";689;1329;"0,463848908954101";"-0,034172423802613";03/02/2026;12/02/2026;S;N;S;S;COLECCION;;;0;0;0
ALMACEN REPARACIONES;COMERCIANTES ELECTROD.CORDOBESES SA;LG;00002 - Electrodomesticos;00011 - Electrónica de consumo;00001 - Televisión;00001 - Televisores;"00007 - Televisor 75"" y 77""";Electrónica de consumo;;01415001014321;"TELEVISOR LG 75""  MINILED  75QNED86A6A";75QNED86A6A;0;0;-1;0;-1;No;"872,79";"838,21";1799;"732,21";999;1799;"0,436223401889939";"-0,015249349349349";14/01/2026;23/01/2026;S;N;S;S;COLECCION;;;0;0;0
ALMACEN REPARACIONES;COMERCIANTES ELECTROD.CORDOBESES SA;LG;00002 - Electrodomesticos;00015 - Climatización;00001 - Climatización;00001 - Acondicionadores; -;Climatización;;01415001011388;ACONDICIONADOR LG GREEN 2924 F.  A++/A+++ INVERTER (10 A. MOTOR) BOMBA DE CALOR DUAL SENSING AUTOLIMPIEZA Y FILTRO DUAL CONTROL ACTIVO DE ENERGIA BAJO NIVEL SONORO 22DB GREENLG12;GREENLG12;0;0;-4;0;-4;No;"307,34";"307,34";569;;529;569;"0,346429876977153";"0,297010586011342";11/02/2026;12/02/2026;S;N;S;S;COLECCION;GREENLG12;0;0;0;0
ALMACEN REPARACIONES;COMERCIANTES ELECTROD.CORDOBESES SA;LG;00002 - Electrodomesticos;00015 - Climatización;00001 - Climatización;00001 - Acondicionadores; -;Climatización;;01415001013449;ACONDICIONADOR LG CONFORT 3000 F. WIFI Y CONTROL POR VOZ A++/A+ 19 DB MOTOR INVERTER (10 A. MOTOR) REPLACE12X;REPLACE12X;0;0;-1;0;-1;No;"401,66";"394,55";749;;669;749;"0,362609479305741";"0,286389387144993";28/01/2026;30/01/2026;S;N;S;S;COLECCION;;;0;0;0
ALMACEN REPARACIONES;COMERCIANTES ELECTROD.CORDOBESES SA;MITSUBISHI;00002 - Electrodomesticos;00015 - Climatización;00001 - Climatización;00001 - Acondicionadores; -;Climatización;;01415001011787;ACONDICIONADOR MITSUBISHI CONDUCTOS (R32) 8100 F. CLASE A/A (CON MANDO PAR41MAA - PROGRAMABLE) MGPEZ100VJA40;MGPEZ100VJA40;0;0;-1;0;-1;No;"1777,23";"1777,23";"2879,06";;;;"0,253072773752544";"0,253072773752544";10/10/2025;27/10/2025;S;N;S;S;VENDER;MGPEZ100VJA40;;0;0;0
ALMACEN REPARACIONES;COMERCIANTES ELECTROD.CORDOBESES SA;MITSUBISHI;00002 - Electrodomesticos;00015 - Climatización;00001 - Climatización;00001 - Acondicionadores; -;Climatización;;01415001011847;"ACONDICIONADOR MITSUBISHI 3010 F INVERTER A+++/A+++ 18 DB. WIFI INCLUIDO, FILTRO PLASMA QUAD PLUS FUNCIÓN NOCHE.  MSZAY35VGKP";MSZAY35VGKP;0;0;-1;0;-1;No;620;620;1209;;"882,88";1209;"0,379487179487179";"0,150280898876404";11/06/2025;15/07/2025;S;N;S;N;OFERTA;MSZAY35VGKP;0;0;0;0
ALMACEN REPARACIONES;COMERCIANTES ELECTROD.CORDOBESES SA;MITSUBISHI;00002 - Electrodomesticos;00015 - Climatización;00001 - Climatización;00001 - Acondicionadores; -;Climatización;;01415001011850;"ACONDICIONADOR MITSUBISHI 2150F. ( R32 ) INVERTER A++/A+++ WIFI OPCIONAL, FILTRO PURIFICADOR , CONEXIÓN FRIGORÍFICA 1/4 Y 3/8 ,MEDIDAS UNIDAD INTERIOR; 29X79,9X23,2CM MSZDW25VF";MSZDW25VF;0;0;-1;0;-1;No;415;"414,46";"808,2";;"528,02";"808,2";"0,379489482801287";"0,050231809401159";06/05/2025;26/05/2025;S;N;N;N;LIQUIDACION;MSZDW25VF;;0;0;0
ALMACEN REPARACIONES;COMERCIANTES ELECTROD.CORDOBESES SA;MITSUBISHI;00002 - Electrodomesticos;00015 - Climatización;00001 - Climatización;00001 - Acondicionadores; -;Climatización;;01415001011879;ACONDICIONADOR MITSUBISHI MULTI SPLIT 2250 + 3000 F. A++/A+++ WIFI OPCIONAL MXZDW2535E50VF;MXZDW2535E50VF;0;0;-1;0;-1;No;"1183,75";"1183,75";"2308,32";;"1970,94";"2308,32";"0,379489195605462";"0,273271890569982";25/06/2025;18/07/2025;S;N;S;S;COLECCION;;0;0;0;0
ALMACEN REPARACIONES;COMERCIANTES ELECTROD.CORDOBESES SA;MITSUBISHI;00002 - Electrodomesticos;00015 - Climatización;00001 - Climatización;00001 - Acondicionadores; -;Climatización;;01415001012513;"ACONDICIONADOR MITSUBISHI MULTI SPLIT 2150 + 2150 F. A++/A++ WIFI OPCIONAL, FILTRO PURIFICADOR MXZDW2525E40VF";MXZDW2525E40VF;0;1;1;0;2;No;"1067,9";"1067,9";"1615,73";;1329;"1615,73";"0,200263038997852";"0,027720842738901";23/09/2025;18/09/2025;S;N;N;N;LIQUIDACION;;;"1067,9";"1067,9";"1615,73"
ALMACEN REPARACIONES;COMERCIANTES ELECTROD.CORDOBESES SA;MITSUBISHI;00002 - Electrodomesticos;00015 - Climatización;00001 - Climatización;00001 - Acondicionadores; -;Climatización;;01415001013428;"ACONDICIONADOR MITSUBISHI 3612 F. A++/A+++, WIFI INCLUIDO 24DB,FILTRO PURIFICADOR CONEXIÓN FRIGRIFICA 1/4 Y 3/8 O 1/2, MEDIDAS; UNIDAD INTERIOR ALXANXFO  28 X83,8 X 22,8 CM MSZHR42VFK";MSZHR42VFK;0;0;-1;0;-1;No;640;640;"1036,8";;;;"0,253086419753086";"0,253086419753086";03/02/2026;07/02/2026;S;N;S;S;VENDER;;;0;0;0
ALMACEN REPARACIONES;COMERCIANTES ELECTROD.CORDOBESES SA;MITSUBISHI;00002 - Electrodomesticos;00015 - Climatización;00001 - Climatización;00001 - Acondicionadores; -;Climatización;;01415001013429;"ACONDICIONADOR MITSUBISHI-A 2924 F CLASE A++/A+++  WIFI INCLUIDO 22DB,FILTRO PURFICADOR,CONEXIÓN FRIGORIFICA 1/4 Y 3/8 O 1/2, MEDIDAS; UNIDAD INTERIOR ALXANXFO  28 X83,8 X 22,8 CM MSZHR35VFK";MSZHR35VFK;0;0;-1;0;-1;No;445;"453,59";855;;699;855;"0,35807730994152";"0,214815593705293";24/12/2025;14/01/2026;S;N;S;S;COLECCION;;5;0;0;0
ALMACEN REPARACIONES;COMERCIANTES ELECTROD.CORDOBESES SA;MITSUBISHI;00002 - Electrodomesticos;00015 - Climatización;00001 - Climatización;00001 - Acondicionadores; -;Climatización;;01415001014091;"ACONDICIONADOR MITSUBISHI 3010 F INVERTER A+++/A+++ 18 DB. WIFI INCLUIDO V BLOCKING FILTRO, FUNCIÓN NOCHE. CONEXIÓN FRIGORÍFICA 1/4 Y 3/8 (POSIBILIDAD CONEXIÓN 1/4 Y 1/2) MEDIDAS UNIDAD INTERIOR 79,90 CM ANCHO X 29,90 CM ALTO X 24,5 MSZAY35VGK";MSZAY35VGK;0;0;-1;0;-1;No;594;"585,66";"1158,3";;"989,01";"1158,3";"0,38819943019943";"0,283476810143477";07/10/2025;29/01/2026;S;N;S;S;COLECCION;;6;0;0;0
ALMACEN REPARACIONES;COMERCIANTES ELECTROD.CORDOBESES SA;ORBEGOZO;00001 - Muebles;00054 - Menaje;00003 - Servicio de Hogar;00003 - Mesas de Planchar; -;Menage;;01415001012398;MESA ORBEGOZO PLANCHA 110X33CM TP1000;TP1000;0;1;1;0;2;No;"17,26";"17,26";"26,11";;;;"0,200130218307162";"0,200130218307162";11/09/2025;11/09/2025;S;N;S;S;VENDER;8436044522963;;"17,26";"17,26";"26,11"
ALMACEN REPARACIONES;COMERCIANTES ELECTROD.CORDOBESES SA;ORBEGOZO;00002 - Electrodomesticos;00007 - Pequeño Electrodoméstico;00001 - Cocina;00028 - Cocinas portátiles; -;Pequeño Electrodoméstico;;01415001011992;PLACA ORBEGOZO VITROCERÁMICA DOBLE. POTENCIA TOTAL. 2.800 W. DIÁMETRO SUPERFICIE DE COCCIÓN: 205 MM 1. + 170MM 1.000W. SUPERFICIE DE CRISTAL TEMPLADO GRAN RESISTENCIA. DIMENSIONES: 56X28 CMTERMOSTATO REGULABLE. CUERPO DE ACERO INOXIDABLE. PILOTO DE F PCE6000;PCE6000;0;0;-1;0;-1;No;"66,26";"66,26";"103,5";;;;"0,225366183574879";"0,225366183574879";19/06/2025;10/10/2025;S;N;S;S;VENDER;8436044539664;;0;0;0
ALMACEN REPARACIONES;COMERCIANTES ELECTROD.CORDOBESES SA;ORBEGOZO;00002 - Electrodomesticos;00015 - Climatización;00001 - Climatización;00008 - Ventiladores; -;Climatización;;01415001013589;"VENTILADOR ORBEGOZO TECHO 105CM 3 ASPAS OCULTAS BLANCO MANDO DISTANCIA LUZ LED 3 TONOS MOTOR DC 36W. 6 VELOCIDADES ASPAS RETRACTILES. SISTEMA DE VENTILACIÓN REVERSIBLE: MODO INVIERNO Y VERANO. TEMPORTIZADOR PROGRAMABLE 1,2,4 HRS. CP138105";CP138105;0;0;-1;0;-1;No;"48,9";"48,9";85;;"62,3";85;"0,303894117647059";"0,050256821829856";10/02/2026;02/08/2025;S;N;N;N;LIQUIDACION;;;0;0;0
ALMACEN REPARACIONES;COMERCIANTES ELECTROD.CORDOBESES SA;RAYEN;00001 - Muebles;00054 - Menaje;00003 - Servicio de Hogar;00003 - Mesas de Planchar; -;Menage;;01415001010625;MESA RAYEN PLANCHA 120X38 BASIC BLANCA A RAYAS TONOS PASTELES 6237R;6237R;0;0;-2;0;-2;No;"18,47";"18,47";"27,95";;;;"0,200404293381038";"0,200404293381038";09/02/2026;12/02/2026;S;N;S;S;VENDER;8412955301583;;0;0;0
ALMACEN REPARACIONES;COMERCIANTES ELECTROD.CORDOBESES SA;ROMMER;00002 - Electrodomesticos;00006 - Gran Electrodoméstico;00001 - Coccion;00001 - Cocinas; -;Gran Electrodoméstico;;01415001011050;COCINA ROMMER 5 FUEGOS INOX HORNO GAS + PORTABOMBONAS (1 FUEGO TRIPLE CORONA) TAPA CRISTAL CH906XFGPBI;CH906XFGPBI;0;0;-1;0;-1;No;"322,16";"321,69";"598,36";;499;598;"0,34948041312922";"0,219950100200401";12/02/2026;20/01/2026;S;N;S;S;COLECCIÓN Y FOLLETO;8426984114861;3;0;0;0
ALMACEN REPARACIONES;COMERCIANTES ELECTROD.CORDOBESES SA;ROMMER;00002 - Electrodomesticos;00006 - Gran Electrodoméstico;00002 - Frio;00001 - Frigorificos; -;Gran Electrodoméstico;;01415001011288;FRIGORIFICO ROMMER 1 PUERTA 83 X 48 X 45 CLASE-E 90 L. CON CONGELADOR ESTANTES DE CRISTAL FE103;FE103;0;0;-1;0;-1;No;"105,45";"105,31";"159,55";;;;"0,201346913193356";"0,201346913193356";03/12/2025;05/12/2025;S;N;S;S;VENDER;8426984350603;;0;0;0
ALMACEN REPARACIONES;COMERCIANTES ELECTROD.CORDOBESES SA;ROMMER;00002 - Electrodomesticos;00006 - Gran Electrodoméstico;00003 - Lavado;00001 - Lavadoras; -;Gran Electrodoméstico;;01415001012939;LAVADORA ROMMER 8 KG 1000 RPM CLASE-D FAMILY PLUS  FAMILY1148;FAMILY1148;0;0;-1;0;-1;No;"179,53";"179,53";"280,43";;;;"0,225363548835717";"0,225363548835717";25/11/2025;02/12/2025;S;N;S;S;VENDER;;;0;0;0
ALMACEN REPARACIONES;COMERCIANTES ELECTROD.CORDOBESES SA;S Y P;00002 - Electrodomesticos;00015 - Climatización;00001 - Climatización;00002 - Estufas; -;Climatización;;01415001011532;ESTUFA SYP DE BAÑO INFRAROJOS 1500W INFRARED155;INFRARED155;0;0;-4;0;-4;No;"41,34";"41,34";"64,59";;;;"0,225555039479796";"0,225555039479796";14/01/2026;15/01/2026;S;N;S;S;VENDER;8413893000538;;0;0;0
ALMACEN REPARACIONES;COMERCIANTES ELECTROD.CORDOBESES SA;SAMSUNG;00002 - Electrodomesticos;00006 - Gran Electrodoméstico;00001 - Coccion;00003 - Encimeras; -;Gran Electrodoméstico;;01415001011935;ENCIMERA SAMSUNG INDUCCION 3 F. (1 DE 28 CM) POWER BOOST TOUCH CONTROL QUICK STOP DESCONEXION AUTOMATICA NZ63T3706A1;NZ63T3706A1;0;0;-1;0;-1;No;"171,24";"180,66";"338,28";;289;"338,28";"0,353793898545584";"0,243603460207612";08/01/2026;09/02/2026;S;N;S;S;COLECCION;8806090682896;;0;0;0
ALMACEN REPARACIONES;COMERCIANTES ELECTROD.CORDOBESES SA;SAMSUNG;00002 - Electrodomesticos;00006 - Gran Electrodoméstico;00002 - Frio;00003 - Combinados; -;Gran Electrodoméstico;;01415001014309;FRIGORIFICO SAMSUNG COMBI 185 X 60 CM CLASE-E 339 L. INOX DISPLAY EN PUERTA DIGITAL INVERTER RB33J3515S9;RB33J3515S9;0;0;-2;0;-2;No;"347,98";"394,9";"735,62";;"620,1";"735,62";"0,350440444794867";"0,229432349621029";12/01/2026;14/01/2026;S;N;S;S;COLECCION;;;0;0;0
ALMACEN REPARACIONES;COMERCIANTES ELECTROD.CORDOBESES SA;SAMSUNG;00002 - Electrodomesticos;00006 - Gran Electrodoméstico;00003 - Lavado;00001 - Lavadoras; -;Gran Electrodoméstico;;01415001013232;LAVADORA SAMSUNG 9 KG 1400 RPM CLASE-A ECOBUBBLE DIGITAL INVERTER MODO VAPOR SMART IA WW90CGC04DTEEC;WW90CGC04DTEEC;0;1;1;0;2;No;264;"262,53";"491,83";;399;452;"0,354123782607812";"0,203856390977444";12/02/2026;12/02/2026;S;N;S;S;COLECCIÓN Y FOLLETO;8806095210773;;264;"262,53";"491,83"
ALMACEN REPARACIONES;COMERCIANTES ELECTROD.CORDOBESES SA;SAMSUNG;00002 - Electrodomesticos;00006 - Gran Electrodoméstico;00003 - Lavado;00001 - Lavadoras; -;Gran Electrodoméstico;;01415001015464;LAVADORA SAMSUNG 10 KG 1400 RPM CLASE-A ECOBUBBLE DIGITAL INVERTER MODO VAPOR  IA Y SMARTTHINGS 14 PROGRAMAS WW10FG5U34AEEC;WW10FG5U34AEEC;0;0;-1;0;-1;No;"295,7";"293,45";599;;399;599;"0,407221202003339";"0,110088972431078";12/02/2026;12/02/2026;S;N;S;S;COLECCIÓN Y FOLLETO;8806097804680;;0;0;0
ALMACEN REPARACIONES;COMERCIANTES ELECTROD.CORDOBESES SA;SAMSUNG;00002 - Electrodomesticos;00006 - Gran Electrodoméstico;00003 - Lavado;00001 - Lavadoras; -;Gran Electrodoméstico;;01415001015715;LAVADORA SAMSUNG 7 KG 1400 RPM CLASE-A IA INVERTER (10 A. MOTOR) PROGRAMAS VAPOR FONDO REDUCIDO 45 CM WW70FG3M05TWEC;WW70FG3M05TWEC;0;0;-4;0;-4;No;195;195;379;;319;369;"0,377440633245383";"0,260344827586207";28/01/2026;12/02/2026;S;N;S;S;COLECCION;8806097015819;;0;0;0
ALMACEN REPARACIONES;COMERCIANTES ELECTROD.CORDOBESES SA;SAMSUNG;00002 - Electrodomesticos;00011 - Electrónica de consumo;00001 - Televisión;00001 - Televisores;"00003 - Televisor entre 37"" y 39""";Electrónica de consumo;;01415001014102;"TELEVISOR SAMSUNG 55"" NEOQLED UHD 4K SMART TV GAMA 2025 TQ55QN74FAT";TQ55QN74FAT;0;0;-1;0;-1;No;"455,91";"477,19";679;;639;759;"0,149631958762887";"0,096400782472614";16/01/2026;17/01/2026;S;N;N;S;NO COLECCION;;;0;0;0
ALMACEN REPARACIONES;COMERCIANTES ELECTROD.CORDOBESES SA;SAMSUNG;00002 - Electrodomesticos;00011 - Electrónica de consumo;00001 - Televisión;00001 - Televisores;"00004 - Televisor entre 40"" y 49""";Electrónica de consumo;;01415001014261;"TELEVISOR SAMSUNG 65"" NEO QLED MINI LED TQ65QN74FAT";TQ65QN74FAT;0;0;-1;0;-1;No;"526,16";"539,23";"1110,17";;699;925;"0,412280731779818";"0,06656895565093";12/02/2026;10/02/2026;S;N;S;S;COLECCION;;;0;0;0
ALMACEN REPARACIONES;COMERCIANTES ELECTROD.CORDOBESES SA;SAMSUNG;00002 - Electrodomesticos;00011 - Electrónica de consumo;00001 - Televisión;00001 - Televisores;"00005 - Televisor entre 50"" y 55""";Electrónica de consumo;;01415001010291;"TELEVISOR SAMSUNG 75""   TU75DU7175";TU75DU7175;0;0;-1;0;-1;No;499;"511,25";919;;;;"0,326863438520131";"0,326863438520131";26/06/2025;02/08/2025;S;N;N;N;LIQUIDACION;8806095491080;"3,5";0;0;0
ALMACEN REPARACIONES;COMERCIANTES ELECTROD.CORDOBESES SA;SIEMENS;00002 - Electrodomesticos;00006 - Gran Electrodoméstico;00001 - Coccion;00002 - Hornos Empotrables; -;Gran Electrodoméstico;;01415001013333;HORNO SIEMENS IQ700 COMPACTO 60X45  NEGRO EE A  CB774G1B1;CB774G1B1;0;0;-1;0;-1;No;"778,67";"778,67";"919,5";"588,67";;;"-0,024677215878195";"-0,024677215878195";03/04/2025;15/07/2025;S;N;S;S;VENDER;;;0;0;0
ALMACEN REPARACIONES;COMERCIANTES ELECTROD.CORDOBESES SA;TAURUS;00002 - Electrodomesticos;00007 - Pequeño Electrodoméstico;00002 - Aseo;00005 - Secadores; -;Pequeño Electrodoméstico;;01415001015273;SECADOR TAURUS 2600W TECNOLOGÍA IONIC CARE FASHION 2600 IONIC (VER II) CON DIFUSOR Y CONCENTRADOR 900399000;900399000;0;0;-1;0;-1;No;"27,68";"27,68";"43,2";;;;"0,224703703703704";"0,224703703703704";27/01/2026;29/01/2026;S;N;S;S;VENDER;8414234003997;;0;0;0
ALMACEN REPARACIONES;COMERCIANTES ELECTROD.CORDOBESES SA;TCL;00002 - Electrodomesticos;00011 - Electrónica de consumo;00001 - Televisión;00001 - Televisores; -;Electrónica de consumo;;01415001012817;"TELEVISOR TCL 75"" 4K  / DOLBY AUDIO / HDMI 2.1 / GOOGLE ASSISTANT 75V6B";75V6B;0;1;0;0;1;No;"425,74";"425,74";"735,99";;609;"735,99";"0,300064674791777";"0,154112643678161";01/09/2025;07/01/2026;S;N;N;N;OFERTA;;;"425,74";"425,74";"735,99"
ALMACEN REPARACIONES;COMERCIANTES ELECTROD.CORDOBESES SA;TCL;00002 - Electrodomesticos;00011 - Electrónica de consumo;00001 - Televisión;00001 - Televisores;"00004 - Televisor entre 40"" y 49""";Electrónica de consumo;;01415001013733;"TELEVISOR TCL 65"" MINILED / BANG & OLUFSEN  65C7K";65C7K;0;0;-1;0;-1;No;"697,6";"684,63";1199;"623,39";"879,12";1199;"0,309088990825688";"0,057691441441441";04/02/2026;12/02/2026;S;N;S;S;COLECCION;5901292525736;;0;0;0
ALMACEN REPARACIONES;COMERCIANTES ELECTROD.CORDOBESES SA;TCL;00002 - Electrodomesticos;00011 - Electrónica de consumo;00001 - Televisión;00001 - Televisores;"00004 - Televisor entre 40"" y 49""";Electrónica de consumo;;01415001014297;"TELEVISOR  65"" UHD TCL 65P6K";65P6K;0;0;-1;0;-1;No;300;"299,31";515;;419;515;"0,296766796116505";"0,13564415274463";04/12/2025;19/01/2026;S;N;S;N;OFERTA;5901292528379;;0;0;0
ALMACEN REPARACIONES;COMERCIANTES ELECTROD.CORDOBESES SA;TCL;00002 - Electrodomesticos;00011 - Electrónica de consumo;00001 - Televisión;00001 - Televisores;"00005 - Televisor entre 50"" y 55""";Electrónica de consumo;;01415001013751;"TELEVISOR TCL 75"" UHD 4K  75P6K";75P6K;0;1;-2;0;-1;No;379;"376,72";729;;469;729;"0,374717146776406";"0,028078464818763";25/09/2025;30/10/2025;S;N;N;N;LIQUIDACION;5901292528362;;379;"376,72";729
ALMACEN REPARACIONES;COMERCIANTES ELECTROD.CORDOBESES SA;TCL;00002 - Electrodomesticos;00011 - Electrónica de consumo;00001 - Televisión;00001 - Televisores;"00005 - Televisor entre 50"" y 55""";Electrónica de consumo;;01415001014103;"TELEVISOR TCL 75""  QLED 144HZ 75P89K";75P89K;0;0;-1;0;-1;No;"627,47";"591,44";906;"545,06";"798,35";906;"0,210107726269316";"0,103598171228158";03/02/2026;12/02/2026;S;N;S;S;COLECCION;;;0;0;0
ALMACEN REPARACIONES;COMERCIANTES ELECTROD.CORDOBESES SA;TCL;00002 - Electrodomesticos;00011 - Electrónica de consumo;00001 - Televisión;00001 - Televisores;"00007 - Televisor 75"" y 77""";Electrónica de consumo;;01415001013735;"TELEVISOR TCL 98"" MINILED   98C6K";98C6K;0;0;-1;0;-1;No;"1850,58";"1423,78";2149;"1207,2";1659;2149;"0,198336993950675";"-0,038441109101869";14/11/2025;21/11/2025;S;N;S;S;COLECCION;5901292525767;;0;0;0
ALMACEN REPARACIONES;COMERCIANTES ELECTROD.CORDOBESES SA;TEKA;00002 - Electrodomesticos;00006 - Gran Electrodoméstico;00001 - Coccion;00002 - Hornos Empotrables; -;Gran Electrodoméstico;;01415001015305;HORNO TEKA MULTIFUNCION HCB 6375  INOX HYDROCLEAN GUIAS TELESCOPICAS  70 L. A+ DISPLAY 111020102;111020102;0;0;-1;0;-1;No;"162,86";"162,86";"254,39";;;;"0,22536027359566";"0,22536027359566";04/02/2026;05/02/2026;S;N;S;S;VENDER;;;0;0;0
ALMACEN REPARACIONES;COMERCIANTES ELECTROD.CORDOBESES SA;TEKA;00002 - Electrodomesticos;00006 - Gran Electrodoméstico;00003 - Lavado;00002 - Lavavajillas; -;Gran Electrodoméstico;;01415001015327;LAVAVAJILLAS TEKA 45 CM CLASE-E DFS 24650 220 50 SS INOX 9 CUB. 6 PROG. 1/2 CARGA DISPLAY DIGITAL 114320001;114320001;0;0;-1;0;-1;No;"212,33";"217,84";345;;;;"0,235981449275362";"0,235981449275362";22/01/2026;05/01/2026;S;N;S;S;VENDER;8434778013993;;0;0;0
ALMACEN REPARACIONES;COMERCIANTES ELECTROD.CORDOBESES SA;TEKA;00002 - Electrodomesticos;00006 - Gran Electrodoméstico;00005 - Extraccion de Humos;00001 - Campanas; -;Gran Electrodoméstico;;01415001010364;CAMPANA TEKA DVT 78660 TBS BK INCLINADA CRISTAL NEGRO 70 CM A+ 112930041;112930041;0;0;-1;0;-1;No;"215,96";"192,88";"326,75";;;;"0,285738944146901";"0,285738944146901";24/12/2025;30/12/2025;S;N;S;S;VENDER;8434778013238;;0;0;0
ALMACEN REPARACIONES;COMERCIANTES ELECTROD.CORDOBESES SA;TEKA;00002 - Electrodomesticos;00006 - Gran Electrodoméstico;00005 - Extraccion de Humos;00001 - Campanas; -;Gran Electrodoméstico;;01415001010366;CAMPANA TEKA DECORATIVA DSH 786 INOX  112970005;112970005;0;0;-1;0;-1;No;"174,36";"174,36";279;;;;"0,243815053763441";"0,243815053763441";04/02/2026;12/02/2026;S;N;S;S;VENDER;8434778025682;;0;0;0
ALMACEN REPARACIONES;COMERCIANTES ELECTROD.CORDOBESES SA;WHIRLPOOL;00002 - Electrodomesticos;00006 - Gran Electrodoméstico;00003 - Lavado;00001 - Lavadoras; -;Gran Electrodoméstico;;01415001010292;LAVADORA WHIRLPOOL C/S 6KG 1000RPM CLASE C TDLR6040L WHIRPOOL;TDLR6040L;0;0;-1;0;-1;No;225;"224,99";"419,16";;339;419;"0,350515554919363";"0,196938348082596";03/02/2026;04/02/2026;S;N;S;S;COLECCIÓN Y FOLLETO;8003437051449;;0;0;0
ALMACEN REPARACIONES;COMPRA MUEBLES DESDE CASA SLU;NINGUNA;0 - SIN FAMILIA; -; -; -; -;Mueble Auxiliar;;01347001010162;ACCESORIO C INVENTARIABLE NINGUNA;1347INV;0;3;3;0;6;No;0;0;0;;;;;;30/01/2026;;S;N;S;S;VENDER;;;0;0;0
ALMACEN REPARACIONES;COMPRA MUEBLES DESDE CASA SLU;NINGUNA;00001 - Muebles;00051 - Camas juveniles;00001 - Convencional;00001 - Cama; -;Dormitorios Juveniles;;01347001010168;ELLIOT CAMA DOBLE SIN SOMIER + 1 CAJON + ESTANTE (COLCHONES 190X90 - 180X90) BL.ARTIK/BL.VELHO 0K7438A (ENTREGA INCLUIDA);0K7438A;0;0;-2;0;-2;No;"155,97";"146,74";"234,99";;;;"0,244412953742712";"0,244412953742712";22/01/2026;26/01/2026;S;N;S;S;VENDER;8423490266824;;0;0;0
ALMACEN REPARACIONES;COMPRA MUEBLES DESDE CASA SLU;NINGUNA;00001 - Muebles;00051 - Camas juveniles;00001 - Convencional;00001 - Cama; -;Dormitorios Juveniles;;01347001010173;ARES PLUS CAMA DOBLE + 2 CAJONES CON SOMIER (COLCHONES 190X90 - 180X90) BL.ALPES/BASALTO 1S7432Y (ENTREGA INCLUIDA);1S7432Y;0;1;1;0;2;No;"201,9";"197,86";299;;;;"0,199295652173913";"0,199295652173913";14/08/2025;14/08/2025;S;N;S;S;VENDER;8423490265223;;"201,9";"197,86";299
ALMACEN REPARACIONES;COMPRA MUEBLES DESDE CASA SLU;NINGUNA;00001 - Muebles;00051 - Camas juveniles;00001 - Convencional;00003 - Armarios juveniles; -;Dormitorios Juveniles;;01347001010174;LC ARMARIO 3P+3CAJONES ROBLE LCX323R (ENTREGA INCLUIDA);LCX323R;0;0;-2;0;-2;No;"160,23";"157,03";242;;;;"0,21485";"0,21485";22/01/2026;18/11/2025;S;N;S;S;VENDER;8423490261980;;0;0;0
ALMACEN REPARACIONES;COMPRA MUEBLES DESDE CASA SLU;NINGUNA;00001 - Muebles;00051 - Camas juveniles;00001 - Convencional;00012 - Librerías juveniles; -;Dormitorios Juveniles;6314771;01347001010042;LORAS ESTANTERIA BLANCO ARTIK/ROBLE CANADIAN 0F2252A (ENTREGA INCLUIDA);0F2252A;0;1;1;0;2;No;"54,78";"57,3";83;;;;"0,16466265060241";"0,16466265060241";21/02/2025;;S;N;N;N;LIQUIDACION;8423490265643;;"54,78";"57,3";83
ALMACEN REPARACIONES;COMPRA MUEBLES DESDE CASA SLU;NINGUNA;00001 - Muebles;00051 - Camas juveniles;00002 - Modular;00001 - Armarios; -;Dormitorios Juveniles;;01347001010235;ARMARIO 4 PUERTAS BLANCO BRILLO MAX054BO (ENTREGA INCLUIDA);MAX054BO;0;1;0;0;1;No;"192,08";"173,18";285;;;;"0,264744561403509";"0,264744561403509";09/02/2026;15/01/2026;S;N;S;S;VENDER;8423490262147;;"192,08";"173,18";285
ALMACEN REPARACIONES;COMPRA MUEBLES DESDE CASA SLU;NINGUNA;00001 - Muebles;00052 - Salón;00002 - Salón comedor;00001 - Muebles tv; -;Salón;6350949;01347001010070;HOME SALON TV CEMENTO/ BL. ARTIK 016663L (ENTREGA INCLUIDA);016663L;0;0;-1;0;-1;No;"115,83";"104,43";175;;;;"0,277941142857143";"0,277941142857143";19/01/2026;20/01/2026;S;N;S;S;VENDER;8423490265414;;0;0;0
ALMACEN REPARACIONES;COMPRA MUEBLES DESDE CASA SLU;NINGUNA;00001 - Muebles;00052 - Salón;00002 - Salón comedor;00104 - Aparadores; -;Salón;;01347001010196;MIA APARADOR 3 P + HUECO CELDAS CEMENTO/BL.ARTIK 016673L (ENTREGA INCLUIDA);016673l;0;0;-1;0;-1;No;"91,88";"82,84";139;;;;"0,278874820143885";"0,278874820143885";26/12/2025;31/12/2025;S;N;N;N;LIQUIDACION;8423490267142;;0;0;0
ALMACEN REPARACIONES;COMPRA MUEBLES DESDE CASA SLU;NINGUNA;00001 - Muebles;00056 - Auxiliares;00001 - Mueble Auxiliar;00019 - Comodas; -;Mueble Auxiliar;6355409;01347001010081;DREAMS COMODA 4C BL.ARTIK 007804A (ENTREGA INCLUIDA);007804A;0;0;-1;0;-1;No;"73,35";"66,13";112;;;;"0,285559821428571";"0,285559821428571";29/12/2025;14/01/2026;S;N;S;S;VENDER;8423490266329;;0;0;0
ALMACEN REPARACIONES;CONFORDES S.L.;ALCAZABA;00001 - Muebles;00059 - Descanso;00001 - Colchonería;00001 - Colchones; -;Descanso;;01088001010144;COLCHON 105X190 ALCAZABA CM26311;CM26311;0;1;0;0;1;No;114;"113,51";"544,48";;"279,5";559;"0,747746290038202";"0,508597137745975";11/02/2026;05/02/2026;S;N;S;S;VENDER;;;114;"113,51";"544,48"
ALMACEN REPARACIONES;CONFORDES S.L.;ALCAZABA;00001 - Muebles;00059 - Descanso;00001 - Colchonería;00001 - Colchones; -;Descanso;;01088001010145;COLCHON 105X200 ALCAZABA CM26311;CM26311;0;0;-1;0;-1;No;125;125;"596,91";;"304,5";609;"0,746611717009264";"0,503284072249589";30/01/2026;30/01/2026;S;N;S;S;VENDER;;;0;0;0
ALMACEN REPARACIONES;CONFORDES S.L.;ALCAZABA;00001 - Muebles;00059 - Descanso;00001 - Colchonería;00001 - Colchones; -;Descanso;;01088001010147;COLCHON 135X190 ALCAZABA CM26311;CM26311;0;0;-1;0;-1;No;134;"133,19";"633,21";;"324,5";649;"0,745487437027211";"0,503359322033898";06/02/2026;07/02/2026;S;N;S;S;VENDER;;;0;0;0
ALMACEN REPARACIONES;CONFORDES S.L.;AP28516;00001 - Muebles;00059 - Descanso;00001 - Colchonería;00009 - Canapes; -;Descanso;6392679;01088001010101;CANAPE ABATIBLE WENGUE 150X190 AP28516;;0;0;-1;0;-1;No;194;194;"782,44";;"391,23";"782,46";"0,699989775573846";"0,399994887917593";30/01/2026;30/01/2026;S;N;S;S;VENDER;;;0;0;0
ALMACEN REPARACIONES;CONFORDES S.L.;AP28519;00001 - Muebles;00059 - Descanso;00001 - Colchonería;00009 - Canapes; -;Descanso;6393238;01088001010104;CANAPE ABATIBLE NATURAL 150X190 AP28519;;0;0;-1;0;-1;No;194;194;"782,46";;"391,23";"782,46";"0,699997443958797";"0,399994887917593";30/01/2026;30/01/2026;S;N;S;S;VENDER;;;0;0;0
ALMACEN REPARACIONES;CONFORDES S.L.;DL27053;00001 - Muebles;00059 - Descanso;00001 - Colchonería;00010 - Base tapizada; -;Descanso;6207334;01088001010018;DIVALIN 090X200 BLANCO DL27053;;0;1;1;0;2;No;68;"64,91";"274,26";;"127,05";"254,1";"0,71362539196383";"0,381809523809524";12/11/2025;24/12/2025;S;N;S;S;COLECCION STOCK;;;68;"64,91";"274,26"
ALMACEN REPARACIONES;CONFORDES S.L.;DL27053;00001 - Muebles;00059 - Descanso;00001 - Colchonería;00010 - Base tapizada; -;Descanso;6207340;01088001010024;DIVALIN 135X200 BLANCO DL27053;;0;0;-1;0;-1;No;82;82;"330,72";;"155,28";"310,56";"0,699987905176584";"0,361025244719217";22/08/2025;10/12/2025;S;N;S;S;COLECCION STOCK;;;0;0;0
ALMACEN REPARACIONES;CONFORDES S.L.;DL27053;00001 - Muebles;00059 - Descanso;00001 - Colchonería;00010 - Base tapizada; -;Descanso;6207341;01088001010025;DIVALIN 135X190 BLANCO DL27053;;0;1;1;0;2;No;75;75;"302,49";;"141,17";"282,33";"0,699990082316771";"0,357158036410002";30/01/2026;19/01/2026;S;N;S;S;COLECCION STOCK;;;75;75;"302,49"
ALMACEN REPARACIONES;CONFORDES S.L.;DL27053;00001 - Muebles;00059 - Descanso;00001 - Colchonería;00010 - Base tapizada; -;Descanso;6207344;01088001010028;DIVALIN 150X190 BLANCO DL27053;;0;2;1;0;3;No;81;"80,61";"326,69";;"153,27";"306,53";"0,701435305641434";"0,363619103542768";30/01/2026;26/01/2026;S;N;S;S;COLECCION STOCK;;;162;"161,22";"653,38"
ALMACEN REPARACIONES;CONFORDES S.L.;DL27053;00001 - Muebles;00059 - Descanso;00001 - Colchonería;00010 - Base tapizada; -;Descanso;6207345;01088001010029;DIVALIN 150X200 BLANCO DL27053;;0;1;1;0;2;No;89;"88,67";"358,95";;"167,38";"334,76";"0,701098481682686";"0,358999283068467";21/01/2026;24/12/2025;S;N;S;S;COLECCION STOCK;;;89;"88,67";"358,95"
ALMACEN REPARACIONES;CONFORDES S.L.;DL27054;00001 - Muebles;00059 - Descanso;00001 - Colchonería;00010 - Base tapizada; -;Descanso;6207350;01088001010031;DIVALIN 090X190 CEREZO DL27054;;0;0;-1;0;-1;No;61;"60,33";"246,03";;"114,95";"229,9";"0,703291062065602";"0,364947368421053";29/10/2025;30/10/2025;S;N;S;S;VENDER;;;0;0;0
ALMACEN REPARACIONES;CONFORDES S.L.;DL27055;00001 - Muebles;00059 - Descanso;00001 - Colchonería;00010 - Base tapizada; -;Descanso;6207368;01088001010044;DIVALIN 105X182 WENGUE DL27055;;0;0;-1;0;-1;No;69;69;"278,29";;"129,07";"258,13";"0,699989219878544";"0,35314170605098";10/09/2025;24/09/2025;S;N;S;S;VENDER;;;0;0;0
ALMACEN REPARACIONES;CONFORDES S.L.;DL27055;00001 - Muebles;00059 - Descanso;00001 - Colchonería;00010 - Base tapizada; -;Descanso;6207369;01088001010045;DIVALIN 105X190 WENGUE DL27055;;0;0;-1;0;-1;No;66;"65,94";"266,19";;"123,02";"246,03";"0,700261467372929";"0,351427410177207";30/01/2026;29/01/2026;S;N;S;S;COLECCION STOCK;;;0;0;0
ALMACEN REPARACIONES;CONFORDES S.L.;JP28000.004.253;00001 - Muebles;00059 - Descanso;00001 - Colchonería;00004 - Patas; -;Descanso;6385732;01088001010096;JGO.2 PATAS JP28000.008.253 WENGUE;;0;0;-2;0;-2;No;"6,26";"6,26";"14,87";;;;"0,490611970410222";"0,490611970410222";30/01/2026;29/01/2026;S;N;S;S;COLECCION STOCK;;;0;0;0
ALMACEN REPARACIONES;"COSTERA MOBLES, S.L.";TRANSFER;00001 - Muebles;00052 - Salón;00002 - Salón comedor;00003 - Modulos; -;Salón;6394614;04055005010030;MODULO 1 HUECO 64X32X45 CM TRANSFER T10064A24;T10064A24;0;1;1;0;2;No;"92,17";"91,25";179;;;;"0,383170391061453";"0,383170391061453";20/04/2023;;S;N;S;S;PRODUCTO KIBUC;;;"92,17";"91,25";179
ALMACEN REPARACIONES;"COSTERA MOBLES, S.L.";TRANSFER;00001 - Muebles;00056 - Auxiliares;00001 - Mueble Auxiliar;00006 - Mesas; -;Mueble Auxiliar;6396213;04055005010043;MESA DE CENTRO FIJA 120X70X37 CM TRANSFER T2512070;T2512070;0;1;1;0;2;No;"188,7";"188,7";369;;;;"0,381227642276423";"0,381227642276423";03/03/2025;;S;N;S;S;PRODUCTO KIBUC;;;"188,7";"188,7";369
ALMACEN REPARACIONES;CRISTALERIA F.SOLA S.L.;NINGUNA;00001 - Muebles;00050 - Dormitorios Matrimonio;00001 - Dormitorio;00099 - Acc. Dormitorios; -;Dormitorios matrimonio;6365411;01458001010000;FLOAT 6MM TEMPLADO C.PULIDO-VACIADO PLACA-ESMALTE  PRESUPUESTO 202866;PRESUPUESTO 202866;0;1;1;0;2;No;"125,28";"125,28";"249,01";;;;"0,391234086984458";"0,391234086984458";;;S;S;S;S;VENDER;;;"125,28";"125,28";"249,01"
ALMACEN REPARACIONES;CUCINE OGGI SL;NINGUNA;00003 - Cocinas;00002 - Cocina;00002 - Mobiliario;00099 - Acc. Mobiliario; -;Cocinas;6373891;01465001010041;KIT SOTTOVASCA PARA BAJO FREGADERO 600  FR 60;FR 60;0;1;0;0;1;No;"58,8";"58,8";"99,9";;;;"0,287807807807808";"0,287807807807808";;;S;N;S;S;VENDER;;;"58,8";"58,8";"99,9"
ALMACEN REPARACIONES;D'AQUA KITCHEN & LIVING SL;NINGUNA;00002 - Electrodomesticos;00006 - Gran Electrodoméstico;00010 - Fregado;00001 - Fregaderos; -;Gran Electrodoméstico;;01368001010239;FREGADERO ONE BLACK MATT  ON6010.70;ON6010.70;0;0;-1;0;-1;No;"237,6";"232,2";374;;;;"0,248764705882353";"0,248764705882353";18/12/2025;11/12/2025;S;N;S;S;EXPOSICIÓN;;"2,5";0;0;0
ALMACEN REPARACIONES;D'AQUA KITCHEN & LIVING SL;NINGUNA;00003 - Cocinas;00002 - Cocina;00002 - Mobiliario;00099 - Acc. Mobiliario; -;Cocinas;;01368001010232;SOPORTE STRONG 250. (AXPXH) 360 X 60 X 150 MM. NEGRO MATE  BEL03213;BEL03213;0;0;-4;0;-4;No;"43,2";"43,2";"74,69";;;;"0,300147275405007";"0,300147275405007";01/10/2025;05/11/2025;S;N;S;S;VENDER;;;0;0;0
ALMACEN REPARACIONES;D'AQUA KITCHEN & LIVING SL;NINGUNA;00003 - Cocinas;00002 - Cocina;00002 - Mobiliario;00099 - Acc. Mobiliario; -;Cocinas;;01368001010458;SEMICOLUMNA 3 ESTANTES 450X1300X130 NEGRO  5210451;5210451;0;0;-2;0;-2;No;"267,3";"267,3";"462,16";;;;"0,300170936472217";"0,300170936472217";01/10/2025;05/11/2025;S;N;S;S;VENDER;;;0;0;0
ALMACEN REPARACIONES;D'AQUA KITCHEN & LIVING SL;ONE;00002 - Electrodomesticos;00006 - Gran Electrodoméstico;00010 - Fregado;00001 - Fregaderos; -;Gran Electrodoméstico;6332224-6918;01368001010208;FREGADERO BLACK MATT ONE ON5610.70 #ACABADO EN COLOR 70;ON5610.70;0;0;-1;0;-1;No;"210,6";"207,9";369;;;;"0,318268292682927";"0,318268292682927";06/02/2025;04/03/2025;S;S;N;N;LIQUIDACION;2000063322246;;0;0;0
ALMACEN REPARACIONES;D'SUEÑOS J MATTRES S.L.U;BASIC;00001 - Muebles;00059 - Descanso;00001 - Colchonería;"00002 - Bases, somieres y canapés"; -;Descanso;;01027001011258;SOMIER 90X190 BASIC;;0;0;-1;0;-1;No;"21,11";"21,07";"51,76";;"46,58";"51,76";"0,507443972179289";"0,452668527264921";12/02/2026;12/02/2026;S;S;S;S;VENDER;;;0;0;0
ALMACEN REPARACIONES;D'SUEÑOS J MATTRES S.L.U;BT-225;00001 - Muebles;00059 - Descanso;00001 - Colchonería;00010 - Base tapizada; -;Descanso;6383259;01027001011728;"BASE TAPIZADA 160X190 BT-225,#ACABADO EN CHOCO";;0;0;-1;0;-1;No;"75,29";"75,29";179;;"161,1";179;"0,491056424581006";"0,43450713842334";28/08/2025;05/09/2025;S;N;S;S;VENDER;;;0;0;0
ALMACEN REPARACIONES;D'SUEÑOS J MATTRES S.L.U;CB-58;00001 - Muebles;00050 - Dormitorios Matrimonio;00001 - Dormitorio;00002 - Cabezales; -;Dormitorios matrimonio;6316302;01027001011643;"CABECERO PARA CAMA 150 CB-58 SERIE A ALTURA 120CM,#ACABADO EN TELA DINO 5";SERIE A;0;0;-1;0;-1;No;"73,44";"72,06";149;;139;149;"0,414814765100671";"0,372715107913669";12/02/2026;12/02/2026;S;N;S;S;VENDER;;;0;0;0
ALMACEN REPARACIONES;D'SUEÑOS J MATTRES S.L.U;CB-60;00001 - Muebles;00050 - Dormitorios Matrimonio;00001 - Dormitorio;00002 - Cabezales; -;Dormitorios matrimonio;6394170;01027001010441;CABECERO PARA CAMA 150 ALTURA 120 CB-60 SERIE C;SERIE C;0;1;1;0;2;No;"101,74";"96,65";199;;;;"0,412329145728643";"0,412329145728643";27/11/2025;25/10/2025;S;N;S;S;VENDER;;;"101,74";"96,65";199
ALMACEN REPARACIONES;D'SUEÑOS J MATTRES S.L.U;CB-79;00001 - Muebles;00050 - Dormitorios Matrimonio;00001 - Dormitorio;00002 - Cabezales; -;Dormitorios matrimonio;;01027001012061;"CABECERO PARA CAMA 150 ALTO 120 CB-79 SERIE A,#ACABADO EN TELA DINO 5";SERIE A;0;0;-1;0;-1;No;"73,44";"69,77";149;;;;"0,433411409395973";"0,433411409395973";29/01/2026;29/12/2025;S;N;S;S;VENDER;;;0;0;0
ALMACEN REPARACIONES;D'SUEÑOS J MATTRES S.L.U;CB-79;00001 - Muebles;00050 - Dormitorios Matrimonio;00001 - Dormitorio;00002 - Cabezales; -;Dormitorios matrimonio;;01027001012064;"CABECERO PARA CAMA 135 ALTO 120 CB-79 SERIE A,#ACABADO EN TELA DINO 14";SERIE A;0;0;-1;0;-1;No;"73,44";"69,77";149;;;;"0,433411409395973";"0,433411409395973";09/10/2025;14/10/2025;S;N;S;S;VENDER;;;0;0;0
ALMACEN REPARACIONES;D'SUEÑOS J MATTRES S.L.U;CERAMIC;00001 - Muebles;00059 - Descanso;00001 - Colchonería;00001 - Colchones; -;Descanso;6317312;01027001010053;COLCHON 150X190 CERAMIC;;0;1;1;0;2;No;"121,25";"120,84";519;;229;519;"0,718272832369942";"0,361500436681223";12/02/2026;08/01/2026;S;N;S;S;COLECCION STOCK;;;"121,25";"120,84";519
ALMACEN REPARACIONES;D'SUEÑOS J MATTRES S.L.U;CM-0110;00001 - Muebles;00059 - Descanso;00001 - Colchonería;00009 - Canapes; -;Descanso;;01027001012075;CANAPE ABATIBLE CM-0110 90X190 CM KRAFT 5 BARRAS (ONLINE) BLANCO;CM-0110;0;0;-1;0;-1;No;"88,61";"88,61";"206,11";;179;"206,11";"0,479801562272573";"0,401016201117318";28/11/2025;12/02/2026;S;N;S;S;COLECCION STOCK;;;0;0;0
ALMACEN REPARACIONES;D'SUEÑOS J MATTRES S.L.U;CM-0110;00001 - Muebles;00059 - Descanso;00001 - Colchonería;00009 - Canapes; -;Descanso;;01027001012076;CANAPE ABATIBLE CM-0110 105X190 CM KRAFT 5 BARRAS (ONLINE) BLANCO;CM-0110;0;0;-1;0;-1;No;"94,13";"94,13";"218,95";;199;229;"0,479802237953871";"0,42765175879397";28/11/2025;29/01/2026;S;N;S;S;COLECCION STOCK;;;0;0;0
ALMACEN REPARACIONES;D'SUEÑOS J MATTRES S.L.U;CM-0110;00001 - Muebles;00059 - Descanso;00001 - Colchonería;00009 - Canapes; -;Descanso;;01027001012078;CANAPE ABATIBLE CM-0110 150X190 CM KRAFT 5 BARRAS (ONLINE) BLANCO;CM-0110;0;0;-2;0;-2;No;"105,72";"105,72";"245,91";;229;259;"0,479804806636574";"0,441392139737991";26/12/2025;12/02/2026;S;N;S;S;COLECCION STOCK;;;0;0;0
ALMACEN REPARACIONES;D'SUEÑOS J MATTRES S.L.U;CM-0110;00001 - Muebles;00059 - Descanso;00001 - Colchonería;00009 - Canapes; -;Descanso;;01027001012087;CANAPE ABATIBLE CM-0110 135X190 CM KRAFT 5 BARRAS (ONLINE) CAMBRIAN;CM-0110;0;0;-3;0;-3;No;"101,71";"101,71";"236,58";;219;249;"0,479799222250402";"0,438040639269406";05/02/2026;10/02/2026;S;N;S;S;COLECCION STOCK;;;0;0;0
ALMACEN REPARACIONES;D'SUEÑOS J MATTRES S.L.U;CM-0110;00001 - Muebles;00059 - Descanso;00001 - Colchonería;00009 - Canapes; -;Descanso;;01027001012088;CANAPE ABATIBLE CM-0110 150X190 CM KRAFT 5 BARRAS (ONLINE) CAMBRIAN;CM-0110;0;0;-4;0;-4;No;"105,72";"105,72";"245,91";;229;259;"0,479804806636574";"0,441392139737991";05/02/2026;07/02/2026;S;N;S;S;COLECCION STOCK;;;0;0;0
ALMACEN REPARACIONES;D'SUEÑOS J MATTRES S.L.U;CM-0110;00001 - Muebles;00059 - Descanso;00001 - Colchonería;00009 - Canapes; -;Descanso;;01027001012089;CANAPE ABATIBLE CM-0110 90X190 CM KRAFT 5 BARRAS (ONLINE) ARTICO;CM-0110;0;0;-1;0;-1;No;"88,61";"88,61";"206,11";;179;"206,11";"0,479801562272573";"0,401016201117318";28/11/2025;23/01/2026;S;N;S;S;COLECCION STOCK;;;0;0;0
ALMACEN REPARACIONES;D'SUEÑOS J MATTRES S.L.U;CM-0110;00001 - Muebles;00059 - Descanso;00001 - Colchonería;00009 - Canapes; -;Descanso;;01027001012091;CANAPE ABATIBLE CM-0110 135X190 CM KRAFT 5 BARRAS (ONLINE) ARTICO;CM-0110;0;0;-1;0;-1;No;"101,71";"101,71";"236,58";;219;249;"0,479799222250402";"0,438040639269406";20/01/2026;09/02/2026;S;N;S;S;COLECCION STOCK;;;0;0;0
ALMACEN REPARACIONES;D'SUEÑOS J MATTRES S.L.U;CM-0310CJ;00001 - Muebles;00059 - Descanso;00001 - Colchonería;00009 - Canapes; -;Descanso;6373724-22;01027001010527;"CANAPE ABATIBLE 150X190 CM-0310CJ,#ACABADO EN BLANCO";;0;0;-1;0;-1;No;"323,19";"306,99";"757,33";;"647,1";719;"0,509516459139345";"0,425965229485396";20/01/2026;21/01/2026;S;S;S;S;VENDER;;;0;0;0
ALMACEN REPARACIONES;D'SUEÑOS J MATTRES S.L.U;CM-0410;00001 - Muebles;00059 - Descanso;00001 - Colchonería;00009 - Canapes; -;Descanso;6286489-19793;01027001010590;"CANAPE ABATIBLE 135X190 CM-0410,#ACABADO EN WENGUE";;0;1;1;0;2;No;"136,48";"131,85";319;;"287,1";319;"0,499879310344828";"0,444310344827586";;;S;S;N;N;LIQUIDACION;;;"136,48";"131,85";319
ALMACEN REPARACIONES;D'SUEÑOS J MATTRES S.L.U;CM-0410;00001 - Muebles;00059 - Descanso;00001 - Colchonería;00009 - Canapes; -;Descanso;6382970;01027001011065;"CANAPE ABATIBLE 105X190 C/U�ERO CM-0410,#ACABADO EN WENGUE";;0;0;1;0;1;No;"125,95";"125,95";299;;"269,1";299;"0,490302675585284";"0,433669639539205";04/12/2025;10/07/2025;S;N;S;S;COLECCION;;;0;0;0
ALMACEN REPARACIONES;D'SUEÑOS J MATTRES S.L.U;CM-0410;00001 - Muebles;00059 - Descanso;00001 - Colchonería;00009 - Canapes; -;Descanso;6382970;01027001011966;"CANAPE ABATIBLE 105X190 C/U�ERO CM-0410,#ACABADO EN BLANCO";;0;1;1;0;2;No;"125,95";"124,38";299;;"269,1";299;"0,49665618729097";"0,440729096989967";08/01/2026;05/02/2026;S;N;S;S;COLECCION;;;"125,95";"124,38";299
ALMACEN REPARACIONES;D'SUEÑOS J MATTRES S.L.U;CM-0410;00001 - Muebles;00059 - Descanso;00001 - Colchonería;00009 - Canapes; -;Descanso;6382971;01027001012017;"CANAPE ABATIBLE 135X190 C/U�ERO CM-0410,#ACABADO EN BLANCO";;0;0;-1;0;-1;No;"136,48";"136,48";"334,15";;"287,1";319;"0,505788418374981";"0,4247969348659";22/01/2026;30/01/2026;S;N;S;S;COLECCION;;;0;0;0
ALMACEN REPARACIONES;D'SUEÑOS J MATTRES S.L.U;CM-0410;00001 - Muebles;00059 - Descanso;00001 - Colchonería;00009 - Canapes; -;Descanso;6382971-22;01027001010554;"CANAPE ABATIBLE 135X190 C/U�ERO CM-0410,#ACABADO EN BLANCO";;0;2;2;0;4;No;"136,48";"135,1";"334,15";;"287,1";319;"0,510785575340416";"0,430613026819923";12/02/2026;07/02/2026;S;N;S;S;COLECCION STOCK;;;"272,96";"270,2";"668,3"
ALMACEN REPARACIONES;D'SUEÑOS J MATTRES S.L.U;CM-0410;00001 - Muebles;00059 - Descanso;00001 - Colchonería;00009 - Canapes; -;Descanso;6382971-42735;01027001010557;"CANAPE ABATIBLE 135X190 C/U�ERO CM-0410,#ACABADO EN CAMBRIAN";;0;1;0;0;1;No;"136,48";"134,67";"334,15";;"287,1";319;"0,51234266048182";"0,432425287356322";05/02/2026;06/02/2026;S;N;S;S;COLECCION STOCK;;;"136,48";"134,67";"334,15"
ALMACEN REPARACIONES;D'SUEÑOS J MATTRES S.L.U;CM-0410;00001 - Muebles;00059 - Descanso;00001 - Colchonería;00009 - Canapes; -;Descanso;6382971-556;01027001010555;"CANAPE ABATIBLE 135X190 C/U�ERO CM-0410,#ACABADO EN CEREZO";;0;1;0;0;1;No;"136,48";"136,46";"334,15";;"287,1";319;"0,505860840939698";"0,42488122605364";12/02/2026;06/02/2026;S;N;S;S;COLECCION STOCK;;;"136,48";"136,46";"334,15"
ALMACEN REPARACIONES;D'SUEÑOS J MATTRES S.L.U;CM-0410;00001 - Muebles;00059 - Descanso;00001 - Colchonería;00009 - Canapes; -;Descanso;6382972;01027001010658;"CANAPE ABATIBLE 150X190 C/U�ERO CM-0410,#ACABADO EN WENGUE";;0;1;1;0;2;No;"142,96";"141,37";339;;"305,1";339;"0,495405014749263";"0,439338905276958";04/12/2025;05/12/2025;S;N;S;S;COLECCION;;;"142,96";"141,37";339
ALMACEN REPARACIONES;D'SUEÑOS J MATTRES S.L.U;CM-0410;00001 - Muebles;00059 - Descanso;00001 - Colchonería;00009 - Canapes; -;Descanso;6382972;01027001011743;"CANAPE ABATIBLE 150X190 C/U�ERO CM-0410,#ACABADO EN CAMBRIAN";;0;0;-1;0;-1;No;"142,96";"142,96";339;;"305,1";339;"0,489729793510324";"0,433033103900361";29/01/2026;12/02/2026;S;N;S;S;COLECCION;;;0;0;0
ALMACEN REPARACIONES;D'SUEÑOS J MATTRES S.L.U;CM-0410;00001 - Muebles;00059 - Descanso;00001 - Colchonería;00009 - Canapes; -;Descanso;6382972;01027001012158;"CANAPE ABATIBLE 150X190 C/U�ERO CM-0410,#ACABADO EN WENGUE";;0;0;-1;0;-1;No;"142,96";"142,96";339;;"305,1";339;"0,489729793510324";"0,433033103900361";30/10/2025;17/12/2025;S;N;S;S;COLECCION;;;0;0;0
ALMACEN REPARACIONES;D'SUEÑOS J MATTRES S.L.U;CM-0410;00001 - Muebles;00059 - Descanso;00001 - Colchonería;00009 - Canapes; -;Descanso;6382972-22;01027001010559;"CANAPE ABATIBLE 150X190 C/U�ERO CM-0410,#ACABADO EN BLANCO";;0;4;2;0;6;No;"142,96";"142,06";339;;"305,1";339;"0,492942182890855";"0,436602425434284";12/02/2026;12/02/2026;S;N;S;S;COLECCION STOCK;;;"571,84";"568,24";1356
ALMACEN REPARACIONES;D'SUEÑOS J MATTRES S.L.U;CM-0410;00001 - Muebles;00059 - Descanso;00001 - Colchonería;00009 - Canapes; -;Descanso;6382972-42735;01027001010561;"CANAPE ABATIBLE 150X190 C/U�ERO CM-0410,#ACABADO EN CAMBRIAN";;0;2;2;0;4;No;"142,96";"141,95";339;;"305,1";339;"0,493334808259587";"0,437038675843986";05/02/2026;10/02/2026;S;N;S;S;COLECCION STOCK;;;"285,92";"283,9";678
ALMACEN REPARACIONES;D'SUEÑOS J MATTRES S.L.U;CM-0410;00001 - Muebles;00059 - Descanso;00001 - Colchonería;00009 - Canapes; -;Descanso;6382972-43833;01027001010562;"CANAPE ABATIBLE 150X190 C/U�ERO CM-0410,#ACABADO EN VINTAGE";;0;1;1;0;2;No;"142,96";"141,2";339;;"305,1";339;"0,496011799410029";"0,440013110455588";12/02/2026;07/02/2026;S;N;S;S;COLECCION STOCK;;;"142,96";"141,2";339
ALMACEN REPARACIONES;D'SUEÑOS J MATTRES S.L.U;CM-0410;00001 - Muebles;00059 - Descanso;00001 - Colchonería;00009 - Canapes; -;Descanso;6382973;01027001010805;"CANAPE ABATIBLE 150X200 C/U�ERO CM-0410,#ACABADO EN VINTAGE";;0;0;-1;0;-1;No;"149,04";"149,04";349;;"314,1";349;"0,48327106017192";"0,425856733524355";24/10/2024;24/10/2024;S;N;S;S;COLECCION;;;0;0;0
ALMACEN REPARACIONES;D'SUEÑOS J MATTRES S.L.U;CM-0410;00001 - Muebles;00059 - Descanso;00001 - Colchonería;00009 - Canapes; -;Descanso;6382973;01027001012325;"CANAPE ABATIBLE 150X200 C/U�ERO CM-0410,#ACABADO EN CAMBRIAN";;0;0;-1;0;-1;No;"149,04";"149,04";349;;"314,1";349;"0,48327106017192";"0,425856733524355";22/01/2026;23/01/2026;S;N;S;S;COLECCION;;;0;0;0
ALMACEN REPARACIONES;D'SUEÑOS J MATTRES S.L.U;CM-0410;00001 - Muebles;00059 - Descanso;00001 - Colchonería;00009 - Canapes; -;Descanso;6382973-42735;01027001010564;"CANAPE ABATIBLE 150X200 C/U�ERO CM-0410,#ACABADO EN CAMBRIAN";;0;0;-1;0;-1;No;"149,04";"149,04";349;;"314,1";349;"0,48327106017192";"0,425856733524355";22/01/2026;03/02/2026;S;N;S;S;COLECCION;;;0;0;0
ALMACEN REPARACIONES;D'SUEÑOS J MATTRES S.L.U;CM-0420;00001 - Muebles;00059 - Descanso;00001 - Colchonería;00009 - Canapes; -;Descanso;6296833;01027001011914;"CANAPE ABATIBLE 90X190 CM-0420,#ACABADO EN A ELEGIR";;0;0;-1;0;-1;No;"127,98";"127,98";299;;"269,1";299;"0,48208762541806";"0,424541806020067";30/10/2025;15/11/2025;S;S;S;S;VENDER;;;0;0;0
ALMACEN REPARACIONES;D'SUEÑOS J MATTRES S.L.U;CM-0420;00001 - Muebles;00059 - Descanso;00001 - Colchonería;00009 - Canapes; -;Descanso;6296839;01027001010853;"CANAPE ABATIBLE 135X190 CM-0420,#ACABADO EN CAMBRIAN";;0;0;-1;0;-1;No;"143,77";"143,77";339;;"305,1";339;"0,486838643067847";"0,42982071451983";27/11/2025;12/12/2025;S;N;S;S;VENDER;;;0;0;0
ALMACEN REPARACIONES;D'SUEÑOS J MATTRES S.L.U;CM-0420;00001 - Muebles;00059 - Descanso;00001 - Colchonería;00009 - Canapes; -;Descanso;6296841;01027001011476;"CANAPE ABATIBLE 150X190 CM-0420,#ACABADO EN CAMBRIAN TELA TAPA BEIG";;0;0;-2;0;-2;No;"152,68";"150,77";359;;"323,1";359;"0,491833704735376";"0,435370783039307";13/03/2025;04/12/2025;S;N;S;S;VENDER;;;0;0;0
ALMACEN REPARACIONES;D'SUEÑOS J MATTRES S.L.U;CM-0420;00001 - Muebles;00059 - Descanso;00001 - Colchonería;00009 - Canapes; -;Descanso;6296841;01027001012074;"CANAPE ABATIBLE 150X190 CM-0420,#ACABADO EN BLANCO TAPA 3D BEIGE";;0;0;-1;0;-1;No;"152,68";"152,68";359;;"323,1";359;"0,485396100278552";"0,428217889198391";06/11/2025;22/12/2025;S;N;S;S;VENDER;;;0;0;0
ALMACEN REPARACIONES;D'SUEÑOS J MATTRES S.L.U;CM-0420;00001 - Muebles;00059 - Descanso;00001 - Colchonería;00009 - Canapes; -;Descanso;6296853;01027001010834;"CANAPE ABATIBLE 150X200 CM-0420,#ACABADO EN VINTAGE";;0;1;1;0;2;No;"168,88";"168,88";399;;"359,1";399;"0,487857644110276";"0,430952937900306";03/07/2025;23/08/2025;S;N;S;S;VENDER;;;"168,88";"168,88";399
ALMACEN REPARACIONES;D'SUEÑOS J MATTRES S.L.U;CM-0420;00001 - Muebles;00059 - Descanso;00001 - Colchonería;00009 - Canapes; -;Descanso;6316048;01027001010761;"CANAPE ABATIBLE LATERAL 090X190 CM-0420,#ACABADO EN WENGUE";;0;1;1;0;2;No;"140,53";"140,53";329;;"296,1";329;"0,483157142857143";"0,425730158730159";13/11/2025;13/11/2025;S;N;S;S;VENDER;;3;"140,53";"140,53";329
ALMACEN REPARACIONES;D'SUEÑOS J MATTRES S.L.U;CM-0420;00001 - Muebles;00059 - Descanso;00001 - Colchonería;00009 - Canapes; -;Descanso;6316048-22;01027001010579;"CANAPE ABATIBLE LATERAL 090X190 CM-0420,#ACABADO EN BLANCO";;0;1;1;0;2;No;"140,53";"138,66";329;;"296,1";329;"0,490034650455927";"0,433371833839919";27/11/2025;08/01/2026;S;N;S;S;VENDER;;;"140,53";"138,66";329
ALMACEN REPARACIONES;D'SUEÑOS J MATTRES S.L.U;CM-0420;00001 - Muebles;00059 - Descanso;00001 - Colchonería;00009 - Canapes; -;Descanso;6316048-556;01027001010571;"CANAPE ABATIBLE LATERAL 090X190 CM-0420,#ACABADO EN CEREZO";;0;0;-1;0;-1;No;"140,53";"140,53";329;;"296,1";329;"0,483157142857143";"0,425730158730159";27/11/2025;05/12/2025;S;N;S;S;VENDER;;3;0;0;0
ALMACEN REPARACIONES;D'SUEÑOS J MATTRES S.L.U;CM-0420;00001 - Muebles;00059 - Descanso;00001 - Colchonería;00009 - Canapes; -;Descanso;6343471;01027001010918;"CANAPE ABATIBLE LATERAL 135X190 CM-0420,#ACABADO EN CAMBRIAN";;0;0;-1;0;-1;No;"158,35";"158,35";379;;"341,1";379;"0,494449868073879";"0,438277631193198";29/05/2025;02/06/2025;S;N;S;S;VENDER;;;0;0;0
ALMACEN REPARACIONES;D'SUEÑOS J MATTRES S.L.U;CM-0420;00001 - Muebles;00059 - Descanso;00001 - Colchonería;00009 - Canapes; -;Descanso;6343471;01027001011623;"CANAPE ABATIBLE LATERAL 135X190 CM-0420,#ACABADO EN AMAZONAS T/3D BEIGE";;0;0;-2;0;-2;No;"158,35";"158,35";379;;"341,1";379;"0,494449868073879";"0,438277631193198";29/01/2026;30/01/2026;S;N;S;S;VENDER;;;0;0;0
ALMACEN REPARACIONES;D'SUEÑOS J MATTRES S.L.U;CM-0420;00001 - Muebles;00059 - Descanso;00001 - Colchonería;00009 - Canapes; -;Descanso;6343471-43833;01027001010601;"CANAPE ABATIBLE LATERAL 135X190 CM-0420,#ACABADO EN VINTAGE";;0;0;-1;0;-1;No;"158,35";"158,35";379;;"341,1";379;"0,494449868073879";"0,438277631193198";12/09/2024;13/09/2024;S;N;S;S;VENDER;;;0;0;0
ALMACEN REPARACIONES;D'SUEÑOS J MATTRES S.L.U;CM-0420;00001 - Muebles;00059 - Descanso;00001 - Colchonería;00009 - Canapes; -;Descanso;6367151;01027001010927;"CANAPE ABATIBLE 105X200 CM-0420,#ACABADO EN BLANCO";;0;0;-1;0;-1;No;"145,39";"145,39";349;;"314,1";349;"0,495925787965616";"0,439917542184018";22/01/2026;23/01/2026;S;N;S;S;VENDER;;;0;0;0
ALMACEN REPARACIONES;D'SUEÑOS J MATTRES S.L.U;CM-0420;00001 - Muebles;00059 - Descanso;00001 - Colchonería;00009 - Canapes; -;Descanso;6375189;01027001011093;"CANAPE ABATIBLE 105X190 CM-0420,#ACABADO EN CAMBRIAN";;0;0;-1;0;-1;No;"135,67";"128,89";319;;"287,1";319;"0,511106896551724";"0,456785440613027";16/10/2025;31/10/2025;S;N;S;S;VENDER;;;0;0;0
ALMACEN REPARACIONES;D'SUEÑOS J MATTRES S.L.U;CM-0420;00001 - Muebles;00059 - Descanso;00001 - Colchonería;00009 - Canapes; -;Descanso;6383630;01027001010370;CANAPE ABATIBLE 135X190 TAPA PARTIDA CM-0420;;0;0;-1;0;-1;No;"178,2";"178,2";419;;"377,1";419;"0,485389021479714";"0,428210023866348";28/08/2025;22/12/2025;S;N;S;S;VENDER;;;0;0;0
ALMACEN REPARACIONES;D'SUEÑOS J MATTRES S.L.U;CM-0420-AL;00001 - Muebles;00059 - Descanso;00001 - Colchonería;00009 - Canapes; -;Descanso;;01027001011182;CANAPE ABATIBLE LATERAL 135x200 CM-0420-AL;;0;1;1;0;2;No;"172,12";"172,12";"403,63";;"363,27";"403,63";"0,484019522830315";"0,426693093291491";28/11/2024;20/12/2024;S;N;S;S;VENDER;;;"172,12";"172,12";"403,63"
ALMACEN REPARACIONES;D'SUEÑOS J MATTRES S.L.U;CM-0420-AL;00001 - Muebles;00059 - Descanso;00001 - Colchonería;00009 - Canapes; -;Descanso;;01027001011625;"CANAPE ABATIBLE LATERAL 105X190 CM-0420-AL,#ACABADO EN VINTAGE";;0;1;1;0;2;No;"151,87";"151,87";"356,14";;"320,53";"356,14";"0,48401555568035";"0,426691105356753";04/07/2025;02/08/2025;S;N;S;S;VENDER;;;"151,87";"151,87";"356,14"
ALMACEN REPARACIONES;D'SUEÑOS J MATTRES S.L.U;CM-0420-AL;00001 - Muebles;00059 - Descanso;00001 - Colchonería;00009 - Canapes; -;Descanso;;01027001012282;"CANAPE ABATIBLE LATERAL 120X200 CM-0420-AL,#ACABADO EN BLANCOA TAPA 3 D GRIS";;0;0;-1;0;-1;No;"174,55";"174,55";"412,61";;;;"0,488123167155425";"0,488123167155425";15/01/2026;02/02/2026;S;N;S;S;VENDER;;;0;0;0
ALMACEN REPARACIONES;D'SUEÑOS J MATTRES S.L.U;CM-0420-GE;00001 - Muebles;00059 - Descanso;00001 - Colchonería;00009 - Canapes; -;Descanso;6373677;01027001010933;"CANAPE ABATIBLE 180X190 TAPA PARTIDA CM-0420-GE,#ACABADO EN CAMBRIAN";;0;0;-1;0;-1;No;"272,16";"269,9";639;;"575,1";639;"0,488921752738654";"0,432135280820727";13/11/2025;16/12/2025;S;N;S;S;VENDER;;;0;0;0
ALMACEN REPARACIONES;D'SUEÑOS J MATTRES S.L.U;CM-0420-GE;00001 - Muebles;00059 - Descanso;00001 - Colchonería;00009 - Canapes; -;Descanso;6373677;01027001012285;"CANAPE ABATIBLE 180X190 TAPA PARTIDA CM-0420-GE,#ACABADO EN COLOR CAMBRIAN Y TAPA EN 3D BEIG";;0;0;-1;0;-1;No;"272,16";"272,16";639;;;;"0,484642253521127";"0,484642253521127";18/12/2025;27/01/2026;S;N;S;S;VENDER;;;0;0;0
ALMACEN REPARACIONES;D'SUEÑOS J MATTRES S.L.U;CM-0420-GE;00001 - Muebles;00059 - Descanso;00001 - Colchonería;00009 - Canapes; -;Descanso;6373718;01027001010341;CANAPE ABATIBLE 180X200 TAPA PARTIDA CM-0420-GE;;0;0;-2;0;-2;No;292;292;689;;"620,1";689;"0,487198838896952";"0,430220932107725";12/02/2026;12/12/2025;S;N;S;S;VENDER;;;0;0;0
ALMACEN REPARACIONES;D'SUEÑOS J MATTRES S.L.U;CM-0720;00001 - Muebles;00059 - Descanso;00001 - Colchonería;00009 - Canapes; -;Descanso;6325349;01027001011040;"CANAPE ABATIBLE 150X190 CM-0720,#ACABADO EN BLANCO";;0;0;-1;0;-1;No;"168,48";"163,33";399;;"359,1";399;"0,504688471177945";"0,449653856864383";09/10/2025;13/12/2025;S;N;S;S;VENDER;2000063253496;;0;0;0
ALMACEN REPARACIONES;D'SUEÑOS J MATTRES S.L.U;CM-0820;00001 - Muebles;00059 - Descanso;00001 - Colchonería;00009 - Canapes; -;Descanso;6365945-53086;01027001010547;"CANAPE ABATIBLE 150X190 CM-0820 SERIE A+ROMER,#ACABADO EN TELA BELA 2";SERIE A+ROMER;0;0;-1;0;-1;No;"198,45";"192,85";"446,67";;359;"446,67";"0,477581883717286";"0,350004178272981";09/10/2025;21/10/2025;S;N;S;S;VENDER;;;0;0;0
ALMACEN REPARACIONES;D'SUEÑOS J MATTRES S.L.U;CM-0950;00001 - Muebles;00059 - Descanso;00001 - Colchonería;00009 - Canapes; -;Descanso;6389075;01027001012298;"CANAPE ABATIBLE 150X190 CM-0950 SERIE A,#ACABADO EN ACABADO EN COLOR  DINO 4";SERIE A;0;0;-1;0;-1;No;"209,38";"209,38";489;;;;"0,481902249488753";"0,481902249488753";15/01/2026;19/01/2026;S;N;S;S;VENDER;;;0;0;0
ALMACEN REPARACIONES;D'SUEÑOS J MATTRES S.L.U;CM-0950;00001 - Muebles;00059 - Descanso;00001 - Colchonería;00009 - Canapes; -;Descanso;6389075-49832;01027001010580;"CANAPE ABATIBLE 150X190 CM-0950 SERIE A,#ACABADO EN TELA DINO 5";SERIE A;0;0;-2;0;-2;No;"209,38";"197,39";489;;"440,1";489;"0,511570756646217";"0,457300840718019";30/10/2025;17/12/2025;S;N;S;S;VENDER;;;0;0;0
ALMACEN REPARACIONES;D'SUEÑOS J MATTRES S.L.U;CM-0950;00001 - Muebles;00059 - Descanso;00001 - Colchonería;00009 - Canapes; -;Descanso;;01027001010726;CANAPE ABATIBLE 150X200 CM-0950 SERIE A;SERIE A;0;0;-2;0;-2;No;"224,77";"224,77";"524,94";;"472,45";"524,94";"0,48189945517583";"0,424337601862631";11/12/2025;17/06/2025;S;N;S;S;VENDER;;;0;0;0
ALMACEN REPARACIONES;D'SUEÑOS J MATTRES S.L.U;CM-0950;00001 - Muebles;00059 - Descanso;00001 - Colchonería;00009 - Canapes; -;Descanso;;01027001011267;"CANAPE ABATIBLE 135X190 CM-0950 SERIE A,#ACABADO EN TELA NIZA 040";CM-0950;0;1;0;0;1;No;"200,47";"200,47";"473,22";;"425,9";"473,22";"0,487408182240818";"0,430456210378023";29/08/2024;14/08/2025;S;N;S;S;VENDER;;;"200,47";"200,47";"473,22"
ALMACEN REPARACIONES;D'SUEÑOS J MATTRES S.L.U;CM-0950;00001 - Muebles;00059 - Descanso;00001 - Colchonería;00009 - Canapes; -;Descanso;;01027001011801;"CANAPE ABATIBLE 135X190 CM-0950 CAJON Y TAPA PARTIDA SERIE A,#ACABADO EN TELA NIZA 040";CM-0950;0;0;-1;0;-1;No;"251,1";"251,1";"592,74";;"533,46";"592,74";"0,487412693592469";"0,430452142616129";10/07/2025;13/06/2025;S;N;S;S;VENDER;;;0;0;0
ALMACEN REPARACIONES;D'SUEÑOS J MATTRES S.L.U;CM-0950;00001 - Muebles;00059 - Descanso;00001 - Colchonería;00009 - Canapes; -;Descanso;;01027001011952;"CANAPE ABATIBLE 135X190 CM-0950 SERIE A,#ACABADO EN TELA ROMER CENIZA";CM-0950;0;0;-1;0;-1;No;"200,47";"200,47";"473,22";;"425,9";"473,22";"0,487408182240818";"0,430456210378023";04/09/2025;18/09/2025;S;N;S;S;VENDER;;;0;0;0
ALMACEN REPARACIONES;D'SUEÑOS J MATTRES S.L.U;CM-1050;00001 - Muebles;00059 - Descanso;00001 - Colchonería;00009 - Canapes; -;Descanso;;01027001012040;"CANAPE ABATIBLE 105X190 CM-1050,#ACABADO EN CAMBRIAN T/3D BEIGE";;0;0;-1;0;-1;No;"180,63";"171,6";"422,88";;"380,59";"422,88";"0,508995459704881";"0,45443653275178";09/10/2025;02/01/2026;S;N;S;S;VENDER;;;0;0;0
ALMACEN REPARACIONES;D'SUEÑOS J MATTRES S.L.U;CM-1050;00001 - Muebles;00059 - Descanso;00001 - Colchonería;00009 - Canapes; -;Descanso;;01027001012048;"CANAPE ABATIBLE 150X190 CM-1050,#ACABADO EN AMAZONAS T/3D BEIGE";;0;0;-2;0;-2;No;"194,4";"194,2";"455,12";;"409,61";"455,12";"0,483692213042714";"0,426327482239203";05/02/2026;06/02/2026;S;N;S;S;VENDER;;;0;0;0
ALMACEN REPARACIONES;D'SUEÑOS J MATTRES S.L.U;CM-1050;00001 - Muebles;00059 - Descanso;00001 - Colchonería;00009 - Canapes; -;Descanso;;01027001012389;"CANAPE ABATIBLE 135X190 CM-1050,#ACABADO EN BLANCO";;0;0;-1;0;-1;No;"187,92";"187,92";"439,95";;"395,96";"439,95";"0,483161268325946";"0,425741994140822";29/01/2026;29/01/2026;S;N;S;S;VENDER;;;0;0;0
ALMACEN REPARACIONES;D'SUEÑOS J MATTRES S.L.U;CM-1150;00001 - Muebles;00059 - Descanso;00001 - Colchonería;00009 - Canapes; -;Descanso;;01027001011121;CANAPE ABATIBLE 135X190 CM-1150;;0;0;-2;0;-2;No;"164,83";"156,59";"385,89";;"347,3";"385,89";"0,508995050402965";"0,454437374028218";23/10/2025;31/12/2025;S;N;S;S;VENDER;;;0;0;0
ALMACEN REPARACIONES;D'SUEÑOS J MATTRES S.L.U;CM-1150;00001 - Muebles;00059 - Descanso;00001 - Colchonería;00009 - Canapes; -;Descanso;;01027001011122;CANAPE ABATIBLE 150X190 CM-1150;;0;0;-1;0;-1;No;"171,31";"162,74";"401,06";;"360,95";"401,06";"0,5090126165661";"0,454452417232304";09/10/2025;21/10/2025;S;N;S;S;VENDER;;;0;0;0
ALMACEN REPARACIONES;D'SUEÑOS J MATTRES S.L.U;CM-1250A;00001 - Muebles;00059 - Descanso;00001 - Colchonería;00009 - Canapes; -;Descanso;;01027001012331;"CANAPE ABATIBLE 150X190 CM-1250A SERIE A,#ACABADO EN TELA LYRA COLOR 5 Y TAPA 3D MARRON OSCURO";SERIE A;0;0;-1;0;-1;No;"243,63";"243,63";549;;"494,1";549;"0,463037704918033";"0,403375227686703";22/01/2026;22/01/2026;S;S;S;S;VENDER;;;0;0;0
ALMACEN REPARACIONES;D'SUEÑOS J MATTRES S.L.U;CM-ALHAMBRA;00001 - Muebles;00059 - Descanso;00001 - Colchonería;00009 - Canapes; -;Descanso;;01027001011937;"CANAPE ABATIBLE 135X190 CM-ALHAMBRA,#ACABADO EN VINTAGE";;0;0;-1;0;-1;No;"166,05";"166,05";"391,56";;"352,4";"391,56";"0,486871743794055";"0,429851021566402";28/08/2025;09/09/2025;S;N;S;S;VENDER;;;0;0;0
ALMACEN REPARACIONES;D'SUEÑOS J MATTRES S.L.U;KUBIC;00001 - Muebles;00059 - Descanso;00001 - Colchonería;00001 - Colchones; -;Descanso;6317306;01027001010048;COLCHON ENROLLADO 105X190 KUBIC;;0;0;-1;0;-1;No;"79,94";"79,94";"323,16";;"161,58";"323,16";"0,700682633989355";"0,40136526797871";12/02/2026;28/11/2025;S;N;S;S;VENDER;;;0;0;0
ALMACEN REPARACIONES;D'SUEÑOS J MATTRES S.L.U;NINGUNA;0 - SIN FAMILIA; -; -; -; -;Descanso;;01027001010678;ACCESORIO C INVENTARIABLE NINGUNA;1027INV;0;74;73;0;147;No;0;"7,13";0;;;;;;12/02/2026;17/01/2026;S;N;S;S;VENDER;;;0;"527,62";0
ALMACEN REPARACIONES;D'SUEÑOS J MATTRES S.L.U;NINGUNA;00001 - Muebles;00059 - Descanso;00001 - Colchonería;00001 - Colchones; -;Descanso;;01027001011242;COLCHON 150X190 WIND;;0;0;-2;0;-2;No;"110,92";"110,9";"448,14";;"224,07";"448,14";"0,700564555719195";"0,40112911143839";15/01/2026;15/01/2026;S;N;S;S;VENDER;;;0;0;0
ALMACEN REPARACIONES;D'SUEÑOS J MATTRES S.L.U;NINGUNA;00001 - Muebles;00059 - Descanso;00001 - Colchonería;00009 - Canapes; -;Descanso;;01027001010679;ACCESORIO MOBILIARIO  C INVENTARIABLE;"""C""";0;13;11;0;24;No;0;"10,47";0;;;;;;12/02/2026;18/12/2025;S;N;S;S;VENDER;;;0;"136,11";0
ALMACEN REPARACIONES;D'SUEÑOS J MATTRES S.L.U;NINGUNA;00001 - Muebles;00059 - Descanso;00001 - Colchonería;00099 - Acc. Colchoneria; -;Descanso;6383833;01027001010374;PLETINA DE PVC PARA UNIR BASES;;0;0;-2;0;-2;No;"1,62";"1,62";"3,79";;;;"0,482796833773087";"0,482796833773087";08/01/2026;10/01/2026;S;N;S;S;VENDER;2000063838334;;0;0;0
ALMACEN REPARACIONES;D'SUEÑOS J MATTRES S.L.U;STAR;00001 - Muebles;00059 - Descanso;00001 - Colchonería;"00002 - Bases, somieres y canapés"; -;Descanso;;01027001010832;SOMIER 090X190 STAR;;0;0;-1;0;-1;No;"32,29";"32,29";"77,16";;"69,44";"77,16";"0,49363789528253";"0,437343029953917";22/01/2026;13/01/2026;S;N;S;S;VENDER;;;0;0;0
ALMACEN REPARACIONES;D'SUEÑOS J MATTRES S.L.U;TT-10;00001 - Muebles;00059 - Descanso;00001 - Colchonería;00009 - Canapes; -;Descanso;6400264-19793;01027001010620;"TAPA DE CANAPE 135X190 TT-10,#ACABADO EN WENGUE";;0;1;0;0;1;No;"57,51";"57,51";139;;"125,1";139;"0,499373381294964";"0,443748201438849";;23/01/2024;S;N;S;S;VENDER;;;"57,51";"57,51";139
ALMACEN REPARACIONES;DABEDAN TEJIDOS IGNIFUGOS S.L.;NINGUNA;00001 - Muebles;00055 - Textil;00005 - Decoracion;00001 - Telas; -;Textil;6385569-54396;01505001010009;"TEJIDO ML,#ACABADO EN 8161_MARRON";;0;0;-100;0;-100;No;"18,54";"18,41";"25,73";;;;"0,134236300038865";"0,134236300038865";;20/12/2022;S;N;S;S;VENDER;;;0;0;0
ALMACEN REPARACIONES;"DAIKIN AC SPAIN,S.A.";DAIKIN;00002 - Electrodomesticos;00015 - Climatización;00001 - Climatización;00001 - Acondicionadores; -;Climatización;6317710;00871001010003;CONJUNTO MULTISPLIT 2X1 2000FR. R32 DAIKIN 2AX40M2;2AX40M2;0;0;-1;0;-1;No;"1099,8";"1029,57";"2007,66";;1100;2007;"0,379486715878187";"-0,132527";;17/12/2025;S;S;N;N;ULTIMAS UNIDADES;;"13,99";0;0;0
ALMACEN REPARACIONES;"DAIKIN AC SPAIN,S.A.";DAIKIN;00002 - Electrodomesticos;00015 - Climatización;00001 - Climatización;00001 - Acondicionadores; -;Climatización;6354654;00871001010019;ACONDICIONADOR DAIKIN 4.500 F GAS R32 INVERTER A++/ A+ CONTROL WIFI OPCIONAL AXC50D;AXC50D;0;1;1;0;2;No;"786,65";"786,65";"1533,97";;;;"0,379488190772962";"0,379488190772962";04/02/2025;14/04/2025;S;N;N;N;LIQUIDACION;4548848883257;"3,14";"786,65";"786,65";"1533,97"
ALMACEN REPARACIONES;"DAIKIN AC SPAIN,S.A.";DAIKIN;00002 - Electrodomesticos;00015 - Climatización;00001 - Climatización;00001 - Acondicionadores; -;Climatización;6369024;00871001010027;ACONDICIONADOR DAIKIN CONDUCTOS 5.800 F. R-32 INVERTER ADEAS71A;ADEAS71A;0;0;-2;0;-2;No;"1243,95";"1243,95";"2015,19";;;;"0,253083083977193";"0,253083083977193";14/01/2026;21/01/2026;S;N;S;S;VENDER;;;0;0;0
ALMACEN REPARACIONES;"DAIKIN AC SPAIN,S.A.";DAIKIN;00002 - Electrodomesticos;00015 - Climatización;00001 - Climatización;00001 - Acondicionadores; -;Climatización;6394321;00871001010035;ACONDICIONADOR DAIKIN INVERTER 2250 F. A++ GAS R-32 GAMA SIESTA SENSIRA WIFI OPCIONAL AXF25E;AXF25E;0;1;-3;0;-2;No;"384,37";"385,32";"753,19";;"642,47";"753,19";"0,380983284430223";"0,274305103740252";06/11/2025;26/11/2025;S;N;S;S;COLECCION;4573535189206;0;"384,37";"385,32";"753,19"
ALMACEN REPARACIONES;"DAIKIN AC SPAIN,S.A.";DAIKIN;00002 - Electrodomesticos;00015 - Climatización;00001 - Climatización;00001 - Acondicionadores; -;Climatización;6394322;00871001010036;ACONDICIONADOR DAIKIN INVERTER 3.000 F. A++ GAS R-32 GAMA SIESTA SENSIRA WIFI OPCIONAL AXF35E;AXF35E;0;1;-9;0;-8;No;"438,98";"437,14";799;;"727,84";799;"0,337998247809762";"0,273275170367114";18/08/2025;05/09/2025;S;N;N;N;LIQUIDACION;4573535189220;4;"438,98";"437,14";799
ALMACEN REPARACIONES;"DAIKIN AC SPAIN,S.A.";DAIKIN;00002 - Electrodomesticos;00015 - Climatización;00001 - Climatización;00001 - Acondicionadores; -;Climatización;;00871001010050;CONJUNTO SPLIT INVERTER 3000F. A+++ WIFI DAIKIN AXM35A;AXM35A;0;0;-3;0;-3;No;"627,36";"642,3";"1286,12";;859;"1286,12";"0,395715018816285";"0,095246798603027";07/01/2026;22/01/2026;S;N;S;N;OFERTA;0000002234175;10;0;0;0
ALMACEN REPARACIONES;DAKE FREGADEROS SLU;BLANCO;00002 - Electrodomesticos;00006 - Gran Electrodoméstico;00010 - Fregado;00001 - Fregaderos; -;Gran Electrodoméstico;;01459001010060;FREGADERO SUBLINE 700-U COLOR  TARTUFO B. DAKE 523449;523449;0;0;-1;0;-1;No;"276,08";"276,08";"431,23";;;;"0,225339609952925";"0,225339609952925";26/03/2025;07/07/2025;S;N;S;S;VENDER;;;0;0;0
ALMACEN REPARACIONES;DAKE FREGADEROS SLU;NINGUNA;00003 - Cocinas;00002 - Cocina;00001 - Fregado;00003 - Griferia cocina; -;Cocinas;6374029;01459001010014;GRIFO VIU-S CROMO NEGRO  524813;524813;0;1;0;0;1;No;"186,18";186;"292,56";;;;"0,230721903199344";"0,230721903199344";;;S;N;S;S;VENDER;;;"186,18";186;"292,56"
ALMACEN REPARACIONES;DELONGHI ELECTRODOMEST.ESPAÑA S.L.U;BRAUN HOGAR;00002 - Electrodomesticos;00007 - Pequeño Electrodoméstico;00001 - Cocina;00013 - Licuadoras; -;Pequeño Electrodoméstico;6109330;04411001010000;LICUADORA BRAUN HOGAR J300;J300;0;1;1;0;2;No;"83,97";"80,98";140;;"108,9";140;"0,300101428571429";"0,100222222222222";;;S;S;N;N;LIQUIDACION;2000061093308;;"83,97";"80,98";140
ALMACEN REPARACIONES;DELONGHI ELECTRODOMEST.ESPAÑA S.L.U;DELONGHI;00002 - Electrodomesticos;00007 - Pequeño Electrodoméstico;00001 - Cocina;00005 - Cafeteras; -;Pequeño Electrodoméstico;6255924;00890001010017;CAFETERA EXPRESS DELONGHI EC685BK;EC685BK;0;0;-1;0;-1;No;"132,76";"132,89";"249,01";;169;"249,01";"0,354255250793141";"0,048539053254438";02/02/2026;20/01/2026;S;N;S;S;COLECCION;8004399331181;;0;0;0
ALMACEN REPARACIONES;DELONGHI ELECTRODOMEST.ESPAÑA S.L.U;DELONGHI;00002 - Electrodomesticos;00007 - Pequeño Electrodoméstico;00001 - Cocina;00005 - Cafeteras; -;Pequeño Electrodoméstico;6347920;00890001010035;CAFETERA EXPRESS 15 BARES DELONGHI ECP33.21W;ECP33.21W;0;0;-1;0;-1;No;"105,78";"100,54";183;;"128,07";183;"0,335227322404372";"0,050102287811353";17/07/2024;16/01/2026;S;N;N;N;LIQUIDACION;8004399333116;"0,5";0;0;0
ALMACEN REPARACIONES;DELONGHI ELECTRODOMEST.ESPAÑA S.L.U;DELONGHI;00002 - Electrodomesticos;00007 - Pequeño Electrodoméstico;00001 - Cocina;00005 - Cafeteras; -;Pequeño Electrodoméstico;;00890001010086;CAFETERA NESPRESSO EN80.CW DELONGHI;EN80.CW;0;0;-1;0;-1;No;"68,18";"67,84";109;;"89,9";109;"0,24691376146789";"0,086914349276974";01/10/2024;10/12/2024;S;N;N;N;LIQUIDACION;8004399327931;"0,5";0;0;0
ALMACEN REPARACIONES;DELONGHI ELECTRODOMEST.ESPAÑA S.L.U;DELONGHI;00002 - Electrodomesticos;00007 - Pequeño Electrodoméstico;00001 - Cocina;00005 - Cafeteras; -;Pequeño Electrodoméstico;;00890001010108;CAFETERA EXPRESS + MOLINILLO EC685KG200 DELONGHI;EC685KG200;0;0;-1;0;-1;No;120;"115,71";195;;159;195;"0,282004615384615";"0,119439622641509";12/02/2026;11/02/2026;S;N;S;S;COLECCIÓN Y FOLLETO;8004399029088;;0;0;0
ALMACEN REPARACIONES;DELONGHI ELECTRODOMEST.ESPAÑA S.L.U;DELONGHI;00002 - Electrodomesticos;00007 - Pequeño Electrodoméstico;00001 - Cocina;00005 - Cafeteras;00007 - Cafetera Superautomáticas;Pequeño Electrodoméstico;;00890001010078;CAFETERA SUPERAUTOMÁTICA ECAM22020W DELONGHI;ECAM22020W;0;0;-1;0;-1;No;250;250;389;;;;"0,222365038560411";"0,222365038560411";14/01/2026;14/01/2026;S;S;N;S;NO COLECCION;8004399025387;;0;0;0
ALMACEN REPARACIONES;DESTINY DECOR S.L.;NINGUNA;00001 - Muebles;00055 - Textil;00001 - Baño;00002 - Cortinas; -;Textil;;01348001010308;CORTINA ENROLLABLE TITANO PLUS TARIFA B 100X180;;0;0;-1;0;-1;No;"83,5";"83,5";"166,69";;;;"0,393874857519947";"0,393874857519947";12/09/2025;14/10/2025;S;N;S;S;VENDER;;;0;0;0
ALMACEN REPARACIONES;"DIA CASH, S.L.";NINGUNA;00000 - Interno;00099 - Art. para uso interno;00001 - Oficina;00099 - Accesorios Oficina; -;Artículos uso interno;6254463;01966001010061;FOLIOS A-4 80GR.(PAQUETE 500 FOLIOS) GOLDEN STAR 160281;160281;0;10;10;0;20;No;"3,79";"3,82";"2,55";;;;"-0,812627450980392";"-0,812627450980392";15/01/2026;10/02/2026;S;N;S;S;VENDER;;;"37,9";"38,2";"25,5"
ALMACEN REPARACIONES;DISTRIBUCIONES LUNA S.A.;CUBA SOFA;00001 - Muebles;00058 - Terraza y Jardín;00001 - Terraza y Jardin;00002 - Conjuntos; -;Terraza y Jardín;;00159001010298;SET  ALUMINIO BLANCO COJINES BEIGE KUBA SOFA (LIQUIDACION ULTIMA UNIDAD);;0;2;2;0;4;No;890;890;1539;;799;1539;"0,300259909031839";"-0,347809762202753";16/07/2025;05/09/2025;S;N;S;N;OFERTA STOCK;;12;1780;1780;3078
ALMACEN REPARACIONES;DISTRIBUCIONES LUNA S.A.;KENYA;00001 - Muebles;00058 - Terraza y Jardín;00001 - Terraza y Jardin;00002 - Conjuntos; -;Terraza y Jardín;6394870;00159001010230;SET 4 PIEZAS BLANCO-MADERA (SOFA 3 PLAZAS) KENYA;;0;1;0;0;1;No;790;790;1829;;959;1609;"0,477364680153089";"0,003232533889468";;20/01/2026;S;N;S;N;OFERTA;8435676707908;"10,69";790;790;1829
ALMACEN REPARACIONES;DISTRIBUCIONES LUNA S.A.;MESSINA;00001 - Muebles;00058 - Terraza y Jardín;00001 - Terraza y Jardin;00002 - Conjuntos; -;Terraza y Jardín;6365906;00159001010171;SET MESSINA FIBRA SINTETICA COLOR NATURAL MESSINA;;0;1;0;0;1;No;690;690;"1198,99";;699;1409;"0,303663917130251";"-0,194420600858369";;27/07/2023;S;S;S;N;OFERTA;8435676707885;"9,29";690;690;"1198,99"
ALMACEN REPARACIONES;DISTRIBUCIONES LUNA S.A.;NINGUNA;00001 - Muebles;00058 - Terraza y Jardín;00001 - Terraza y Jardin;00099 - Acc. Terraza; -;Terraza y Jardín;;00159001010280;ACCESORIO  C INVENTARIABLE;"""C""";0;1;1;0;2;No;0;65;0;;;;;;06/11/2025;12/06/2025;S;N;S;S;VENDER;;;0;65;0
ALMACEN REPARACIONES;DISTRIGAL SL;20;00001 - Muebles;00057 - Asientos;00002 - Sofás;00001 - Sillas; -;Asientos;6192039;00588001010010;SILLA COCINA TAP.BLANCO 20;M023SILLA20 BLA;0;3;2;0;5;No;"13,54";"13,54";"27,6";;;;"0,406398550724638";"0,406398550724638";11/02/2026;12/02/2026;S;N;S;S;COLECCION STOCK;8435541950576;;"40,62";"40,62";"82,8"
ALMACEN REPARACIONES;DISTRIGAL SL;AGUEDA;00001 - Muebles;00056 - Auxiliares;00001 - Mueble Auxiliar;00006 - Mesas; -;Mueble Auxiliar;6344604-22;04376001010440;"MESA DE CENTRO ELEVABLE 45,3X90X50 AGUEDA,#ACABADO EN BLANCO A018MCAGUEDA BLA";A018MCAGUEDA BLA;0;0;-4;0;-4;No;"38,38";"38,37";"74,9";;;;"0,380137516688919";"0,380137516688919";16/01/2026;13/01/2026;S;N;S;S;COLECCION STOCK;8435541944001;;0;0;0
ALMACEN REPARACIONES;DISTRIGAL SL;AGUEDA;00001 - Muebles;00056 - Auxiliares;00001 - Mueble Auxiliar;00006 - Mesas; -;Mueble Auxiliar;6344604-42735;04376001010441;"MESA DE CENTRO ELEVABLE 45,3X90X50 AGUEDA,#ACABADO EN CAMBRIAN A018MCAGUEDA CBR";A018MCAGUEDA CBR;0;0;-1;0;-1;No;"38,38";"38,39";"74,9";;;;"0,379814419225634";"0,379814419225634";23/05/2025;14/10/2025;S;N;S;S;COLECCION;8435541944018;;0;0;0
ALMACEN REPARACIONES;DISTRIGAL SL;AMERICA;00001 - Muebles;00057 - Asientos;00002 - Sofás;00002 - Butacas; -;Asientos;;00588001010214;SILLON RELAX ELECTRICO AMERICA NOLIA CEMENTO;X0021901S1PE CEM;0;0;-1;0;-1;No;"197,8";"197,76";399;;269;399;"0,400276691729323";"0,110447583643123";16/04/2025;30/06/2025;S;N;S;S;VENDER;;3;0;0;0
ALMACEN REPARACIONES;DISTRIGAL SL;AMERICA;00001 - Muebles;00057 - Asientos;00002 - Sofás;00004 - Sofás; -;Asientos;;00588001010212;SOFA 3 PLAZAS 2 RELAX ELECTRICOS AMERICA NOLIA CEMENTO;X0021901S3PE CEM;0;0;-1;0;-1;No;"395,74";"392,31";799;;;;"0,405888485607009";"0,405888485607009";20/03/2025;24/12/2025;S;N;S;S;VENDER;;;0;0;0
ALMACEN REPARACIONES;DISTRIGAL SL;AMERICA;00001 - Muebles;00057 - Asientos;00002 - Sofás;00004 - Sofás; -;Asientos;;00588001010213;SOFA 3 PLAZAS 2 RELAX AMERICA NOLIA CEMENTO;X0021901S3P CEM;0;0;-2;0;-2;No;"312,75";"312,75";639;;429;639;"0,407781690140845";"0,117884615384615";26/03/2025;11/11/2025;S;N;N;N;LIQUIDACION;;7;0;0;0
ALMACEN REPARACIONES;DISTRIGAL SL;ANTIGONA;00001 - Muebles;00052 - Salón;00002 - Salón comedor;00004 - Comedores completos; -;Salón;6317055;04376001010126;COMPOSICION UNICA LUCES LED 229 CM ANTIGONA ANDERSEN PINO;B010P641AN AND;0;1;1;0;2;No;"112,04";"113,46";219;;;;"0,373120547945205";"0,373120547945205";12/02/2025;12/02/2025;S;S;N;N;LIQUIDACION;;;"112,04";"113,46";219
ALMACEN REPARACIONES;DISTRIGAL SL;AROA;00001 - Muebles;00057 - Asientos;00002 - Sofás;00001 - Sillas; -;Asientos;6255555;00588001010028;SILLA PATAS CROMADAS AROA TAP.JARAMA BEIG M023AROASIL BEI;TAP.JARAMA BEIG;0;1;1;0;2;No;"38,03";"36,41";"76,7";;20;"70,02";"0,425604954367666";"-1,202805";28/06/2023;18/01/2024;S;N;N;N;LIQUIDACION;8435541927554;;"38,03";"36,41";"76,7"
ALMACEN REPARACIONES;DISTRIGAL SL;BERTA;00001 - Muebles;00052 - Salón;00001 - Convencional;00002 - Mesas de comedor; -;Salón;6299275-48629;00588001010154;"MESA COMEDOR FIJA 140X75X80 BERTA,#ACABADO EN COLOR ANDERSEN PINO";C029BERTAMES AND;0;0;-1;0;-1;No;"50,02";"50,02";"97,82";;;;"0,381269679002249";"0,381269679002249";06/02/2026;20/01/2026;S;N;S;S;COLECCION STOCK;;;0;0;0
ALMACEN REPARACIONES;DISTRIGAL SL;CABRA;00001 - Muebles;00050 - Dormitorios Matrimonio;00001 - Dormitorio;00003 - Armarios; -;Dormitorios matrimonio;6260002;04376001010042;"ARMARIO 2 PUERTAS CORREDERAS 207,6X180X55 CABRA BLANCO-GRAFITO";C029CABRAA2PC BLP;0;0;-1;0;-1;No;"189,14";"189,14";"376,38";;;;"0,391945905733567";"0,391945905733567";16/01/2026;26/01/2026;S;N;S;S;VENDER;8435541920999;;0;0;0
ALMACEN REPARACIONES;DISTRIGAL SL;CABRA;00001 - Muebles;00050 - Dormitorios Matrimonio;00001 - Dormitorio;00004 - Sinfoniers; -;Dormitorios matrimonio;6260015;04376001010052;"SINFONIER 109,4X60X39,6 CM CABRA BLANCO-GRAFITO";C029CABRASIN BLP;0;0;-1;0;-1;No;67;67;"131,57";;;;"0,383826100174812";"0,383826100174812";06/02/2026;29/01/2026;S;N;S;S;VENDER;8435541921064;;0;0;0
ALMACEN REPARACIONES;DISTRIGAL SL;CABRA;00001 - Muebles;00050 - Dormitorios Matrimonio;00001 - Dormitorio;00005 - Mesitas de noche; -;Dormitorios matrimonio;6260014;04376001010051;"MESITA DE NOCHE 2 CAJONES 50X60X39,6 CM CABRA BLANCO-GRAFITO";C029CABRAMES BLP;0;1;1;0;2;No;"30,3";"29,99";"59,07";;;;"0,385679702048417";"0,385679702048417";07/02/2026;07/02/2026;S;N;S;S;VENDER;8435541921040;;"30,3";"29,99";"59,07"
ALMACEN REPARACIONES;DISTRIGAL SL;CABRA;00001 - Muebles;00051 - Camas juveniles;00001 - Convencional;00025 - Dormitorio S/Armario; -;Salón;6396330;04376001010332;CONJUNTO CABECERO PATAS+2 MESITAS BLANCO-GRAFITO CABRA;;0;0;-1;0;-1;No;"108,09";"108,09";"213,2";;;;"0,386543621013133";"0,386543621013133";07/02/2026;07/02/2026;S;N;S;S;VENDER;;;0;0;0
ALMACEN REPARACIONES;DISTRIGAL SL;CHAMPION;00001 - Muebles;00051 - Camas juveniles;00001 - Convencional;00001 - Cama; -;Dormitorios Juveniles;6260054;04376001010073;"CAMA COMPACTO CON CAJONERA 72X202,6X98 CHAMPION CAMBRIAN-BLANCO";C029CHAMP109CBB;0;2;2;0;4;No;"141,11";"140,85";"284,57";;259;"284,57";"0,401101662156939";"0,341974903474903";07/02/2026;12/02/2026;S;N;S;S;COLECCION STOCK;8435676704532;;"282,22";"281,7";"569,14"
ALMACEN REPARACIONES;DISTRIGAL SL;CHAMPION;00001 - Muebles;00056 - Auxiliares;00001 - Mueble Auxiliar;00011 - Zapateros; -;Mueble Auxiliar;6255481;04376001010020;"ZAPATERO 3P. 108,1X60X17 CHAMPION CAMBRIA-BLANCO C029CHAMP012 CBB";C029CHAMP012 CBB;0;1;0;0;1;No;"32,46";"32,43";"64,14";;"57,9";"64,14";"0,388208606173994";"0,322274611398964";11/02/2026;09/02/2026;S;N;S;S;COLECCION STOCK;8435541942359;;"32,46";"32,43";"64,14"
ALMACEN REPARACIONES;DISTRIGAL SL;COREA;00001 - Muebles;00057 - Asientos;00002 - Sofás;00008 - Chaise longues; -;Asientos;;00588001010241;"CHAISELONGUE CONVERTIBLE EN CAMA 248 CM. COREA,#ACABADO EN CEMENTO";H0129035C CEM;0;1;0;0;1;No;"271,02";"271,02";"553,11";;;;"0,407108531756793";"0,407108531756793";07/01/2026;23/01/2026;S;N;S;S;VENDER;;;"271,02";"271,02";"553,11"
ALMACEN REPARACIONES;DISTRIGAL SL;CORFU;00001 - Muebles;00056 - Auxiliares;00001 - Mueble Auxiliar;00006 - Mesas; -;Mueble Auxiliar;6234859;04376001010534;"MESA COMEDOR EXTENSIBLE 76X138-198X88 CM CORFU,#ACABADO EN ANDERSEN PINO GRIS C029CORFUMEXT APG";C029CORFUMEXT APG;0;0;-1;0;-1;No;"80,79";"80,79";"158,99";;;;"0,385144348701176";"0,385144348701176";31/01/2025;13/09/2025;S;N;S;S;VENDER;;;0;0;0
ALMACEN REPARACIONES;DISTRIGAL SL;CORFU;00001 - Muebles;00056 - Auxiliares;00001 - Mueble Auxiliar;00006 - Mesas; -;Mueble Auxiliar;6234859;04376001010703;"MESA COMEDOR EXTENSIBLE 76X138-198X88 CM CORFU,#ACABADO EN ANDERSEN PINO GRIS C029CORFUMEXT APG";C029CORFUMEXT APG;0;0;-1;0;-1;No;"82,4";"82,4";"162,16";;;;"0,385150468672916";"0,385150468672916";06/02/2026;10/02/2026;S;N;S;S;VENDER;8435541952525;;0;0;0
ALMACEN REPARACIONES;DISTRIGAL SL;CORFU;00001 - Muebles;00056 - Auxiliares;00001 - Mueble Auxiliar;00006 - Mesas; -;Mueble Auxiliar;6234859-22;04376001010395;"MESA COMEDOR EXTENSIBLE 76X138-198X88 CM CORFU,#ACABADO EN BLANCO";C029CORFUMEXT BLA;0;1;1;0;2;No;"80,79";"80,79";"158,99";;149;"158,99";"0,385144348701176";"0,343920134228188";16/01/2026;31/12/2025;S;N;S;S;COLECCION STOCK;;;"80,79";"80,79";"158,99"
ALMACEN REPARACIONES;DISTRIGAL SL;CORFU;00001 - Muebles;00056 - Auxiliares;00001 - Mueble Auxiliar;00006 - Mesas; -;Mueble Auxiliar;6234859-42735;04376001010396;"MESA COMEDOR EXTENSIBLE 76X138-198X88 CM CORFU,#ACABADO EN CAMBRIAN";A031CORFUMEXTCBR;0;1;1;0;2;No;"82,4";"82,18";"162,16";;149;"162,16";"0,38679205722743";"0,332632214765101";23/01/2026;24/12/2025;S;N;S;S;COLECCION STOCK;;;"82,4";"82,18";"162,16"
ALMACEN REPARACIONES;DISTRIGAL SL;COVADONGA;00001 - Muebles;00059 - Descanso;00001 - Colchonería;00010 - Base tapizada; -;Descanso;;04371001010095;BASE TAPIZADA 3D 135X190 COVADONGA B017COV135190 BEI;B017COV135190 BEI;0;2;2;0;4;No;"37,67";"37,67";"84,9";;"76,41";"84,9";"0,463124852767962";"0,403472058631069";21/06/2025;03/10/2024;S;N;S;S;COLECCION STOCK;;;"75,34";"75,34";"169,8"
ALMACEN REPARACIONES;DISTRIGAL SL;COVADONGA;00001 - Muebles;00059 - Descanso;00001 - Colchonería;00010 - Base tapizada; -;Descanso;;04371001010096;BASE TAPIZADA 3D 150X190 COVADONGA B017COV150190 BEI;B017COV150190 BEI;0;1;1;0;2;No;"44,04";"43,2";99;;"89,1";99;"0,472";"0,413333333333333";12/11/2025;20/08/2024;S;N;N;N;LIQUIDACION;;;"44,04";"43,2";99
ALMACEN REPARACIONES;DISTRIGAL SL;COVADONGA;00001 - Muebles;00059 - Descanso;00001 - Colchonería;00010 - Base tapizada; -;Descanso;;04371001010139;BASE TAPIZADA 3D 90X190 COVADONGA/YECLA B017COV90190 BEI + 6 PATAS;B017COV90190P BEI;0;6;0;0;6;No;"32,52";"32,53";"73,1";;"66,9";"82,62";"0,461541723666211";"0,41163976083707";11/02/2026;12/02/2026;S;N;S;S;COLECCION STOCK;;;"195,12";"195,18";"438,6"
ALMACEN REPARACIONES;DISTRIGAL SL;COVADONGA;00001 - Muebles;00059 - Descanso;00001 - Colchonería;00010 - Base tapizada; -;Descanso;;04371001010140;BASE TAPIZADA 3D 105X190 COVADONGA/YECLA B017COV105190PBEI + 6 PATAS;B017COV105190PBEI;0;5;4;0;9;No;"34,71";"34,74";"89,42";;"71,9";"89,42";"0,529910534556028";"0,415363004172462";11/02/2026;11/02/2026;S;N;S;S;COLECCION STOCK;;;"173,55";"173,7";"447,1"
ALMACEN REPARACIONES;DISTRIGAL SL;COVADONGA;00001 - Muebles;00059 - Descanso;00001 - Colchonería;00010 - Base tapizada; -;Descanso;;04371001010147;BASE TAPIZADA 3D 135X190 COVADONGA/YECLA B017COV135190PBEI + 6 PATAS;B017COV135190PBEI;0;16;13;0;29;No;"37,32";"37,32";"83,3";;"66,9";"83,3";"0,457896758703481";"0,325004484304933";11/02/2026;12/02/2026;S;N;S;S;COLECCION STOCK;;;"597,12";"597,12";"1332,8"
ALMACEN REPARACIONES;DISTRIGAL SL;DAISY;00001 - Muebles;00057 - Asientos;00002 - Sofás;00013 - Sofás cama; -;Asientos;6366702;00588001010104;SOFA CAMA CLIC-CLAC CON BRAZOS Y ARCON DAISY TELA GRIS;TELA GRIS;0;1;1;0;2;No;"148,01";145;429;;149;369;"0,591025641025641";"-0,17751677852349";;07/07/2023;S;N;N;N;LIQUIDACION;8435541972158;2;"148,01";145;429
ALMACEN REPARACIONES;DISTRIGAL SL;DIMAS;00001 - Muebles;00052 - Salón;00002 - Salón comedor;00004 - Comedores completos; -;Salón;6327019;04376001010129;COMPOSICION UNICA 200 CM DIMAS CAMBRIA BLANCO;B010P6DSDM CBB;0;0;-1;0;-1;No;"90,81";"90,79";179;;;;"0,386279888268156";"0,386279888268156";18/06/2025;21/07/2025;S;N;S;S;COLECCION STOCK;8435541982065;;0;0;0
ALMACEN REPARACIONES;DISTRIGAL SL;DONALD;00001 - Muebles;00051 - Camas juveniles;00001 - Convencional;00002 - Cabezales juveniles; -;Dormitorios Juveniles;6394665;04376001010266;CABECERO JUVENIL MOD.DONALD PUCCINI-ANDERSEN DONALD;C029DONALD007 PUA;0;0;-1;0;-1;No;"12,75";"12,83";"25,25";;"22,73";"25,25";"0,385176237623762";"0,317012758468984";02/02/2026;09/02/2026;S;N;S;S;VENDER;8435541976231;;0;0;0
ALMACEN REPARACIONES;DISTRIGAL SL;DONALD;00001 - Muebles;00051 - Camas juveniles;00001 - Convencional;00003 - Armarios juveniles; -;Dormitorios Juveniles;6394655;04376001010256;ARMARIO 3P.2C MOD.DONALD ANDERSEN-GRAFITO DONALD;C029DONALD025 ANG;0;1;1;0;2;No;"150,16";"150,16";299;;"269,1";299;"0,392329096989967";"0,32481010776663";20/02/2025;21/02/2025;S;N;N;N;LIQUIDACION;8435541976538;;"150,16";"150,16";299
ALMACEN REPARACIONES;DISTRIGAL SL;DONALD;00001 - Muebles;00051 - Camas juveniles;00001 - Convencional;00003 - Armarios juveniles; -;Dormitorios Juveniles;6394657;04376001010258;ARMARIO 3P.2C MOD.DONALD PUCCINI-ANDERSEN DONALD;C029DONALD025 PUA;0;0;-1;0;-1;No;"153,16";"153,16";"304,97";;"269,1";299;"0,392321867724694";"0,311320698625046";11/02/2026;11/02/2026;S;N;S;S;VENDER;8435541976514;;0;0;0
ALMACEN REPARACIONES;DISTRIGAL SL;DONALD;00001 - Muebles;00051 - Camas juveniles;00001 - Convencional;00010 - Comodines; -;Dormitorios Juveniles;6397155;04376001010347;COMODIN 1 PTA.5CAJ.DONALD PUCCINI-ANDERSEN DONALD;C029DONALD040 PUA;0;0;-1;0;-1;No;"97,71";"97,71";"192,81";;"170,1";189;"0,386810331414346";"0,304943562610229";30/01/2026;12/02/2026;S;N;S;S;VENDER;8435541978679;;0;0;0
ALMACEN REPARACIONES;DISTRIGAL SL;DONALD;00001 - Muebles;00051 - Camas juveniles;00001 - Convencional;00014 - Literas; -;Dormitorios Juveniles;6397157;04376001010349;LITERA C/CAJONERA DONALD ANDERSEN GRAFITO DONALD;C029DONALD042 ANG;0;0;-1;0;-1;No;"180,87";"180,87";"358,99";;"323,09";"358,99";"0,390365469790245";"0,322626203225108";04/04/2025;04/04/2025;S;N;N;N;LIQUIDACION;8435541978723;;0;0;0
ALMACEN REPARACIONES;DISTRIGAL SL;DONALD;00001 - Muebles;00051 - Camas juveniles;00001 - Convencional;00014 - Literas; -;Dormitorios Juveniles;6397158;04376001010350;LITERA C/CAJONERA DONALD PUCCINI- ANDERSEN DONALD;C029DONALD042 PUA;0;0;-1;0;-1;No;"184,49";"184,49";"366,18";;"323,09";"358,99";"0,390373859850347";"0,309068990064688";11/02/2026;12/02/2026;S;N;S;S;VENDER;8435541978747;;0;0;0
ALMACEN REPARACIONES;DISTRIGAL SL;DONALD;00001 - Muebles;00051 - Camas juveniles;00002 - Modular;00002 - Camas; -;Dormitorios Juveniles;6397161;04376001010353;CAMA TREN MOD.DONALD ANDERSEN-GRAFITO DONALD;C029DONALD045 ANG;0;0;-2;0;-2;No;"290,95";"290,95";569;;459;569;"0,381283831282953";"0,233007625272331";06/02/2026;10/02/2026;S;N;S;S;VENDER;8435541978969;;0;0;0
ALMACEN REPARACIONES;DISTRIGAL SL;EUROPA;00001 - Muebles;00052 - Salón;00002 - Salón comedor;00003 - Modulos; -;Salón;6400197;04376001010372;COMPOSICION APILABLE 260CM AMBIENTE 2 EUROPA;WEB EUROPA02;0;0;-1;0;-1;No;"385,06";"385,06";759;;;;"0,386136231884058";"0,386136231884058";07/08/2024;28/08/2024;S;N;N;N;LIQUIDACION;8435676709742;;0;0;0
ALMACEN REPARACIONES;DISTRIGAL SL;FRIDA;00001 - Muebles;00052 - Salón;00001 - Convencional;00003 - Bufets; -;Salón;6327116;04376001010132;APARADOR FRIDA CA�ON;B010P9C3FR43 CAÑ;0;1;1;0;2;No;"95,45";"80,33";189;;;;"0,485717989417989";"0,485717989417989";;;S;S;N;N;LIQUIDACION;8435541949976;;"95,45";"80,33";189
ALMACEN REPARACIONES;DISTRIGAL SL;FRIDA;00001 - Muebles;00052 - Salón;00002 - Salón comedor;00004 - Comedores completos; -;Salón;6316875;04376001010124;COMPOSICION UNICA LUCES LED 294 CM FRIDA ANDERSEN GRIS;B010P640FR APG;0;0;-1;0;-1;No;"267,24";"267,24";529;;;;"0,388732703213611";"0,388732703213611";25/03/2025;29/07/2025;S;S;N;N;LIQUIDACION;8435541946418;;0;0;0
ALMACEN REPARACIONES;DISTRIGAL SL;GUADIANA;00001 - Muebles;00059 - Descanso;00001 - Colchonería;00009 - Canapes; -;Descanso;6401714;04371001010086;"CANAPE 105X190 TAPA 3D VALLE GUADIANA,#ACABADO EN ARTICOWEB GUAVAL105 ART";WEB GUAVAL105 ART;0;0;-1;0;-1;No;"85,09";"67,69";"195,82";;"189,27";229;"0,581733735062813";"0,56725894225181";11/02/2026;11/02/2026;S;N;S;S;LIQUIDACION*;;;0;0;0
ALMACEN REPARACIONES;DISTRIGAL SL;GUADIANA;00001 - Muebles;00059 - Descanso;00001 - Colchonería;00009 - Canapes; -;Descanso;6401714;04371001010117;"CANAPE 105X190 TAPA 3D VALLE GUADIANA,#ACABADO EN CAMBRIAN WEB GUAVAL105 CBR";WEB GUAVAL105 CBR;0;2;1;0;3;No;"85,09";"85,07";"195,82";;"189,27";229;"0,474340210397304";"0,456148887832197";11/02/2026;11/02/2026;S;N;S;S;LIQUIDACION*;;;"170,18";"170,14";"391,64"
ALMACEN REPARACIONES;DISTRIGAL SL;GUADIANA;00001 - Muebles;00059 - Descanso;00001 - Colchonería;00009 - Canapes; -;Descanso;6401714-22;04371001010083;"CANAPE 105X190 TAPA 3D VALLE GUADIANA,#ACABADO EN BLANCO WEB GUAVAL105 BLA";WEB GUAVAL105 BLA;0;0;-2;0;-2;No;"85,09";"78,72";"195,82";;"189,27";229;"0,51357777550812";"0,496744333491837";11/02/2026;11/02/2026;S;N;S;S;LIQUIDACION*;;;0;0;0
ALMACEN REPARACIONES;DISTRIGAL SL;GUADIANA;00001 - Muebles;00059 - Descanso;00001 - Colchonería;00009 - Canapes; -;Descanso;;04371001010152;"CANAPE 90X190 TAPA 3D VALLE GUADIANA,#ACABADO EN NOGAL WEB GUAVAL90 NOG";WEB GUAVAL90 NOG;0;1;1;0;2;No;"80,81";"80,81";"185,95";;181;219;"0,474159182575961";"0,459778453038674";06/02/2026;12/02/2026;S;N;S;S;LIQUIDACION*;;;"80,81";"80,81";"185,95"
ALMACEN REPARACIONES;DISTRIGAL SL;GUADIANA;00001 - Muebles;00059 - Descanso;00001 - Colchonería;00009 - Canapes; -;Descanso;;04371001010154;"CANAPE 90X190 TAPA 3D VALLE GUADIANA,#ACABADO EN ARTICO WEB GUAVAL90 ART";WEB GUAVAL90 ART;0;1;0;0;1;No;"80,81";"79,47";"185,95";;181;219;"0,482878730841624";"0,468736464088398";11/02/2026;12/02/2026;S;N;S;S;LIQUIDACION*;;;"80,81";"79,47";"185,95"
ALMACEN REPARACIONES;DISTRIGAL SL;GUADIANA;00001 - Muebles;00059 - Descanso;00001 - Colchonería;00009 - Canapes; -;Descanso;;04371001010155;"CANAPE 90X190 TAPA 3D VALLE GUADIANA,#ACABADO EN CAMBRIAN WEB GUAVAL90 CBR";WEB GUAVAL90 CBR;0;2;1;0;3;No;"85,09";"74,86";"195,79";;181;219;"0,537358394197865";"0,499554696132597";11/02/2026;12/02/2026;S;N;S;S;LIQUIDACION*;;;"170,18";"149,72";"391,58"
ALMACEN REPARACIONES;DISTRIGAL SL;GUADIANA;00001 - Muebles;00059 - Descanso;00001 - Colchonería;00009 - Canapes; -;Descanso;;04371001010157;"CANAPE 150X190 TAPA 3D VALLE GUADIANA,#ACABADO EN BLANCO WEB GUAVAL150 BLA";WEB GUAVAL150 BLA;0;3;-1;0;2;No;"89,26";"92,9";"205,35";;"214,06";259;"0,452598003408814";"0,474871531346351";11/02/2026;11/02/2026;S;N;S;S;LIQUIDACION*;;;"267,78";"278,7";"616,05"
ALMACEN REPARACIONES;DISTRIGAL SL;GUADIANA;00001 - Muebles;00059 - Descanso;00001 - Colchonería;00009 - Canapes; -;Descanso;;04371001010160;"CANAPE 150X190 TAPA 3D VALLE GUADIANA,#ACABADO EN ARTICO WEB GUAVAL150 ART";WEB GUAVAL150 ART;0;0;-2;0;-2;No;"89,26";"92,68";"205,35";;"214,06";259;"0,453894326759192";"0,476115107913669";11/02/2026;11/02/2026;S;N;S;S;LIQUIDACION*;;;0;0;0
ALMACEN REPARACIONES;DISTRIGAL SL;GUADIANA;00001 - Muebles;00059 - Descanso;00001 - Colchonería;00009 - Canapes; -;Descanso;;04371001010163;"CANAPE 135X190 TAPA 3D VALLE GUADIANA,#ACABADO EN BLANCO WEB GUAVAL135 BLA";WEB GUAVAL135 BLA;0;0;-3;0;-3;No;"87,55";"85,33";"201,45";;129;249;"0,487469347232564";"0,199617829457364";11/02/2026;11/02/2026;S;N;S;S;LIQUIDACION*;;;0;0;0
ALMACEN REPARACIONES;DISTRIGAL SL;GUADIANA;00001 - Muebles;00059 - Descanso;00001 - Colchonería;00009 - Canapes; -;Descanso;;04371001010164;"CANAPE 135X190 TAPA 3D VALLE GUADIANA,#ACABADO EN NOGAL WEB GUAVAL135 NOG";WEB GUAVAL135 NOG;0;2;1;0;3;No;"87,53";"84,98";"201,4";;"205,8";249;"0,489444885799404";"0,500360544217687";11/02/2026;11/02/2026;S;N;S;S;LIQUIDACION*;;;"175,06";"169,96";"402,8"
ALMACEN REPARACIONES;DISTRIGAL SL;GUADIANA;00001 - Muebles;00059 - Descanso;00001 - Colchonería;00009 - Canapes; -;Descanso;;04371001010166;"CANAPE 135X190 TAPA 3D VALLE GUADIANA,#ACABADO EN ARTICO WEB GUAVAL135 ART";WEB GUAVAL135 ART;0;2;1;0;3;No;"87,53";"85,48";"201,4";;"205,8";249;"0,486440913604767";"0,497420796890185";11/02/2026;11/02/2026;S;N;S;S;LIQUIDACION*;;;"175,06";"170,96";"402,8"
ALMACEN REPARACIONES;DISTRIGAL SL;GUADIANA;00001 - Muebles;00059 - Descanso;00001 - Colchonería;00009 - Canapes; -;Descanso;;04371001010167;"CANAPE 135X190 TAPA 3D VALLE GUADIANA,#ACABADO EN CAMBRIAN WEB GUAVAL135 CBR";WEB GUAVAL135 CBR;0;5;0;0;5;No;"87,55";"86,85";"201,45";;129;249;"0,478339538346984";"0,185360465116279";06/02/2026;09/02/2026;S;N;S;S;LIQUIDACION*;;;"437,75";"434,25";"1007,25"
ALMACEN REPARACIONES;DISTRIGAL SL;HANA CAMBRIA;00001 - Muebles;00052 - Salón;00001 - Convencional;00002 - Mesas de comedor; -;Salón;6256938;00588001010030;MESA COMEDOR FIJA TAPA CRISTAL 75X150X90 HANA CAMBRIA;M023HANAMES CBR;0;1;1;0;2;No;"66,4";"66,41";129;;"59,9";129;"0,377084496124031";"-0,341504173622705";16/01/2026;09/06/2025;S;N;N;N;BAJA ROTACION;8435541927882;2;"66,4";"66,41";129
ALMACEN REPARACIONES;DISTRIGAL SL;HERMES;00001 - Muebles;00059 - Descanso;00001 - Colchonería;"00002 - Bases, somieres y canapés"; -;Descanso;6252997;04371001010029;SOMIER LAMINAS 105X190 HERMES S027H105190 000;S027H105190 000;0;1;0;0;1;No;"26,76";"26,73";"58,67";;"52,8";"58,67";"0,448725072439066";"0,3874375";16/01/2026;03/02/2026;S;S;S;S;COLECCION STOCK;;;"26,76";"26,73";"58,67"
ALMACEN REPARACIONES;DISTRIGAL SL;HERMES;00001 - Muebles;00059 - Descanso;00001 - Colchonería;"00002 - Bases, somieres y canapés"; -;Descanso;6253003;04371001010031;SOMIER LAMINAS 150X190 HERMES S027H150190 000;S027H150190 000;0;1;0;0;1;No;"35,17";"34,84";"76,54";;"68,89";"76,54";"0,449223935197282";"0,388062128030193";12/11/2025;22/12/2025;S;S;S;S;COLECCION STOCK;;;"35,17";"34,84";"76,54"
ALMACEN REPARACIONES;DISTRIGAL SL;HERMES;00001 - Muebles;00059 - Descanso;00001 - Colchonería;00004 - Patas; -;Descanso;6400170;04371001010045;JGO.4 PATAS BASE HERMES D017J4PB000;D017J4PB000;0;1;0;0;1;No;"2,71";"2,69";"6,05";;;;"0,462";"0,462";26/01/2026;26/01/2026;S;N;S;S;COLECCION STOCK;;;"2,71";"2,69";"6,05"
ALMACEN REPARACIONES;DISTRIGAL SL;ITALIA;00001 - Muebles;00052 - Salón;00002 - Salón comedor;00003 - Modulos; -;Salón;6400201;04376001010375;"MODULO 1 CAJON HORIZONTAL 67,5X23,6X33 SALERNO ITALIA";A018ITANM1CH SAL;0;0;-1;0;-1;No;"37,34";"37,34";"72,9";;;;"0,380227709190672";"0,380227709190672";09/12/2025;09/02/2026;S;N;N;N;LIQUIDACION;8435541982423;;0;0;0
ALMACEN REPARACIONES;DISTRIGAL SL;JULIETA;00001 - Muebles;00052 - Salón;00001 - Convencional;00003 - Bufets; -;Salón;6296188;04376001010109;APARADOR + MARCO 71X167X40 JULIETA CAMBRIAN-CHOCOLATE;CAMBRIAN-CHOCOLATE;0;1;1;0;2;No;"114,97";"112,46";229;;;;"0,40577903930131";"0,40577903930131";;;S;S;N;N;LIQUIDACION;;3;"114,97";"112,46";229
ALMACEN REPARACIONES;DISTRIGAL SL;LANE;00001 - Muebles;00057 - Asientos;00002 - Sofás;00001 - Sillas; -;Asientos;6397087;00588001010132;SILLA LANE BEIG;BEIG;0;1;-15;0;-14;No;"23,97";"23,97";"48,78";;;;"0,405418204182042";"0,405418204182042";04/02/2026;11/02/2026;S;N;S;S;COLECCION STOCK;8435541981020;;"23,97";"23,97";"48,78"
ALMACEN REPARACIONES;DISTRIGAL SL;LANE;00001 - Muebles;00057 - Asientos;00002 - Sofás;00001 - Sillas; -;Asientos;6397088;00588001010133;SILLA LANE GRIS;GRIS;0;4;0;0;4;No;"23,97";24;"48,78";;;;"0,404674046740467";"0,404674046740467";06/02/2026;09/02/2026;S;N;S;S;COLECCION STOCK;;2;"95,88";96;"195,12"
ALMACEN REPARACIONES;DISTRIGAL SL;LARA;00001 - Muebles;00050 - Dormitorios Matrimonio;00001 - Dormitorio;00002 - Cabezales; -;Dormitorios matrimonio;6240637-43526;04376001010406;"CABECERO C/PATAS 160 LARA LARA N 01,#ACABADO EN CAMBRIAN BLANCO";C029 LAR2CABECECBB;0;1;0;0;1;No;"39,36";"39,5";"76,9";;;;"0,378478543563069";"0,378478543563069";11/02/2026;11/02/2026;S;N;S;S;COLECCION STOCK;8435541940867;;"39,36";"39,5";"76,9"
ALMACEN REPARACIONES;DISTRIGAL SL;LARA;00001 - Muebles;00050 - Dormitorios Matrimonio;00001 - Dormitorio;00003 - Armarios; -;Dormitorios matrimonio;6234870-43357;04376001010403;"ARMARIO 4 P.BATIENTES 208X196X50,2 CM LARA,#ACABADO EN CAMBRIAN GRAFITO";B010LARAARM4PBCBG;0;0;-1;0;-1;No;"165,98";"165,98";"329,35";;;;"0,390205556398968";"0,390205556398968";08/10/2025;12/12/2025;S;N;S;S;COLECCION STOCK;8435541918644;3;0;0;0
ALMACEN REPARACIONES;DISTRIGAL SL;LARA;00001 - Muebles;00050 - Dormitorios Matrimonio;00001 - Dormitorio;00004 - Sinfoniers; -;Dormitorios matrimonio;6247166-43357;04376001010414;"SINFONIER LARA,#ACABADO EN CAMBRIAN GRAFITO";C029LAR2SINFONCBG;0;0;-1;0;-1;No;"73,24";"74,15";149;;;;"0,397842281879195";"0,397842281879195";11/02/2026;11/02/2026;S;N;S;S;COLECCION STOCK;8435541941017;;0;0;0
ALMACEN REPARACIONES;DISTRIGAL SL;LARA;00001 - Muebles;00050 - Dormitorios Matrimonio;00001 - Dormitorio;00005 - Mesitas de noche; -;Dormitorios matrimonio;6247165-43526;04376001010411;"MESITA NOCHE LARA,#ACABADO EN CAMBRIAN BLANCO";C029LAR2MESITACBB;0;2;1;0;3;No;"42,76";"43,58";"83,74";;;;"0,370291378074994";"0,370291378074994";05/02/2026;07/02/2026;S;N;S;S;COLECCION STOCK;8435541940966;;"85,52";"87,16";"167,48"
ALMACEN REPARACIONES;DISTRIGAL SL;LARA;00001 - Muebles;00050 - Dormitorios Matrimonio;00001 - Dormitorio;00015 - Dormitorio S/Armario; -;Dormitorios matrimonio;6384590;04376001010203;DORMITORIO SIN ARMARIO AMBIENTE 01-C LARA ANDERSEN PINO-GRIS;ANDERSEN PINO-GRIS;0;0;-1;0;-1;No;"234,76";"234,78";"464,96";;;;"0,389014538885065";"0,389014538885065";16/01/2026;16/01/2026;S;N;S;S;VENDER;;;0;0;0
ALMACEN REPARACIONES;DISTRIGAL SL;LARA;00001 - Muebles;00050 - Dormitorios Matrimonio;00001 - Dormitorio;00015 - Dormitorio S/Armario; -;Dormitorios matrimonio;6384592;04376001010205;DORMITORIO SIN ARMARIO AMBIENTE 01-B LARA CAMBRIA-GRAFITO;CAMBRIA-GRAFITO;0;0;-1;0;-1;No;"234,76";"234,76";469;;;;"0,39432921108742";"0,39432921108742";06/02/2026;28/01/2026;S;N;S;S;COLECCION STOCK;;;0;0;0
ALMACEN REPARACIONES;DISTRIGAL SL;LARA;00001 - Muebles;00050 - Dormitorios Matrimonio;00001 - Dormitorio;00015 - Dormitorio S/Armario; -;Dormitorios matrimonio;6384593;04376001010206;DORMITORIO SIN ARMARIO AMBIENTE 02-A LARA CAMBRIA-BLANCO;CAMBRIA-BLANCO;0;0;-1;0;-1;No;"241,14";"241,16";479;;;;"0,390806680584551";"0,390806680584551";16/01/2026;26/01/2026;S;N;S;S;COLECCION STOCK;;;0;0;0
ALMACEN REPARACIONES;DISTRIGAL SL;LARA;00001 - Muebles;00050 - Dormitorios Matrimonio;00001 - Dormitorio;00015 - Dormitorio S/Armario; -;Dormitorios matrimonio;6393289;04376001010237;DORMITORIO SIN ARMARIO AMBIENTE 01-D LARA CAMBRIA-BLANCO;CAMBRIA-BLANCO;0;0;-3;0;-3;No;"234,76";"234,76";"464,96";;;;"0,389066586373021";"0,389066586373021";06/02/2026;12/02/2026;S;N;S;S;COLECCION STOCK;;;0;0;0
ALMACEN REPARACIONES;DISTRIGAL SL;LARA;00001 - Muebles;00051 - Camas juveniles;00001 - Convencional;00025 - Dormitorio S/Armario; -;Salón;6330097;04376001010153;CONJUNTO CABECERO CON PATAS + 2 MESITAS LARA;;0;1;1;0;2;No;"129,14";"125,98";259;;;;"0,411444787644788";"0,411444787644788";;07/06/2025;S;N;S;S;VENDER;;;"129,14";"125,98";259
ALMACEN REPARACIONES;DISTRIGAL SL;LARA;00001 - Muebles;00051 - Camas juveniles;00001 - Convencional;00025 - Dormitorio S/Armario; -;Salón;6330097;04376001010833;CONJUNTO CABECERO CON PATAS + 2 MESITAS LARA;;0;0;-1;0;-1;No;"125,47";"125,47";"251,64";;;;"0,396682959783818";"0,396682959783818";10/09/2025;15/09/2025;S;N;S;S;VENDER;;;0;0;0
ALMACEN REPARACIONES;DISTRIGAL SL;LARA;00001 - Muebles;00051 - Camas juveniles;00001 - Convencional;00025 - Dormitorio S/Armario; -;Salón;6330097-49376;04376001010438;CONJUNTO CABECERO CON PATAS + 2 MESITAS LARA;;0;0;-1;0;-1;No;"129,14";"129,12";259;;;;"0,39677528957529";"0,39677528957529";23/12/2025;29/12/2025;S;N;S;S;COLECCION STOCK;;;0;0;0
ALMACEN REPARACIONES;DISTRIGAL SL;LARA;00001 - Muebles;00056 - Auxiliares;00001 - Mueble Auxiliar;00006 - Mesas; -;Mueble Auxiliar;6331328;04376001010166;MESA CENTRO ELEVABLE COLOR CA�ON LARA;C029MCLARA CAÑ;0;1;1;0;2;No;"30,37";"29,07";"59,9";;;;"0,412776293823038";"0,412776293823038";06/02/2026;09/02/2026;S;S;S;S;VENDER;8435541944148;;"30,37";"29,07";"59,9"
ALMACEN REPARACIONES;DISTRIGAL SL;LAZY;00001 - Muebles;00051 - Camas juveniles;00001 - Convencional;00014 - Literas; -;Dormitorios Juveniles;6401139;00588001010145;LITERA METALICA 90X190 CM LAZY;S027DB2201 GRI;0;0;-2;0;-2;No;"81,37";"81,37";"158,8";;"142,92";"158,8";"0,379989294710327";"0,311099216344808";28/01/2026;28/01/2026;S;N;S;S;VENDER;;;0;0;0
ALMACEN REPARACIONES;DISTRIGAL SL;LLANES;00001 - Muebles;00059 - Descanso;00001 - Colchonería;00010 - Base tapizada; -;Descanso;6400166;04371001010041;BASE TAPIZADA 3D 090X190 LLANES S027LLA90190BEI;S027LLA90190BEI;0;1;0;0;1;No;"26,92";"27,28";99;;"89,1";99;"0,666577777777778";"0,629530864197531";05/07/2023;09/07/2024;S;N;N;N;LIQUIDACION;;;"26,92";"27,28";99
ALMACEN REPARACIONES;DISTRIGAL SL;MADRID;00001 - Muebles;00057 - Asientos;00002 - Sofás;00004 - Sofás; -;Asientos;6307807;00588001010058;SOFA 3 PL.C/2 RELAX MADRID TAP. JADE BEIG;X0021812S3P BEI;0;1;1;0;2;No;"308,77";"269,92";"628,99";;;;"0,480749773446319";"0,480749773446319";15/12/2020;;S;S;N;N;LIQUIDACION;8435541952884;;"308,77";"269,92";"628,99"
ALMACEN REPARACIONES;DISTRIGAL SL;MADRID;00001 - Muebles;00057 - Asientos;00002 - Sofás;00004 - Sofás; -;Asientos;6307808;00588001010059;SOFA 2 PL.C/2 RELAX MADRID TAP. JADE CHOCOLATE;X0021812S2P CHO;0;0;-1;0;-1;No;"227,18";"202,93";459;;;;"0,465042919389978";"0,465042919389978";;15/01/2026;S;N;N;N;LIQUIDACION;8435541952860;;0;0;0
ALMACEN REPARACIONES;DISTRIGAL SL;MARVY;00001 - Muebles;00057 - Asientos;00002 - Sofás;00013 - Sofás cama; -;Asientos;6366697;00588001010099;SOFA CAMA CLIC-CLAC CON ARCON MARVY TELA BEIG;TELA BEIG;0;1;1;0;2;No;"141,92";"141,81";409;;149;289;"0,580464303178484";"-0,151611409395973";;;S;N;N;N;LIQUIDACION;8435676703252;2;"141,92";"141,81";409
ALMACEN REPARACIONES;DISTRIGAL SL;MENFIS;00001 - Muebles;00057 - Asientos;00002 - Sofás;00002 - Butacas; -;Asientos;6325826-50525;00588001010169;"SILLON MENFIS,#ACABADO EN TELA NOLIA PIEDRA";X0021810S1PE PDR;0;1;1;0;2;No;"152,84";"179,9";309;;;;"0,295537216828479";"0,295537216828479";28/10/2021;;S;S;N;N;LIQUIDACION;8435541949877;;"152,84";"179,9";309
ALMACEN REPARACIONES;DISTRIGAL SL;MOCASIN;00001 - Muebles;00059 - Descanso;00001 - Colchonería;00099 - Acc. Colchoneria; -;Descanso;6400177;04371001010052;KIT ZAPATERO PARA INTERIOR CANAPE 135 MOCASIN A018MOCASIN135 000;A018MOCASIN135 000;0;2;1;0;3;No;"13,59";"13,35";"29,91";;;;"0,459929789368104";"0,459929789368104";25/04/2025;25/10/2025;S;N;S;S;VENDER;8435541969530;;"27,18";"26,7";"59,82"
ALMACEN REPARACIONES;DISTRIGAL SL;MONIKA;00001 - Muebles;00050 - Dormitorios Matrimonio;00001 - Dormitorio;00003 - Armarios; -;Dormitorios matrimonio;6329882;04376001010147;ARMARIO 4 P. MONIKA ANDERSEN PINO GRIS;B010P740MO04 APG;0;0;-1;0;-1;No;"172,54";"172,54";"339,01";;;;"0,384167428689419";"0,384167428689419";16/12/2025;16/12/2025;S;N;N;N;LIQUIDACION;8435541970468;;0;0;0
ALMACEN REPARACIONES;DISTRIGAL SL;MONIKA 2;00001 - Muebles;00050 - Dormitorios Matrimonio;00001 - Dormitorio;00015 - Dormitorio S/Armario; -;Dormitorios matrimonio;6394476;04376001010244;DORMITORIO MATRIMONIO SIN ARMARIO N  3 B MONIKA 2 CAMBIAN-GRAFITO;CAMBIAN-GRAFITO;0;0;-1;0;-1;No;"183,35";"183,33";"358,99";;;;"0,382073873924065";"0,382073873924065";17/12/2025;17/12/2025;S;S;S;S;COLECCION STOCK;;;0;0;0
ALMACEN REPARACIONES;DISTRIGAL SL;NERVION;00001 - Muebles;00059 - Descanso;00001 - Colchonería;00010 - Base tapizada; -;Descanso;;04371001010105;BASE TAPIZADA 3D 150X190 NERVION/YECLA S027NER150190 BEI+ 6 PATAS;S027NER150190 BEI;0;17;11;0;28;No;"39,95";"39,96";"92,74";;"74,9";"92,74";"0,4786327366832";"0,35445126835781";11/02/2026;11/02/2026;S;N;S;S;COLECCION STOCK;;;"679,15";"679,32";"1576,58"
ALMACEN REPARACIONES;DISTRIGAL SL;NINGUNA;0 - SIN FAMILIA; -; -; -; -;Dormitorios Juveniles;;00588001010192;ACCESORIO C INVENTARIABLE NINGUNA;0588INV;0;37;34;0;71;No;"8,62";"4,83";0;;;;;;30/01/2026;27/12/2025;S;N;S;S;VENDER;;;"318,94";"178,71";0
ALMACEN REPARACIONES;DISTRIGAL SL;NINGUNA;0 - SIN FAMILIA; -; -; -; -;Mueble Auxiliar;;04371001010094;ACCESORIO C INVENTARIABLE NINGUNA;4371INV;0;60;60;0;120;No;0;"37,32";0;;;;;;07/02/2026;07/02/2026;S;N;S;S;VENDER;;;0;"2239,2";0
ALMACEN REPARACIONES;DISTRIGAL SL;NINGUNA;00001 - Muebles;00056 - Auxiliares;00001 - Mueble Auxiliar;00099 - Acc. Auxiliar; -;Mueble Auxiliar;;04376001010488;ACCESORIO MOBILIARIO C INVENTARIABLE;"""C""";0;16;15;0;31;No;0;"5,15";0;;;;;;30/01/2026;15/12/2025;S;N;S;S;VENDER;;;0;"82,4";0
ALMACEN REPARACIONES;DISTRIGAL SL;NINGUNA;00001 - Muebles;00057 - Asientos;00002 - Sofás;00003 - Butacas; -;Asientos;;00588001010238;"BUTACA RELAX POWER LIFT CONDAL,#ACABADO EN BEIGE";X0022114PL BEI;0;0;-1;0;-1;No;"171,51";"152,92";349;;;;"0,469818911174785";"0,469818911174785";24/01/2024;24/01/2024;S;N;S;S;VENDER;;;0;0;0
ALMACEN REPARACIONES;DISTRIGAL SL;NINGUNA;00001 - Muebles;00058 - Terraza y Jardín;00001 - Terraza y Jardin;00001 - Mesas; -;Terraza y Jardín;6309968;00588001010063;CONJUNTO (MESA COMEDOR+ 6 SILLONES) COLOMBIA;;0;0;-1;0;-1;No;"271,22";"226,55";399;;279;399;"0,312968671679198";"0,017471326164875";;23/05/2025;S;S;N;N;LIQUIDACION;;2;0;0;0
ALMACEN REPARACIONES;DISTRIGAL SL;NINGUNA;00001 - Muebles;00059 - Descanso;00001 - Colchonería;00001 - Colchones; -;Descanso;;04371001010146;COLCHON 135X190 SOLEA E015SO135190A 000;E015SO135190A 000;0;0;-1;0;-1;No;"65,36";"65,36";"318,8";;"159,4";"318,8";"0,751927227101631";"0,503854454203262";28/11/2025;02/12/2025;S;S;S;S;VENDER;8435541978822;;0;0;0
ALMACEN REPARACIONES;DISTRIGAL SL;PRIEGO;00001 - Muebles;00050 - Dormitorios Matrimonio;00001 - Dormitorio;00003 - Armarios; -;Dormitorios matrimonio;6256910-43357;04376001010422;"ARMARIO 2 P.CORREDERAS 207,6X180X055 PRIEGO,#ACABADO EN CAMBRIAN GRAFITO C029PRIEGOA2PCCBG";C029PRIEGOA2PCCBG;0;0;-1;0;-1;No;"189,14";"189,14";"376,38";;;;"0,391945905733567";"0,391945905733567";07/02/2026;07/02/2026;S;N;S;S;COLECCION STOCK;8435541922054;;0;0;0
ALMACEN REPARACIONES;DISTRIGAL SL;PRIEGO;00001 - Muebles;00050 - Dormitorios Matrimonio;00001 - Dormitorio;00015 - Dormitorio S/Armario; -;Dormitorios matrimonio;6394473;04376001010243;DORMITORIO MATRIMONIO SIN ARMARIO N  15 PRIEGO GRAFITO-CAMBRIAN;GRAFITO-CAMBRIAN;0;0;-1;0;-1;No;"211,03";"211,03";"418,26";;;;"0,389503418926027";"0,389503418926027";30/01/2026;28/01/2026;S;N;S;S;COLECCION STOCK;;;0;0;0
ALMACEN REPARACIONES;DISTRIGAL SL;RAMBLA;00001 - Muebles;00050 - Dormitorios Matrimonio;00001 - Dormitorio;00003 - Armarios; -;Dormitorios matrimonio;6260027;04376001010062;"ARMARIO 2 PUERTAS CORREDERAS 207,6X180X55 RAMBLA CENIZA-NEGRO";C029RAMBLA2A2PCNN;0;1;0;0;1;No;"189,14";"187,9";"376,38";;;;"0,39593230246028";"0,39593230246028";12/11/2025;26/11/2025;S;N;S;S;VENDER;8435541922153;;"189,14";"187,9";"376,38"
ALMACEN REPARACIONES;DISTRIGAL SL;RAMBLA;00001 - Muebles;00050 - Dormitorios Matrimonio;00001 - Dormitorio;00006 - Cómodas; -;Dormitorios matrimonio;6260031;04376001010065;"COMODA 89,6X89X39,6 RAMBLA CENIZA-NEGRO";C029RAMBLA2COMCNN;0;0;-2;0;-2;No;"71,7";"71,7";139;;;;"0,375848920863309";"0,375848920863309";07/02/2026;07/02/2026;S;N;S;S;VENDER;8435541922184;;0;0;0
ALMACEN REPARACIONES;DISTRIGAL SL;RAMBLA;00001 - Muebles;00051 - Camas juveniles;00001 - Convencional;00025 - Dormitorio S/Armario; -;Salón;6396329;04376001010331;CONJUNTO CABECERO PATAS+2 MESITAS CENIZA-NEGRO RAMBLA;;0;0;-2;0;-2;No;"105,96";"108,09";209;;;;"0,374215789473684";"0,374215789473684";07/02/2026;07/02/2026;S;N;S;S;VENDER;;;0;0;0
ALMACEN REPARACIONES;DISTRIGAL SL;REACONDICIONADO;00001 - Muebles;00050 - Dormitorios Matrimonio;00001 - Dormitorio;00005 - Mesitas de noche; -;Dormitorios matrimonio;6302039;04376001010117;"CABECERO 210X55X4,8 CM CALI CAMBRIAN-BLANCO REACONDICIONADO";CAMBRIAN-BLANCO;0;1;1;0;2;No;"31,18";"29,03";"60,9";;39;"62,9";"0,423213464696223";"0,099325641025641";17/04/2021;;S;S;N;N;LIQUIDACION;;1;"31,18";"29,03";"60,9"
ALMACEN REPARACIONES;DISTRIGAL SL;REACONDICIONADO;00001 - Muebles;00059 - Descanso;00001 - Colchonería;00010 - Base tapizada; -;Descanso;;04371001010185;BASE TAPIZADA 3D 135X190 COVADONGA B017COV135190PBEI + 6 PATAS REACONDICIONADO A;B017COV135190PBEI;0;0;-1;0;-1;No;"37,03";"37,03";"83,3";;"56,01";"83,3";"0,462109243697479";"0,200030351722907";;24/07/2025;S;N;N;N;LIQUIDACION;;;0;0;0
ALMACEN REPARACIONES;DISTRIGAL SL;RIO;00001 - Muebles;00057 - Asientos;00002 - Sofás;00008 - Chaise longues; -;Asientos;;00588001010313;"CHAISELONGUE C/ARCON IZQDA. MOD. RIO TAP. MAGNOL,#ACABADO EN CEMENTO";I012RIOBSHI000ECEM;0;0;-1;0;-1;No;"294,5";"294,5";"593,92";;;;"0,400011786099138";"0,400011786099138";17/09/2025;19/09/2025;S;N;S;S;VENDER;;;0;0;0
ALMACEN REPARACIONES;DISTRIGAL SL;RORY;00001 - Muebles;00057 - Asientos;00002 - Sofás;00001 - Sillas; -;Asientos;6397085;00588001010130;SILLA RORY BEIG;BEIG;0;2;-4;0;-2;No;"22,99";23;"46,86";;"42,9";"46,86";"0,406103286384977";"0,351282051282051";30/01/2026;12/02/2026;S;N;S;S;COLECCION STOCK;8435676709056;;"45,98";46;"93,72"
ALMACEN REPARACIONES;DISTRIGAL SL;RORY;00001 - Muebles;00057 - Asientos;00002 - Sofás;00001 - Sillas; -;Asientos;6397086;00588001010131;SILLA RORY GRIS;GRIS;0;0;-8;0;-8;No;"22,99";"23,06";"46,86";;"42,9";"46,86";"0,404553990610329";"0,349589743589744";06/02/2026;21/01/2026;S;N;S;S;COLECCION STOCK;8435676710724;;0;0;0
ALMACEN REPARACIONES;DISTRIGAL SL;SAKURA;00001 - Muebles;00057 - Asientos;00002 - Sofás;00001 - Sillas; -;Asientos;6255482;00588001010019;SILLA PATAS CROMADAS SAKURA TAP.JARAMA MARENGO M023 DC-A141S MRG;TAP.JARAMA MARENGO M023 DC-A141S MRG;0;1;1;0;2;No;"19,61";"18,67";"39,91";;;;"0,433958907541969";"0,433958907541969";;;S;S;N;N;LIQUIDACION;8435541977382;;"19,61";"18,67";"39,91"
ALMACEN REPARACIONES;DISTRIGAL SL;SENSEI;00001 - Muebles;00052 - Salón;00001 - Convencional;00002 - Mesas de comedor; -;Salón;6255487;00588001010024;MESA COMEDOR TAPA CRISTAL FIJA 75X150X90 SENSEI CAMBRIA;WEBMONCON04;0;0;-1;0;-1;No;"79,03";"79,1";"154,73";;;;"0,381432172170878";"0,381432172170878";09/01/2026;04/02/2026;S;N;S;S;VENDER;8435541981648;;0;0;0
ALMACEN REPARACIONES;DISTRIGAL SL;SENSEI;00001 - Muebles;00057 - Asientos;00002 - Sofás;00001 - Sillas; -;Asientos;6255489;00588001010025;SILLA PATAS CROMADAS RESPALDO MADERA FORRADA SENSEI TAP.PU NEGRO;TAP.PU NEGRO;0;0;-2;0;-2;No;"28,94";"29,8";"58,84";;;;"0,38718558803535";"0,38718558803535";30/01/2026;05/02/2026;S;N;S;N;OFERTA;8435541942588;2;0;0;0
ALMACEN REPARACIONES;DISTRIGAL SL;SIL30MM;00001 - Muebles;00059 - Descanso;00001 - Colchonería;00009 - Canapes; -;Descanso;6392015-22;04371001010076;"CANAPE 150X190 TAPA 3D VOLVO SIL30MM,#ACABADO EN BLANCO";;0;1;1;0;2;No;"109,95";"114,15";269;;"242,1";269;"0,48653717472119";"0,429485749690211";;21/05/2024;S;N;N;N;LIQUIDACION;;;"109,95";"114,15";269
ALMACEN REPARACIONES;DISTRIGAL SL;SIL30MM;00001 - Muebles;00059 - Descanso;00001 - Colchonería;00009 - Canapes; -;Descanso;6392018-22;04371001010075;"CANAPE 135X190 TAPA 3D VOLVO SIL30MM,#ACABADO EN BLANCO";;0;1;1;0;2;No;"102,1";"106,1";259;;"233,1";259;"0,504320463320463";"0,449244959244959";;01/02/2024;S;N;N;N;LIQUIDACION;;;"102,1";"106,1";259
ALMACEN REPARACIONES;DISTRIGAL SL;SIL30MM;00001 - Muebles;00059 - Descanso;00001 - Colchonería;00009 - Canapes; -;Descanso;6400172-42735;04371001010061;"CANAPE 090X190 TAPA 3D NAVIA SIL30MM,#ACABADO EN CAMBRIAN";;0;1;1;0;2;No;"79,72";"80,07";229;;"206,1";229;"0,576922707423581";"0,529914119359534";;10/11/2023;S;N;N;N;LIQUIDACION;8435676709841;;"79,72";"80,07";229
ALMACEN REPARACIONES;DISTRIGAL SL;SIL30MM;00001 - Muebles;00059 - Descanso;00001 - Colchonería;00009 - Canapes; -;Descanso;6400173-40615;04371001010062;"CANAPE 135X190 TAPA 3D NAVIA SIL30MM,#ACABADO EN ARTICO";;0;1;1;0;2;No;"90,34";90;259;;149;259;"0,579536679536679";"0,269127516778523";22/09/2023;18/03/2024;S;N;N;N;LIQUIDACION;;;"90,34";90;259
ALMACEN REPARACIONES;DISTRIGAL SL;SIL30MM;00001 - Muebles;00059 - Descanso;00001 - Colchonería;00009 - Canapes; -;Descanso;6401703;04371001010126;"CANAPE 135X190 TAPA 3D VALLE SIL30MM,#ACABADO EN BLANCO WEB SILVAL135 BLA";WEB SILVAL135 BLA;0;3;3;0;6;No;"93,52";"93,53";259;;149;259;"0,563045173745174";"0,240461073825503";14/11/2025;28/11/2025;S;N;S;S;LIQUIDACION*;;;"280,56";"280,59";777
ALMACEN REPARACIONES;DISTRIGAL SL;SIL30MM;00001 - Muebles;00059 - Descanso;00001 - Colchonería;00009 - Canapes; -;Descanso;6401703-22;04371001010077;"CANAPE 090X190 TAPA 3D VALLE SIL30MM,#ACABADO EN BLANCO WEB SILVAL90 BLA";WEB SILVAL90 BLA;0;2;3;0;5;No;"79,86";"81,58";"211,01";;119;"224,39";"0,532193734894081";"0,170489075630252";03/10/2025;26/11/2025;S;N;S;S;LIQUIDACION*;;;"159,72";"163,16";"422,02"
ALMACEN REPARACIONES;DISTRIGAL SL;SIL30MM;00001 - Muebles;00059 - Descanso;00001 - Colchonería;00009 - Canapes; -;Descanso;;04371001010108;"CANAPE 090X190 TAPA 3D RIBERA SIL30MM,#ACABADO EN ARTICO";WEB SILNAV90;0;1;1;0;2;No;"79,87";"77,76";"174,44";;157;"174,44";"0,460619124054116";"0,400703184713376";06/08/2024;06/08/2024;S;N;N;N;LIQUIDACION;;;"79,87";"77,76";"174,44"
ALMACEN REPARACIONES;DISTRIGAL SL;SIL30MM;00001 - Muebles;00059 - Descanso;00001 - Colchonería;00009 - Canapes; -;Descanso;;04371001010109;"CANAPE 135X190 TAPA 3D RIBERA SIL30MM,#ACABADO EN ARTICO";WEB SILNAV135;0;0;-1;0;-1;No;"90,11";"89,71";"195,99";;149;"199,97";"0,446149803561406";"0,27148255033557";11/09/2024;13/09/2024;S;N;N;N;LIQUIDACION;;;0;0;0
ALMACEN REPARACIONES;DISTRIGAL SL;SIL30MM;00001 - Muebles;00059 - Descanso;00001 - Colchonería;00009 - Canapes; -;Descanso;;04371001010111;"CANAPE 150X190 TAPA 3D RIBERA SIL30MM,#ACABADO EN BLANCO";WEB SILNAV150;0;2;2;0;4;No;"95,89";"92,94";"208,5";;159;"208,5";"0,460635971223022";"0,292720754716981";19/06/2024;01/08/2025;S;N;S;S;VENDER;;;"191,78";"185,88";417
ALMACEN REPARACIONES;DISTRIGAL SL;SIL30MM;00001 - Muebles;00059 - Descanso;00001 - Colchonería;00009 - Canapes; -;Descanso;;04371001010112;"CANAPE 150X190 TAPA 3D RIBERA SIL30MM,#ACABADO EN ARTICO";WEB SILNAV150;0;1;1;0;2;No;"95,89";"93,02";"208,5";;159;"208,5";"0,46017170263789";"0,292111949685535";21/06/2024;24/06/2024;S;N;S;S;VENDER;;;"95,89";"93,02";"208,5"
ALMACEN REPARACIONES;DISTRIGAL SL;SIL30MM;00001 - Muebles;00059 - Descanso;00001 - Colchonería;00009 - Canapes; -;Descanso;;04371001010113;"CANAPE 105X190 TAPA 3D RIBERA SIL30MM,#ACABADO EN CAMBRIAN";WEB SILNAV105;0;1;1;0;2;No;"81,72";"79,59";"177,53";;"159,78";"177,53";"0,457534501211063";"0,397271873826511";19/06/2024;05/07/2024;S;N;N;N;LIQUIDACION;;;"81,72";"79,59";"177,53"
ALMACEN REPARACIONES;DISTRIGAL SL;SIL30MM;00001 - Muebles;00059 - Descanso;00001 - Colchonería;00009 - Canapes; -;Descanso;;04371001010115;"CANAPE 135X190 TAPA 3D RIBERA SIL30MM,#ACABADO EN BLANCO";WEB SILNAV135;0;2;2;0;4;No;"90,11";"86,59";"195,99";;"176,39";"195,99";"0,465412010816878";"0,406009977889903";16/08/2024;14/05/2025;S;N;S;S;VENDER;;;"180,22";"173,18";"391,98"
ALMACEN REPARACIONES;DISTRIGAL SL;SIL30MM;00001 - Muebles;00059 - Descanso;00001 - Colchonería;00009 - Canapes; -;Descanso;;04371001010116;"CANAPE 105X190 TAPA 3D RIBERA SIL30MM,#ACABADO EN ARTICO";WEB SILNAV105;0;1;1;0;2;No;"81,72";"78,23";"177,53";;"159,78";"177,53";"0,466803920464147";"0,407571035173363";12/06/2024;14/11/2024;S;N;N;N;LIQUIDACION;;;"81,72";"78,23";"177,53"
ALMACEN REPARACIONES;DISTRIGAL SL;SIL30MM;00001 - Muebles;00059 - Descanso;00001 - Colchonería;00009 - Canapes; -;Descanso;;04371001010118;"CANAPE 150X190 TAPA 3D RIBERA SIL30MM,#ACABADO EN CAMBRIAN";WEB SILNAV150;0;4;3;0;7;No;"95,89";"92,88";"208,5";;159;"208,5";"0,460984172661871";"0,293177358490566";21/06/2024;16/10/2025;S;N;S;S;VENDER;;;"383,56";"371,52";834
ALMACEN REPARACIONES;DISTRIGAL SL;SIL30MM;00001 - Muebles;00059 - Descanso;00001 - Colchonería;00009 - Canapes; -;Descanso;;04371001010121;"CANAPE 135X190 TAPA 3D RIBERA SIL30MM,#ACABADO EN CAMBRIAN";WEB SILNAV135;0;3;3;0;6;No;"90,11";"87,73";"195,99";;"176,39";"195,99";"0,458373896627379";"0,398189806678383";16/08/2024;25/02/2025;S;N;N;N;LIQUIDACION;;;"270,33";"263,19";"587,97"
ALMACEN REPARACIONES;DISTRIGAL SL;SIL30MM;00001 - Muebles;00059 - Descanso;00001 - Colchonería;00009 - Canapes; -;Descanso;;04371001010130;"CANAPE 150X190 TAPA 3D VALLE SIL30MM,#ACABADO EN CAMBRIAN WEB SILVAL150 CBR";WEB SILVAL150 CBR;0;7;2;0;9;No;"102,44";"95,99";269;;159;269;"0,56822342007435";"0,269510062893082";24/09/2025;05/02/2026;S;N;S;S;LIQUIDACION*;;;"717,08";"671,93";1883
ALMACEN REPARACIONES;DISTRIGAL SL;SIL30MM;00001 - Muebles;00059 - Descanso;00001 - Colchonería;00009 - Canapes; -;Descanso;;04371001010131;"CANAPE 150X190 TAPA 3D VALLE SIL30MM,#ACABADO EN ARTICO WEB SILVAL150 ART";WEB SILVAL150 ART;0;7;4;0;11;No;"95,88";"99,18";"251,77";;159;269;"0,523343527823013";"0,245233962264151";02/02/2026;02/02/2026;S;N;S;S;LIQUIDACION*;;;"671,16";"694,26";"1762,39"
ALMACEN REPARACIONES;DISTRIGAL SL;SIL30MM;00001 - Muebles;00059 - Descanso;00001 - Colchonería;00009 - Canapes; -;Descanso;;04371001010134;"CANAPE 150X190 TAPA 3D VALLE SIL30MM,#ACABADO EN BLANCO WEB SILVAL150 BLA";WEB SILVAL150 BLA;0;5;3;0;8;No;"102,44";"100,24";269;;159;269;"0,549106319702602";"0,237167295597484";15/10/2025;19/01/2026;S;N;S;S;LIQUIDACION*;;;"512,2";"501,2";1345
ALMACEN REPARACIONES;DISTRIGAL SL;SIL30MM;00001 - Muebles;00059 - Descanso;00001 - Colchonería;00009 - Canapes; -;Descanso;;04371001010136;"CANAPE 105X190 TAPA 3D VALLE SIL30MM,#ACABADO EN BLANCO WEB SILVAL105 BLA";WEB SILVAL105 BLA;0;3;1;0;4;No;"90,88";"90,37";239;;139;239;"0,542478242677824";"0,213325899280576";21/08/2025;17/12/2025;S;N;S;S;LIQUIDACION*;;;"272,64";"271,11";717
ALMACEN REPARACIONES;DISTRIGAL SL;SIL30MM;00001 - Muebles;00059 - Descanso;00001 - Colchonería;00009 - Canapes; -;Descanso;;04371001010138;"CANAPE 105X190 TAPA 3D VALLE SIL30MM,#ACABADO EN CAMBRIAN WEB SILVAL105 CBR";WEB SILVAL105 CBR;0;1;-3;0;-2;No;"90,88";"81,86";239;;139;"234,2";"0,585562343096234";"0,287405755395683";04/02/2026;04/02/2026;S;N;S;S;LIQUIDACION*;;;"90,88";"81,86";239
ALMACEN REPARACIONES;DISTRIGAL SL;SOLANA;00001 - Muebles;00050 - Dormitorios Matrimonio;00001 - Dormitorio;00015 - Dormitorio S/Armario; -;Dormitorios matrimonio;;04376001010815;DORMITORIO MATRIMONIO MOD.SOLANA MAUVELLA-RAYAS;WEB SOLANADOR;0;0;-2;0;-2;No;"145,8";"145,8";289;;239;289;"0,389557093425606";"0,261849372384937";30/01/2026;26/01/2026;S;N;S;S;COLECCION STOCK;;;0;0;0
ALMACEN REPARACIONES;DISTRIGAL SL;SOTO;00001 - Muebles;00052 - Salón;00002 - Salón comedor;00004 - Comedores completos; -;Salón;;04376001010805;"ESTANTERIA 174x129x32,8 CM SOTO 3-C BLANCO ROBLE";C029SOTOESTAN BLE;0;0;-1;0;-1;No;"56,31";"56,21";"110,65";;;;"0,385322187076367";"0,385322187076367";05/11/2025;18/11/2025;S;N;S;S;VENDER;;;0;0;0
ALMACEN REPARACIONES;DISTRIGAL SL;SOTO 2;00001 - Muebles;00050 - Dormitorios Matrimonio;00001 - Dormitorio;00015 - Dormitorio S/Armario; -;Dormitorios matrimonio;6394469;04376001010241;DORMITORIO MATRIMONIO SIN ARMARIO AMBIENTE 01 SOTO 2 PUCCINI-TEXTIL;PUCCINI-TEXTIL;0;0;-1;0;-1;No;"160,23";"160,21";319;;;;"0,392306896551724";"0,392306896551724";14/02/2025;04/08/2025;S;S;S;S;COLECCION STOCK;;;0;0;0
ALMACEN REPARACIONES;DISTRIGAL SL;SOTO 2;00001 - Muebles;00050 - Dormitorios Matrimonio;00001 - Dormitorio;00015 - Dormitorio S/Armario; -;Dormitorios matrimonio;6396946;04376001010334;DORMITORIO MATRIMONIO S/ARMARIO A.7 AND.PINO-ROBLE SOTO 2 WEBSOTO41;WEBSOTO41;0;1;0;0;1;No;"158,92";"159,02";"316,39";;;;"0,391844874996049";"0,391844874996049";07/02/2026;07/02/2026;S;N;S;S;COLECCION STOCK;;;"158,92";"159,02";"316,39"
ALMACEN REPARACIONES;DISTRIGAL SL;TECA;00001 - Muebles;00052 - Salón;00001 - Convencional;00002 - Mesas de comedor; -;Salón;6299276;00588001010052;CONJUNTO MESA COMEDOR FIJA + 4 SILLAS TECA;;0;1;1;0;2;No;"129,2";"129,25";"251,42";;;;"0,37796316919895";"0,37796316919895";05/11/2025;08/11/2025;S;S;S;S;VENDER;;;"129,2";"129,25";"251,42"
ALMACEN REPARACIONES;DISTRIGAL SL;YURI;00001 - Muebles;00057 - Asientos;00002 - Sofás;00001 - Sillas; -;Asientos;6380257;00588001010108;SILLA PATAS NEGRO YURI TAP.JARAMA MARENGO;TAP.JARAMA MARENGO;0;1;1;0;2;No;"10,64";"11,18";"21,63";;"21,9";"23,58";"0,374581599630143";"0,382292237442922";09/01/2026;12/01/2026;S;N;S;S;COLECCION STOCK;8435676709933;;"10,64";"11,18";"21,63"
ALMACEN REPARACIONES;DISTRIGAL SL;YURI;00001 - Muebles;00057 - Asientos;00002 - Sofás;00001 - Sillas; -;Asientos;6380260;00588001010109;SILLA PATAS BLANCO YURI TAP.JARAMA MARENGO;TAP.JARAMA MARENGO;0;1;-5;0;-4;No;"10,64";"10,69";"21,94";;"19,9";"21,94";"0,410442114858706";"0,350005025125628";19/12/2025;10/02/2026;S;N;S;S;COLECCION STOCK;8435676709957;;"10,64";"10,69";"21,94"
ALMACEN REPARACIONES;DISTRIGAL SL;ZAFIRO;00001 - Muebles;00052 - Salón;00002 - Salón comedor;00004 - Comedores completos; -;Salón;6331160-22;00588001010157;"COMPOSICION UNICA LEDS 250 CM. ZAFIRO,#ACABADO EN BLANCO C029COMPZAFIROBLA";C029COMPZAFIROBLA;0;0;-1;0;-1;No;"134,65";"134,65";269;;;;"0,394325278810409";"0,394325278810409";12/02/2025;07/03/2025;S;N;S;S;COLECCION STOCK;8435541942335;;0;0;0
ALMACEN REPARACIONES;DISTRIGAL SL;ZAFIRO;00001 - Muebles;00052 - Salón;00002 - Salón comedor;00004 - Comedores completos; -;Salón;6331160-37661;00588001010158;"COMPOSICION UNICA LEDS 250 CM. ZAFIRO,#ACABADO EN BLANCO GRAFITO";;0;1;1;0;2;No;"134,65";"134,63";269;;;;"0,394415241635688";"0,394415241635688";14/02/2025;26/09/2025;S;N;N;N;LIQUIDACION;;;"134,65";"134,63";269
ALMACEN REPARACIONES;DISTRIGAL SL;ZAFIRO;00001 - Muebles;00052 - Salón;00002 - Salón comedor;00004 - Comedores completos; -;Salón;6331160-49376;00588001010159;"COMPOSICION UNICA LEDS 250 CM. ZAFIRO,#ACABADO EN ANDERSEN PINO GRIS C029COMPZAFIROAPG";C029COMPZAFIROAPG;0;0;-1;0;-1;No;"140,09";"140,09";"279,87";;;;"0,394329867438454";"0,394329867438454";20/01/2026;20/01/2026;S;N;S;S;VENDER;8435541942281;;0;0;0
ALMACEN REPARACIONES;DUGAR HOME S.L.;NINGUNA;00001 - Muebles;00052 - Salón;00001 - Convencional;00002 - Mesas de comedor; -;Salón;;01178001010167;"MESA COMEDOR 180X90X75 DUGAR DT-912,#ACABADO EN PATA COLOR NOGAL";DT-912;0;0;-2;0;-2;No;"237,52";"131,93";469;;"422,1";469;"0,659626226012793";"0,621806917791992";02/02/2026;04/02/2026;S;N;S;S;VENDER;;;0;0;0
ALMACEN REPARACIONES;DUGAR HOME S.L.;NINGUNA;00001 - Muebles;00056 - Auxiliares;00001 - Mueble Auxiliar;00006 - Mesas; -;Mueble Auxiliar;6331571;01178001010059;MESA CENTRO DUGAR CT-227;CT-227;0;0;-1;0;-1;No;171;"142,52";329;;189;329;"0,47583829787234";"0,08757037037037";23/12/2024;27/10/2025;S;S;N;N;LIQUIDACION;;3;0;0;0
ALMACEN REPARACIONES;DUGAR HOME S.L.;NINGUNA;00001 - Muebles;00057 - Asientos;00002 - Sofás;00001 - Sillas; -;Asientos;;01178001010198;"SILLA DUGAR DC-900,#ACABADO EN GRIS OSCURO";DC-900;0;0;-2;0;-2;No;"68,4";"68,4";"155,22";;"91,9";"155,22";"0,466795516041747";"0,099412404787813";;14/12/2024;S;N;S;S;VENDER;;2;0;0;0
ALMACEN REPARACIONES;DUGAR HOME S.L.;NINGUNA;00001 - Muebles;00057 - Asientos;00002 - Sofás;00001 - Sillas; -;Asientos;;01178001010219;SILLA MADERA DC-901 NOGAL;DC-901;0;1;0;0;1;No;"75,98";"42,79";"153,14";;99;153;"0,661904792999869";"0,477011111111111";09/02/2026;22/01/2026;S;N;S;N;OFERTA;;;"75,98";"42,79";"153,14"
ALMACEN REPARACIONES;EKORNES IBERICA SL UNIPERSONAL;NINGUNA;00001 - Muebles;00057 - Asientos;00002 - Sofás;00002 - Butacas; -;Asientos;;01031001010111;SILLON SIGNATURE+PUF (M)  GRUPO 1 SUNRISE;1237315;0;0;-1;0;-1;No;"1106,02";"1196,89";2439;;1609;2439;"0,406216933169332";"0,099914916096955";05/06/2024;07/06/2024;S;N;N;N;LIQUIDACION;;;0;0;0
ALMACEN REPARACIONES;EKORNES IBERICA SL UNIPERSONAL;NINGUNA;00001 - Muebles;00057 - Asientos;00002 - Sofás;00002 - Butacas; -;Asientos;;01031001010112;ACCESORIO  C INVENTARIABLE;INV1031;0;1;1;0;2;No;0;0;0;;;;;;26/03/2024;;S;N;N;N;LIQUIDACION;;;0;0;0
ALMACEN REPARACIONES;ELECTRODOMESTICOS IBERIA S.L;FAGOR;00002 - Electrodomesticos;00006 - Gran Electrodoméstico;00003 - Lavado;00001 - Lavadoras; -;Gran Electrodoméstico;;04453001010060;LAVADORA 9 KG.1400 RPM A FAGOR 3FE-9214;3FE9214;0;0;-1;0;-1;No;279;"289,09";"538,57";;417;"538,57";"0,35050429841989";"0,161153717026379";11/12/2024;15/03/2024;S;N;S;N;OFERTA;8435582503250;;0;0;0
ALMACEN REPARACIONES;"ELECTRODOMESTICOS JATA, S.A.";JATA;00002 - Electrodomesticos;00007 - Pequeño Electrodoméstico;00002 - Aseo;00011 - Corta pelo; -;Pequeño Electrodoméstico;;00364001010114;CORTAPELO JATA PERFILADOR NARIZ OREJAS CN15B;CN15B;0;0;-4;0;-4;No;"5,53";"5,85";"10,9";;"8,95";"10,9";"0,350596330275229";"0,209106145251397";22/01/2026;10/09/2025;S;N;S;S;COLECCION;8421078031154;;0;0;0
ALMACEN REPARACIONES;ELECTRODOMESTICOS TAURUS S.L.;TAURUS;00001 - Muebles;00054 - Menaje;00001 - Servicio Cocina;00008 - Cafeteras; -;Menage;6352148;00163001010058;CAFETERA ITALIANA 12T. KCP90012I TAURUS 984083000;984083000;0;1;0;0;1;No;"17,64";"18,06";"28,36";;;;"0,229456981664316";"0,229456981664316";02/05/2024;08/10/2024;S;N;S;N;OFERTA;8414234840837;;"17,64";"18,06";"28,36"
ALMACEN REPARACIONES;ELECTRODOMESTICOS TAURUS S.L.;TAURUS;00002 - Electrodomesticos;00007 - Pequeño Electrodoméstico;00001 - Cocina;00011 - Freidoras; -;Pequeño Electrodoméstico;6299231;00163001010035;"FREIDORA 4,5L TAURUS AQUAFRY";AQUAFRY;0;1;0;0;1;No;"126,8";"114,49";219;;155;219;"0,367429680365297";"0,10623935483871";;17/12/2025;S;S;N;N;LIQUIDACION;8414234729132;1;"126,8";"114,49";219
ALMACEN REPARACIONES;ELECTROLUX ESPAÑA S.A.U.;AEG;00002 - Electrodomesticos;00006 - Gran Electrodoméstico;00003 - Lavado;00001 - Lavadoras;00009 - Lavadoras integrable-panelable;Gran Electrodoméstico;;04349001010077;LAVADORA AEG 8 KG  INTEGRABLE 1400 RPM CLASE-B INVERTER DISPLAY XL PRO STEAM LFN7G8434F;LFN7G8434F;0;0;-1;0;-1;No;"479,59";"467,37";"847,93";;739;"847,93";"0,333060865873362";"0,234752774018945";11/12/2025;12/12/2025;S;N;S;S;COLECCION;7332543989645;;0;0;0
ALMACEN REPARACIONES;ELECTROLUX ESPAÑA S.A.U.;AEG;00002 - Electrodomesticos;00006 - Gran Electrodoméstico;00003 - Lavado;00002 - Lavavajillas; -;Gran Electrodoméstico;6361737;04349001010028;LAVAVAJILLAS AEG INTEGRABLE  CLASE-E 13 CUB. INVERTER AIRDRY PUERTA DESLIZANTE 49 DB FSB32610Z;FSB32610Z;0;0;-1;0;-1;No;"331,74";"329,89";"611,26";;529;"611,26";"0,346976900173412";"0,245431190926276";22/01/2026;12/01/2026;S;N;S;S;COLECCION;7333394014302;0;0;0;0
ALMACEN REPARACIONES;ELECTROLUX ESPAÑA S.A.U.;AEG;00002 - Electrodomesticos;00006 - Gran Electrodoméstico;00003 - Lavado;00002 - Lavavajillas; -;Gran Electrodoméstico;6385984;04349001010045;LAVAVAJILLAS 60 13 CUBIERTOS CLASE D AEG FFB53600ZW;FFB53600ZW;0;0;-1;0;-1;No;"356,73";"356,73";"617,25";;;;"0,300699392466586";"0,300699392466586";;21/05/2025;S;N;N;N;ULTIMAS UNIDADES;7332543532339;0;0;0;0
ALMACEN REPARACIONES;ELECTROLUX ESPAÑA S.A.U.;AEG;00002 - Electrodomesticos;00006 - Gran Electrodoméstico;00003 - Lavado;00002 - Lavavajillas; -;Gran Electrodoméstico;;04349001010088;"LAVAVAJILLAS (E) AEG CLASE-C 14 CUB. AIRDRY,DISPLAY DIGITAL XL, 3ª BANDEJA MAXISPACE, BRAZO ASPERSOR SATÉLITE, PROGRAMA AUTO, 30 MIN, EXTRAHIGIENE, MACHINE CARE, MOTOR INVERTER, 44 DB INOX FFB74927ZM";FFB74927ZM;0;2;0;0;2;No;"331,31";"331,63";"633,01";;559;668;"0,366088529407118";"0,282160465116279";12/02/2026;12/02/2026;S;N;S;S;COLECCION;7332543982424;4;"662,62";"663,26";"1266,02"
ALMACEN REPARACIONES;ELECTROLUX ESPAÑA S.A.U.;AEG;00002 - Electrodomesticos;00006 - Gran Electrodoméstico;00003 - Lavado;00002 - Lavavajillas; -;Gran Electrodoméstico;;04349001010089;"LAVAVAJILLAS AEG (E) CLASE-C 14 CUB. AIRDRY,DISPLAY DIGITAL XL, 3ª BANDEJA MAXISPACE, BRAZO ASPERSOR SATÉLITE, PROGRAMA AUTO, 30 MIN, EXTRAHIGIENE, MACHINE CARE, MOTOR INVERTER, 44 DB,BLANCO FFB74927ZW";FFB74927ZW;0;1;1;0;2;No;"355,89";"341,15";"719,12";;569;"719,12";"0,425976888419179";"0,274531634446397";26/01/2026;27/01/2026;S;N;S;S;EXCLUSIVO;7332543982431;"4,05";"355,89";"341,15";"719,12"
ALMACEN REPARACIONES;ELECTROLUX ESPAÑA S.A.U.;ELECTROLUX;00002 - Electrodomesticos;00006 - Gran Electrodoméstico;00001 - Coccion;00003 - Encimeras; -;Gran Electrodoméstico;6299064;00356001010005;ENCIMERA ELECTROLUX INDUCCION 3 F. HOB 2 HOOD 28 CM EXTRAPLANA SIN MARCO LIT60336C;LIT60336C;0;0;-1;0;-1;No;"211,72";"212,72";"402,51";;329;402;"0,360534645101985";"0,217655927051672";12/02/2026;07/02/2026;S;N;S;S;COLECCIÓN Y FOLLETO;7332543601233;0;0;0;0
ALMACEN REPARACIONES;ELECTROLUX ESPAÑA S.A.U.;ELECTROLUX;00002 - Electrodomesticos;00006 - Gran Electrodoméstico;00001 - Coccion;00003 - Encimeras; -;Gran Electrodoméstico;6360945;00356001010013;"ENCIMERA INDUCCION 3F.CONTROL FRITURA 7,3W ELECTROLUX EIF61342";EIF61342;0;1;1;0;2;No;"291,53";226;"390,53";;"287,92";"390,53";"0,299772104575833";"0,050222283967769";;;S;S;N;N;LIQUIDACION;7332543592562;;"291,53";226;"390,53"
ALMACEN REPARACIONES;ENCIMERAS HERMANOS ORTIZ S.L;NINGUNA;00003 - Cocinas;00002 - Cocina;00002 - Mobiliario;00005 - Encimera; -;Cocinas;;04783000000002;FACTURA PROFORMA 1173 REF BOHEME;1173 REF BOHEME;0;0;-1;0;-1;No;"1712,8";"1712,8";2706;;;;"0,234113821138211";"0,234113821138211";09/09/2025;27/09/2025;S;N;S;S;VENDER;;;0;0;0
ALMACEN REPARACIONES;EQUIPAMIENTOS P E RENOVAVEIS S.A.;NINGUNA;00002 - Electrodomesticos;00015 - Climatización;00001 - Climatización;00002 - Estufas; -;Climatización;6385194;01499001010000;ESTUFA DE PELLETS 8 KW.ROBLE FUJI COLLECTION SALAMANDRA K100;K100;0;0;-1;0;-1;No;"842,85";"842,85";"1449,7";;1099;1449;"0,296510657377388";"0,072021383075523";;12/11/2025;S;S;N;N;ULTIMAS UNIDADES;;15;0;0;0
ALMACEN REPARACIONES;ESOU  (LANGFANG) IMPORT AND EXPORT $APEL;CAMILA;00001 - Muebles;00057 - Asientos;00002 - Sofás;00001 - Sillas; -;Asientos;;04889000000002;SILLA CARLOTA DC-3111 UF920 10 GRIS CLARO;DC-3111;0;1;1;0;2;No;"28,04";"28,04";"69,9";;;;"0,514615164520744";"0,514615164520744";14/01/2026;04/02/2026;S;N;S;S;VENDER;;;"28,04";"28,04";"69,9"
ALMACEN REPARACIONES;ESOU  (LANGFANG) IMPORT AND EXPORT $APEL;CAMILA;00001 - Muebles;00057 - Asientos;00002 - Sofás;00001 - Sillas; -;Asientos;;04889000000003;SILLA CARLOTA DC-3111 UF920 01 BEIG;DC-3111-2;0;1;-2;0;-1;No;"28,04";"28,04";"69,9";;;;"0,514615164520744";"0,514615164520744";14/01/2026;09/02/2026;S;N;S;S;VENDER;;;"28,04";"28,04";"69,9"
ALMACEN REPARACIONES;ESOU  (LANGFANG) IMPORT AND EXPORT $APEL;CAMILA;00001 - Muebles;00057 - Asientos;00002 - Sofás;00001 - Sillas; -;Asientos;;04889000000004;SILLA CARLOTA DC-3111 UF920 03 MOSTAZA;DC-3111-2;0;1;1;0;2;No;"28,04";"28,04";"69,9";;;;"0,514615164520744";"0,514615164520744";14/01/2026;04/02/2026;S;N;S;S;VENDER;;;"28,04";"28,04";"69,9"
ALMACEN REPARACIONES;ESOU  (LANGFANG) IMPORT AND EXPORT $APEL;CORINA;00001 - Muebles;00057 - Asientos;00002 - Sofás;00001 - Sillas; -;Asientos;;04889000000006;SILLA CORINA DC-3116 ARAGON 70 AZUL;DC-3116-2;0;1;0;0;1;No;"44,25";"44,25";"95,9";;"86,9";"95,9";"0,441684045881126";"0,383860759493671";14/01/2026;06/02/2026;S;N;S;S;VENDER;;;"44,25";"44,25";"95,9"
ALMACEN REPARACIONES;ESOU  (LANGFANG) IMPORT AND EXPORT $APEL;ERIKA;00001 - Muebles;00057 - Asientos;00002 - Sofás;00001 - Sillas; -;Asientos;;04889000000011;SILLA ERIKA DC-3115 BJORN 28 BEIG;DC-3115;0;1;0;0;1;No;"37,65";"37,65";99;;"88,9";"98,65";"0,539833333333333";"0,487553430821147";14/01/2026;11/02/2026;S;N;S;S;VENDER;;;"37,65";"37,65";99
ALMACEN REPARACIONES;EUROPEAN HOME APPLIANCES SPAIN S.A;WHIRLPOOL;00002 - Electrodomesticos;00015 - Climatización;00001 - Climatización;00001 - Acondicionadores; -;Climatización;6278772;00189001010005;SPLIT INVERTER 3000 FR. A+++ R-32 WIFI WHIRLPOOL SPIW312A3WF.1;SPIW312A3WF.1;0;5;-1;0;4;No;329;"329,39";"642,32";;"469,05";"642,32";"0,379496356956034";"0,150278435134847";03/11/2025;22/12/2025;S;S;S;N;OFERTA;8003437224508;0;1645;"1646,95";"3211,6"
ALMACEN REPARACIONES;EUROPEAN HOME APPLIANCES SPAIN S.A;WHIRLPOOL;00002 - Electrodomesticos;00015 - Climatización;00001 - Climatización;00001 - Acondicionadores; -;Climatización;6312505;00189001010008;SPLIT INVERTER 2000 FR. A++ R-32 WHIRLPOOL SPIW309L;SPIW309L;0;0;-1;0;-1;No;215;"215,44";"420,11";;"306,79";"420,11";"0,379490133536455";"0,150290426676228";12/03/2024;19/03/2024;S;N;S;N;OFERTA;;0;0;0;0
ALMACEN REPARACIONES;EUROPEAN HOME APPLIANCES SPAIN S.A;WHIRLPOOL;00002 - Electrodomesticos;00015 - Climatización;00001 - Climatización;00001 - Acondicionadores; -;Climatización;6394272;00189001010028;SPLIT INVERTER 4500 FR. A++ R-32 WHIRLPOOL SPICR318W;SPICR318W;0;0;-2;0;-2;No;"408,42";"408,42";"796,42";;"520,33";"796,42";"0,379487958614801";"0,050240808717545";13/06/2024;05/12/2025;S;N;N;N;LIQUIDACION;8003437224560;0;0;0;0
ALMACEN REPARACIONES;EUROPEAN HOME APPLIANCES SPAIN S.A;WHIRLPOOL;00002 - Electrodomesticos;00015 - Climatización;00001 - Climatización;00001 - Acondicionadores; -;Climatización;6394273;00189001010029;SPLIT INVERTER 3000 FR. A++ R-32 WHIRLPOOL SPICR312W;SPICR312W;0;0;-5;0;-5;No;"263,46";"263,46";"513,74";;"375,17";"513,74";"0,379478724646708";"0,150287602953328";18/12/2024;07/01/2025;S;N;S;N;OFERTA;8003437224553;0;0;0;0
ALMACEN REPARACIONES;EUROPEAN HOME APPLIANCES SPAIN S.A;WHIRLPOOL;00002 - Electrodomesticos;00015 - Climatización;00001 - Climatización;00001 - Acondicionadores; -;Climatización;;00189001010035;SPLIT INVERTER 2200 FR. A++ R-32 WHIRLPOOL SPICR309WF;SPICR309WF;0;1;0;0;1;No;"238,38";"238,38";"464,85";;"339,45";"464,85";"0,379499193288157";"0,15027308882015";09/09/2025;09/09/2025;S;N;S;N;OFERTA;;0;"238,38";"238,38";"464,85"
ALMACEN REPARACIONES;EUROPEAN HOME APPLIANCES SPAIN S.A;WHIRLPOOL;00002 - Electrodomesticos;00015 - Climatización;00001 - Climatización;00001 - Acondicionadores; -;Climatización;;00189001010036;SPLIT INVERTER 3000 FR. A++ R-32 WHIRLPOOL SPICR312WF;SPICR312WF;0;1;-3;0;-2;No;"253,85";"253,85";"495,01";;"323,4";"495,01";"0,379490313327003";"0,050221088435374";18/06/2025;15/11/2025;S;N;N;N;LIQUIDACION;;0;"253,85";"253,85";"495,01"
ALMACEN REPARACIONES;EUROPEAN HOME APPLIANCES SPAIN S.A;WHIRLPOOL;00002 - Electrodomesticos;00015 - Climatización;00001 - Climatización;00001 - Acondicionadores; -;Climatización;;00189001010037;SPLIT INVERTER 4500 FR. A++ R-32 WHIRLPOOL SPICR318WF;SPICR318WF;0;0;-2;0;-2;No;"410,78";"410,78";"665,46";;;;"0,253082379106182";"0,253082379106182";25/08/2025;10/09/2025;S;N;S;S;VENDER;;0;0;0;0
ALMACEN REPARACIONES;FABRI KIT S.L.;CRETA;00001 - Muebles;00050 - Dormitorios Matrimonio;00001 - Dormitorio;00003 - Armarios; -;Dormitorios matrimonio;6332231-50829;00205001010664;ARMARIO 2 PTAS CORREDERA ALFA 200X239 CM COMPLETO CRETA BC1751;BC1751;0;0;-1;0;-1;No;655;"475,62";"1320,93";;;;"0,56432195498626";"0,56432195498626";;21/12/2023;S;S;N;N;LIQUIDACION;;;0;0;0
ALMACEN REPARACIONES;FABRI KIT S.L.;CRETA BASIC V6;00001 - Muebles;00050 - Dormitorios Matrimonio;00001 - Dormitorio;00003 - Armarios; -;Dormitorios matrimonio;;00205001010806;ARMARIO 2 PTAS CORREDERA 200X239 CM 1751 CON CAJONERA+ESTANTE;1751;0;1;0;0;1;No;"509,17";"488,63";"1026,85";;;;"0,424217461167649";"0,424217461167649";23/01/2026;15/12/2025;S;S;S;S;COLECCION STOCK;;;"509,17";"488,63";"1026,85"
ALMACEN REPARACIONES;FABRI KIT S.L.;CRETA BASIC V6;00001 - Muebles;00050 - Dormitorios Matrimonio;00001 - Dormitorio;00015 - Dormitorio S/Armario; -;Dormitorios matrimonio;;00205001010745;DORMITORIO SIN ARMARIO  COMP. 09 LEVOS SHAMAL-DETALLES GRIS TORMENTA;COMP. 09 LEVOS;0;0;-1;0;-1;No;"353,38";"342,07";"712,66";;;;"0,419211545477507";"0,419211545477507";23/01/2026;07/02/2026;S;N;S;S;COLECCION STOCK;;;0;0;0
ALMACEN REPARACIONES;FABRI KIT S.L.;CRETA BASIC V6;00001 - Muebles;00050 - Dormitorios Matrimonio;00001 - Dormitorio;00015 - Dormitorio S/Armario; -;Dormitorios matrimonio;;00205001012741;DORMITORIO SIN ARMARIO  COMP. 09 LEVOS ALBO-DETALLES GRIS TORMENTA;COMP. 09 LEVOS;0;0;-1;0;-1;No;"353,38";"335,67";"712,66";;;;"0,430077877248618";"0,430077877248618";31/01/2025;03/03/2025;S;N;S;S;COLECCION;;;0;0;0
ALMACEN REPARACIONES;FABRI KIT S.L.;CRETA TOP;00001 - Muebles;00050 - Dormitorios Matrimonio;00001 - Dormitorio;00014 - Dormitorios completos; -;Dormitorios matrimonio;;00205001012188;DORMITORIO SIN ARMARIO   LINK31 CALIFORNIA - IRIS;LINK31;0;0;-1;0;-1;No;"379,14";"362,12";"764,62";;;;"0,426950380581204";"0,426950380581204";15/09/2025;07/10/2025;S;N;S;S;VENDER;;4;0;0;0
ALMACEN REPARACIONES;FABRI KIT S.L.;CRETA TOP V6;00001 - Muebles;00050 - Dormitorios Matrimonio;00001 - Dormitorio;00001 - Camas; -;Dormitorios matrimonio;;00205001010991;CAMA TAPIZADA STYLOS (135X190) TP180  CRETA TOP V6;TP180;0;0;-1;0;-1;No;"397,62";"398,53";"801,88";;;;"0,398636579039258";"0,398636579039258";17/10/2025;22/10/2025;S;N;S;S;VENDER;;;0;0;0
ALMACEN REPARACIONES;FABRI KIT S.L.;CRETA TOP V6;00001 - Muebles;00050 - Dormitorios Matrimonio;00001 - Dormitorio;00003 - Armarios; -;Dormitorios matrimonio;;00205001012897;"ARMARIO 2P.CORREDERAS COLGADAS 169 CM. TP967  CRETA TOP V6,#ACABADO EN NATURALE";TP967;0;0;-1;0;-1;No;"416,82";"395,92";"840,61";;;;"0,430100522239802";"0,430100522239802";28/04/2025;16/05/2025;S;N;S;S;VENDER;;;0;0;0
ALMACEN REPARACIONES;FABRI KIT S.L.;CRETA TOP V6;00001 - Muebles;00050 - Dormitorios Matrimonio;00001 - Dormitorio;00003 - Armarios; -;Dormitorios matrimonio;;00205001013063;"ARMARIO 2P.CORREDERAS COLGADAS 219 CM. TP963  CRETA TOP V6 PUERTA LISA,#ACABADO EN BLANCO MATE";TP963;0;0;-1;0;-1;No;"483,65";"459,41";"975,37";;;;"0,430076688846284";"0,430076688846284";22/05/2025;30/05/2025;S;N;S;S;VENDER;;;0;0;0
ALMACEN REPARACIONES;FABRI KIT S.L.;CRETA TOP V6;00001 - Muebles;00050 - Dormitorios Matrimonio;00001 - Dormitorio;00005 - Mesitas de noche; -;Dormitorios matrimonio;;00205001011182;MESITA KAP 3CAJ. 33 CM. TP418KP  CRETA TOP V6;TP418KP;0;0;-3;0;-3;No;"84,1";"81,76";"169,61";;;;"0,416723070573669";"0,416723070573669";05/02/2026;07/01/2026;S;N;S;S;VENDER;;;0;0;0
ALMACEN REPARACIONES;FABRI KIT S.L.;CRETA TOP V6;00001 - Muebles;00050 - Dormitorios Matrimonio;00001 - Dormitorio;00005 - Mesitas de noche; -;Dormitorios matrimonio;;00205001011263;MESITA HIT 1 CAJON+HUECO 50 CM. TP524  CRETA TOP V6;TP524;0;0;-2;0;-2;No;"57,11";"57,25";"115,18";;;;"0,398571800659837";"0,398571800659837";15/09/2025;17/09/2025;S;N;S;S;VENDER;;;0;0;0
ALMACEN REPARACIONES;FABRI KIT S.L.;CRETA TOP V6;00001 - Muebles;00050 - Dormitorios Matrimonio;00001 - Dormitorio;00005 - Mesitas de noche; -;Dormitorios matrimonio;;00205001013077;"MESITA HIT 1 CAJON 45 CM. TP513  CRETA TOP V6,#ACABADO EN BLANCO MATE IRIS";TP513;0;0;-2;0;-2;No;"44,96";"42,71";"90,67";;;;"0,430030881217602";"0,430030881217602";11/06/2025;24/01/2026;S;N;S;S;VENDER;;;0;0;0
ALMACEN REPARACIONES;FABRI KIT S.L.;CRETA TOP V6;00001 - Muebles;00050 - Dormitorios Matrimonio;00001 - Dormitorio;00009 - Comodines; -;Dormitorios matrimonio;;00205001011284;COMODA HIT 4 CAJONES+HUECO 99 CM. TP549  CRETA TOP V6;TP549;0;0;-1;0;-1;No;"155,31";"150,99";"313,21";;;;"0,416691995785575";"0,416691995785575";23/01/2026;23/01/2026;S;N;S;S;VENDER;;;0;0;0
ALMACEN REPARACIONES;FABRI KIT S.L.;CRETA TOP V6;00001 - Muebles;00050 - Dormitorios Matrimonio;00001 - Dormitorio;00009 - Comodines; -;Dormitorios matrimonio;;00205001011305;CÓMODA INO 4CAJ. 101CM. TP581  CRETA TOP V6;TP581;0;0;-1;0;-1;No;"148,01";"144,19";"298,49";;;;"0,415491641261014";"0,415491641261014";17/10/2025;21/10/2025;S;N;S;S;VENDER;;;0;0;0
ALMACEN REPARACIONES;FABRI KIT S.L.;CRETA TOP V6;00001 - Muebles;00050 - Dormitorios Matrimonio;00001 - Dormitorio;00017 - Elementos; -;Dormitorios matrimonio;;00205001010853;ESTANTE INTERIOR 107 CM. TP1136  CRETA TOP V6;TP1136;0;0;-1;0;-1;No;"16,29";"15,65";"32,85";;;;"0,423546423135464";"0,423546423135464";28/11/2025;30/12/2025;S;N;S;S;VENDER;;;0;0;0
ALMACEN REPARACIONES;FABRI KIT S.L.;CRETA TOP V6;00001 - Muebles;00050 - Dormitorios Matrimonio;00001 - Dormitorio;00017 - Elementos; -;Dormitorios matrimonio;;00205001010897;BARRA DE COLGAR PARA HUECO 1073 TP1186  CRETA TOP V6;TP1186;0;0;-1;0;-1;No;"6,32";6;"12,74";;;;"0,430141287284144";"0,430141287284144";22/05/2025;30/05/2025;S;N;S;S;VENDER;;;0;0;0
ALMACEN REPARACIONES;FABRI KIT S.L.;CRETA TOP V6;00001 - Muebles;00050 - Dormitorios Matrimonio;00001 - Dormitorio;00017 - Elementos; -;Dormitorios matrimonio;;00205001013639;"JUEGO DE 4 PATAS NORDICAS TP690  CRETA TOP V6,#ACABADO EN BLANCO";TP690;0;3;3;0;6;No;"13,37";13;"26,97";;;;"0,416759362254357";"0,416759362254357";18/12/2025;;S;N;S;S;VENDER;;;"40,11";39;"80,91"
ALMACEN REPARACIONES;FABRI KIT S.L.;CRETA TOP V6;00001 - Muebles;00051 - Camas juveniles;00002 - Modular;00006 - Cabeceros; -;Dormitorios matrimonio;;00205001010956;CABECERO TARSUS 276 CM TP138  CRETA TOP V6;TP138;0;0;-1;0;-1;No;"183,49";"174,3";"370,04";;;;"0,430053507728894";"0,430053507728894";11/06/2025;24/01/2026;S;N;S;S;VENDER;;;0;0;0
ALMACEN REPARACIONES;FABRI KIT S.L.;CRETA TOP V6;00001 - Muebles;00051 - Camas juveniles;00002 - Modular;00006 - Cabeceros; -;Dormitorios matrimonio;;00205001013059;"CABECERO LINK 117 CM  TP235  CRETA TOP V6,#ACABADO EN IRIS";TP235;0;0;-1;0;-1;No;"87,49";"83,11";"176,44";;;;"0,430043640897756";"0,430043640897756";22/05/2025;28/05/2025;S;N;S;S;VENDER;;;0;0;0
ALMACEN REPARACIONES;FABRI KIT S.L.;CRETA TOP V6;00001 - Muebles;00051 - Camas juveniles;00002 - Modular;00006 - Cabeceros; -;Dormitorios matrimonio;;00205001013060;"ALA CABEZAL TIQUE IZQ. 50 CM. TP228I  CRETA TOP V6,#ACABADO EN BLANCO MATE";TP228I;0;0;-1;0;-1;No;"57,11";"54,25";"115,18";;;;"0,430087688834867";"0,430087688834867";22/05/2025;28/05/2025;S;N;S;S;VENDER;;;0;0;0
ALMACEN REPARACIONES;FABRI KIT S.L.;CRETA TOP V6;00001 - Muebles;00051 - Camas juveniles;00002 - Modular;00006 - Cabeceros; -;Dormitorios matrimonio;;00205001013061;"ALA CABEZAL TIQUE DCH. 50 CM. TP228D  CRETA TOP V6,#ACABADO EN BLANCO MATE";TP228D;0;0;-1;0;-1;No;"57,11";"54,25";"115,18";;;;"0,430087688834867";"0,430087688834867";22/05/2025;28/05/2025;S;N;S;S;VENDER;;;0;0;0
ALMACEN REPARACIONES;FABRI KIT S.L.;CRETA TOP V6;00001 - Muebles;00051 - Camas juveniles;00002 - Modular;00006 - Cabeceros; -;Dormitorios matrimonio;;00205001013186;CABEZAL EPIRO 296 CM NATURALE RAYADO;204+229I+164D;0;0;-1;0;-1;No;"258,84";"239,5";522;;449;"491,12";"0,444837164750958";"0,354576837416481";23/01/2026;23/01/2026;S;N;S;S;VENDER;;;0;0;0
ALMACEN REPARACIONES;FABRI KIT S.L.;CRETA TOP V6;00001 - Muebles;00051 - Camas juveniles;00002 - Modular;00006 - Cabeceros; -;Dormitorios matrimonio;;00205001013200;"CABECERO NARTHIKA 276 CM. TP156  CRETA TOP V6,#ACABADO EN NATURALE BOCAMINA";TP156;0;0;-1;0;-1;No;"205,37";"195,08";"414,17";;;;"0,430072675471425";"0,430072675471425";25/07/2025;12/12/2025;S;N;S;S;VENDER;;;0;0;0
ALMACEN REPARACIONES;FABRI KIT S.L.;CRETA TOP V6;00001 - Muebles;00051 - Camas juveniles;00002 - Modular;00006 - Cabeceros; -;Dormitorios matrimonio;;00205001013221;"CABECERO WOO A MEDIDA 232 A 310 CM. TP271  CRETA TOP V6,#ACABADO EN NOCE SABI BOCAMINA";TP271;0;0;-1;0;-1;No;"204,16";"204,62";"411,73";;;;"0,398658829815656";"0,398658829815656";25/07/2025;13/09/2025;S;N;S;S;VENDER;;;0;0;0
ALMACEN REPARACIONES;FABRI KIT S.L.;CRETABASIC V6;00001 - Muebles;00050 - Dormitorios Matrimonio;00001 - Dormitorio;00003 - Armarios; -;Dormitorios matrimonio;6388598;00205001010494;ARMARIO 2 PTAS CORRED LUNAS 180X239 CM CRETABASIC V6 BA1745L;BA1745L;0;0;-1;0;-1;No;"388,87";"369,38";"784,23";;;;"0,430078165844204";"0,430078165844204";12/09/2024;22/10/2024;S;N;S;S;VENDER;;;0;0;0
ALMACEN REPARACIONES;FABRI KIT S.L.;CRETABASIC V6;00001 - Muebles;00050 - Dormitorios Matrimonio;00001 - Dormitorio;00003 - Armarios; -;Dormitorios matrimonio;6388609;00205001013097;"ARMARIO 2 PTAS CORREDERA 180X227 CM CRETABASIC V6 BA745,#ACABADO EN SHAMAL";BA745;0;0;-1;0;-1;No;"330,54";"321,36";"666,6";;;;"0,416673267326733";"0,416673267326733";12/12/2025;27/12/2025;S;N;S;S;VENDER;;;0;0;0
ALMACEN REPARACIONES;FABRI KIT S.L.;CRETABASIC V6;00001 - Muebles;00050 - Dormitorios Matrimonio;00001 - Dormitorio;00003 - Armarios; -;Dormitorios matrimonio;6388613;00205001010509;ARMARIO 2 PTAS CORREDERA 220X227 CM CRETABASIC V6 BA757;BA757;0;0;-1;0;-1;No;"379,14";"368,62";"764,62";;;;"0,416664225366849";"0,416664225366849";07/11/2025;15/11/2025;S;N;S;S;VENDER;;;0;0;0
ALMACEN REPARACIONES;FABRI KIT S.L.;CRETABASIC V6;00001 - Muebles;00050 - Dormitorios Matrimonio;00001 - Dormitorio;00003 - Armarios; -;Dormitorios matrimonio;6388616;00205001013374;"ARMARIO 2 PUERTAS BATIENTES 91X227 CM. CRETABASIC V6 BA810B,#ACABADO EN ALBO NATURALE";BA810B;0;0;-1;0;-1;No;"134,16";"134,47";"270,56";;;;"0,398622486694264";"0,398622486694264";30/09/2025;20/11/2025;S;N;S;S;VENDER;;;0;0;0
ALMACEN REPARACIONES;FABRI KIT S.L.;CRETABASIC V6;00001 - Muebles;00050 - Dormitorios Matrimonio;00001 - Dormitorio;00003 - Armarios; -;Dormitorios matrimonio;6388622;00205001010518;ARMARIO 3 PUERTAS BATIENTES 135X239 CM. CRETABASIC V6 BA1820B;BA1820B;0;0;-1;0;-1;No;"213,88";"214,37";"431,33";;;;"0,398632833329469";"0,398632833329469";29/09/2025;23/10/2025;S;N;S;S;VENDER;;;0;0;0
ALMACEN REPARACIONES;FABRI KIT S.L.;GENESIS;00001 - Muebles;00052 - Salón;00001 - Convencional;00002 - Mesas de comedor; -;Salón;;00205001010756;"MESA RECTANGULAR EXTENSIBLE LOKI 140-200X90 PATAS BLANCO,#ACABADO EN NATURALIA";970B;0;2;0;0;2;No;"240,61";"225,46";"485,24";;419;"456,54";"0,437790371774792";"0,348910262529833";23/01/2026;02/02/2026;S;N;S;S;COLECCION STOCK;;;"481,22";"450,92";"970,48"
ALMACEN REPARACIONES;FABRI KIT S.L.;GENESIS;00001 - Muebles;00052 - Salón;00001 - Convencional;00002 - Mesas de comedor; -;Salón;;00205001013113;"MESA RECTANGULAR EXTENSIBLE LOKI 120-180X90,#ACABADO EN BLANCO";970SB;0;0;-1;0;-1;No;"218,73";"207,77";"441,11";;;;"0,430070277255106";"0,430070277255106";25/07/2025;25/07/2025;S;N;S;S;VENDER;;;0;0;0
ALMACEN REPARACIONES;FABRI KIT S.L.;GENESIS;00001 - Muebles;00052 - Salón;00002 - Salón comedor;00101 - Mesas de centro; -;Salón;;00205001010755;"MESA CENTRO MARTE CON PATA MARCO 100X50 PATA BLANCO,#ACABADO EN NATURALIA-RAYADO";910B;0;1;1;0;2;No;"64,89";"62,94";"130,86";;;;"0,418023842274186";"0,418023842274186";19/11/2025;20/11/2025;S;N;S;S;VENDER;;;"64,89";"62,94";"130,86"
ALMACEN REPARACIONES;FABRI KIT S.L.;GENESIS;00001 - Muebles;00052 - Salón;00002 - Salón comedor;00101 - Mesas de centro; -;Salón;;00205001012254;"MESA RECTANGULAR EXT. LOKI 140X90 CM. GNESIS 970A,#ACABADO EN NATURALE";970A;0;0;-1;0;-1;No;"240,61";"237,55";"485,24";;;;"0,407642609842552";"0,407642609842552";23/01/2026;29/01/2026;S;N;S;S;VENDER;;;0;0;0
ALMACEN REPARACIONES;FABRI KIT S.L.;GENESIS;00001 - Muebles;00052 - Salón;00002 - Salón comedor;00101 - Mesas de centro; -;Salón;;00205001012308;"MESA RECTANGULAR EXT. PATAS PUENTE VENUS 140X90 CM. GNESIS 960,#ACABADO EN NATURALE";960;0;0;-1;0;-1;No;"319,35";"310,49";"644,04";;;;"0,416662163840755";"0,416662163840755";28/11/2025;10/12/2025;S;N;S;S;VENDER;;;0;0;0
ALMACEN REPARACIONES;FABRI KIT S.L.;GENESIS;00001 - Muebles;00052 - Salón;00002 - Salón comedor;00101 - Mesas de centro; -;Salón;;00205001012736;"MESA RECTANGULAR EXT. LOKI 140X90 CM. GNESIS 970A,#ACABADO EN NATURALES PATAS EN GRAFITO";970A;0;0;-1;0;-1;No;"240,61";"228,55";"485,24";;;;"0,430085112521639";"0,430085112521639";27/02/2025;03/03/2025;S;N;S;S;VENDER;;;0;0;0
ALMACEN REPARACIONES;FABRI KIT S.L.;GENESIS;00001 - Muebles;00052 - Salón;00002 - Salón comedor;00101 - Mesas de centro; -;Salón;;00205001013068;"MESA RECTANGULAR EXT. PATAS PUENTE VENUS 140X90 CM. GNESIS 960,#ACABADO EN NATURALE";960;0;1;1;0;2;No;"319,35";"303,35";"644,04";;;;"0,430076548040494";"0,430076548040494";22/05/2025;31/05/2025;S;N;S;S;VENDER;;;"319,35";"303,35";"644,04"
ALMACEN REPARACIONES;FABRI KIT S.L.;GNESIS;00001 - Muebles;00050 - Dormitorios Matrimonio;00001 - Dormitorio;00010 - Estanterias; -;Salón;;00205001013600;"ESTANTERIA 55X184X36 CM GNESIS 640,#ACABADO EN NATURALE";640;0;0;-1;0;-1;No;"93,58";"90,98";"188,72";;;;"0,416671259008054";"0,416671259008054";07/11/2025;19/11/2025;S;N;S;S;VENDER;;;0;0;0
ALMACEN REPARACIONES;FABRI KIT S.L.;GNESIS;00001 - Muebles;00052 - Salón;00001 - Convencional;00003 - Bufets; -;Salón;;00205001012179;"APARADOR 3 PUERTAS 1 CAJ. 181X90 CM GNESIS 705B,#ACABADO EN NATURALE BLANCO MATE";705B;0;0;-1;0;-1;No;"193,22";"183,53";"389,67";;;;"0,430104190725486";"0,430104190725486";11/06/2025;21/06/2025;S;N;S;S;VENDER;;;0;0;0
ALMACEN REPARACIONES;FABRI KIT S.L.;GNESIS;00001 - Muebles;00052 - Salón;00001 - Convencional;00003 - Bufets; -;Salón;;00205001014273;"APARADOR 3 PUERTAS 1 CAJON 154X90 CM GNESIS 700A,#ACABADO EN ALBO NATURALE RAYADO";700A;0;0;-1;0;-1;No;"170,13";"165,4";"343,1";;;;"0,416689011949869";"0,416689011949869";23/01/2026;29/01/2026;S;N;S;S;VENDER;;;0;0;0
ALMACEN REPARACIONES;FABRI KIT S.L.;GNESIS;00001 - Muebles;00052 - Salón;00001 - Convencional;00004 - Vitrinas; -;Salón;;00205001013401;"VITRINA 2 PUERTAS CRISTAL 82X184 CM. GNESIS 560A,#ACABADO EN NATURALE RAYADO";560A;0;0;-1;0;-1;No;"179,85";"180,26";"362,7";;;;"0,398636338571822";"0,398636338571822";29/09/2025;01/10/2025;S;N;S;S;VENDER;;;0;0;0
ALMACEN REPARACIONES;FABRI KIT S.L.;GNESIS;00001 - Muebles;00052 - Salón;00002 - Salón comedor;00002 - Elementos; -;Salón;;00205001013156;"GALERIA 154X16CM GNESIS 655,#ACABADO EN COLOR NATURALE";655;0;2;2;0;4;No;"33,06";"31,75";"66,68";;;;"0,423852729454109";"0,423852729454109";07/11/2025;05/07/2025;S;N;S;S;VENDER;;;"66,12";"63,5";"133,36"
ALMACEN REPARACIONES;FABRI KIT S.L.;GNESIS;00001 - Muebles;00052 - Salón;00002 - Salón comedor;00002 - Elementos; -;Salón;;00205001014228;"GALERIA 126X16CM GNESIS 650,#ACABADO EN COLOR BLANCO";650;0;1;0;0;1;No;"27,95";"27,17";"56,36";;;;"0,416683818310859";"0,416683818310859";23/01/2026;27/12/2025;S;N;S;S;VENDER;;;"27,95";"27,17";"56,36"
ALMACEN REPARACIONES;FABRI KIT S.L.;GNESIS;00001 - Muebles;00052 - Salón;00002 - Salón comedor;00002 - Elementos; -;Salón;;00205001014285;"BAJO 2 CAJONES 2 PUERTAS 154x53 CM. GNESIS 120B,#ACABADO EN ARMAZON BLANCO, FRONTAL NATURALE, PUERTAS RAYADO, CAJON NATURALE";120B;0;0;-1;0;-1;No;"118,12";"114,84";"238,21";;;;"0,416664287813274";"0,416664287813274";23/01/2026;26/01/2026;S;N;S;S;VENDER;;;0;0;0
ALMACEN REPARACIONES;FABRI KIT S.L.;GNESIS;00001 - Muebles;00059 - Descanso;00001 - Colchonería;00004 - Patas; -;Salón;;00205001010790;PATA MARCO 181X14 GNESIS 820A;820A;0;0;-1;0;-1;No;"29,9";"29,06";"60,3";;;;"0,416872305140962";"0,416872305140962";12/12/2025;11/12/2025;S;N;S;S;VENDER;;;0;0;0
ALMACEN REPARACIONES;FABRI KIT S.L.;KIT;00001 - Muebles;00052 - Salón;00001 - Convencional;00003 - Bufets; -;Salón;6342958;00205002010015;APARADOR 2PTA+3CAJ.  ARGOS 2   140X90 CM NATURALE KIT 15110;15110;0;1;1;0;2;No;"106,88";"102,38";"215,54";;;;"0,425258420710773";"0,425258420710773";27/01/2026;30/11/2025;S;N;S;S;VENDER;8433990151100;;"106,88";"102,38";"215,54"
ALMACEN REPARACIONES;FABRI KIT S.L.;KIT;00001 - Muebles;00056 - Auxiliares;00001 - Mueble Auxiliar;00011 - Zapateros; -;Mueble Auxiliar;6332215;00205002010002;ZAPATERO   TREND   CON ESPEJO KIT TR1000-44033;TR1000-44033;0;2;1;0;3;No;"66,6";"66,13";"134,31";;"88,9";129;"0,404234234234234";"0,099917885264342";05/08/2024;08/04/2025;S;N;N;N;LIQUIDACION;8433990440303;2;"133,2";"132,26";"268,62"
ALMACEN REPARACIONES;FABRI KIT S.L.;NINGUNA;00001 - Muebles;00050 - Dormitorios Matrimonio;00001 - Dormitorio;00001 - Camas; -;Dormitorios matrimonio;;00205001010734;ACCESORIO INVENTARIABLE MOBILIARIO  C;205INV;0;6;4;1;11;No;0;"18,74";0;;;;;;12/02/2026;10/12/2025;S;N;S;S;VENDER;;;0;"112,44";0
ALMACEN REPARACIONES;FABRI KIT S.L.;NODUS;00001 - Muebles;00052 - Salón;00001 - Convencional;00002 - Mesas de comedor; -;Salón;;00205001013382;"MESA HORIZON PATA LOKI 150X90 CM. ND5520,#ACABADO EN BASE NATURALE PATA LOKI NEGRO";ND5520;0;0;-1;0;-1;No;"349,99";"350,78";"705,82";;;;"0,39865149754895";"0,39865149754895";29/09/2025;11/12/2025;S;N;S;S;VENDER;;;0;0;0
ALMACEN REPARACIONES;FABRI KIT S.L.;NODUS;00001 - Muebles;00056 - Auxiliares;00001 - Mueble Auxiliar;00006 - Mesas; -;Mueble Auxiliar;;00205001013039;"MESA CENTRO DATA ELECTRICA 120X80 CM ND5500,#ACABADO EN NATURALE PATA BLACO";ND5500;0;0;-1;0;-1;No;"445,99";"427,79";"899,43";;769;"846,21";"0,424495625006949";"0,326884395318596";23/01/2026;02/02/2026;S;N;S;S;VENDER;;;0;0;0
ALMACEN REPARACIONES;FABRI KIT S.L.;NODUS;00001 - Muebles;00056 - Auxiliares;00001 - Mueble Auxiliar;00006 - Mesas; -;Mueble Auxiliar;;00205001013203;"MESA CENTRO DATA ELECTRICA 120X80 CM ND5500,#ACABADO EN NATURALE NEGRO";ND5500;0;0;-2;0;-2;No;"445,99";"431,94";"899,43";;;;"0,418912644674961";"0,418912644674961";23/01/2026;23/01/2026;S;N;S;S;VENDER;;;0;0;0
ALMACEN REPARACIONES;FABRI KIT S.L.;NODUS;00001 - Muebles;00056 - Auxiliares;00001 - Mueble Auxiliar;00006 - Mesas; -;Mueble Auxiliar;;00205001013494;"MESA CENTRO ELEV.DUTTY PATA NAD 100X60 ND5045,#ACABADO EN 1 CALIFORNIA/2 SIROCO PATA GRAFITO";ND5045;0;0;-1;0;-1;No;"99,65";"96,88";"200,97";;;;"0,416704980842912";"0,416704980842912";23/01/2026;26/01/2026;S;N;S;S;VENDER;;;0;0;0
ALMACEN REPARACIONES;FABRI KIT S.L.;NODUS;00001 - Muebles;00056 - Auxiliares;00001 - Mueble Auxiliar;00006 - Mesas; -;Mueble Auxiliar;;00205001013615;"MESA CENTRO DATA ELECTRICA 120X80 CM ND5500,#ACABADO EN NATURALE/PATA GRAFITO";ND5500;0;0;-1;0;-1;No;"445,99";"433,6";"899,43";;;;"0,416679452542166";"0,416679452542166";23/01/2026;24/01/2026;S;N;S;S;VENDER;;;0;0;0
ALMACEN REPARACIONES;FABRI KIT S.L.;NODUS;00001 - Muebles;00056 - Auxiliares;00001 - Mueble Auxiliar;00006 - Mesas; -;Mueble Auxiliar;;00205001014274;"MESA CENTRO ELEV.LIFT PATA BELT 100X60 ND5070,#ACABADO EN MISTRAL PATA GRAFITO";ND5070;0;0;-1;0;-1;No;"109,37";"106,33";"220,57";;;;"0,41669628689305";"0,41669628689305";27/01/2026;;S;N;S;S;VENDER;;;0;0;0
ALMACEN REPARACIONES;FABRICA DE SILLAS RUIZ Y SANCHEZ SL;LUXEMBURGO;00001 - Muebles;00057 - Asientos;00002 - Sofás;00001 - Sillas; -;Asientos;6380394;01299001010085;SILLON ACAB. EPOXI KROSS 55 AZUL FOREST PA/XIA 2 LUXEMBURGO LUX2RYS;LUX2RYS;0;2;1;0;3;No;"134,6";"132,76";"288,74";;139;"288,74";"0,443653113527741";"-0,155680575539568";17/12/2025;11/03/2024;S;S;N;N;LIQUIDACION;;2;"269,2";"265,52";"577,48"
ALMACEN REPARACIONES;FLEX EQUIPOS DE DESCANSO S.A.U.;ALHAMBRA21;00001 - Muebles;00059 - Descanso;00001 - Colchonería;00001 - Colchones; -;Descanso;6356210;00645003010014;COLCHON ALHAMBRA 21              135X190 ALHAMBRA21 000000000009372622;9372622;0;0;-1;0;-1;No;"346,57";"283,32";2061;;"824,4";2061;"0,833664628820961";"0,584161572052402";05/02/2026;05/01/2026;S;N;S;S;COLECCION C/A;8432995552394;12;0;0;0
ALMACEN REPARACIONES;FLEX EQUIPOS DE DESCANSO S.A.U.;HABANA22;00001 - Muebles;00059 - Descanso;00001 - Colchonería;00001 - Colchones; -;Descanso;6395210;00645006010041;COLCHON HABANA 22 105X182 HABANA22 9385069;9385069;0;0;-1;0;-1;No;"146,6";"117,57";716;;358;716;"0,801313268156425";"0,602626536312849";19/03/2025;20/03/2025;S;N;S;S;VENDER;8432995596947;;0;0;0
ALMACEN REPARACIONES;FLEX EQUIPOS DE DESCANSO S.A.U.;HABANA22;00001 - Muebles;00059 - Descanso;00001 - Colchonería;00001 - Colchones; -;Descanso;6395216;00645006010047;COLCHON HABANA 22 150X190 HABANA22 9385076;9385076;0;0;-1;0;-1;No;"183,87";"157,19";898;;449;898;"0,788196102449889";"0,576392204899777";12/02/2026;12/02/2026;S;N;S;S;COLECCION C/A;8432995597012;3;0;0;0
ALMACEN REPARACIONES;FLEX EQUIPOS DE DESCANSO S.A.U.;HYDRA FLX;00001 - Muebles;00059 - Descanso;00001 - Colchonería;00001 - Colchones; -;Descanso;;00645006010124;COLCHON HYDRA FLX                 90X190;9394144;0;1;1;0;2;No;"136,12";"108,9";598;;149;598;"0,779650501672241";"0,115644295302013";20/09/2024;08/01/2025;S;N;N;N;LIQUIDACION;8432995644563;"1,49";"136,12";"108,9";598
ALMACEN REPARACIONES;FLEX EQUIPOS DE DESCANSO S.A.U.;HYDRA FLX;00001 - Muebles;00059 - Descanso;00001 - Colchonería;00001 - Colchones; -;Descanso;;00645006010132;COLCHON HYDRA FLX                135X190;9394150;0;0;-2;0;-2;No;"181,63";"145,3";798;;199;798;"0,779682957393484";"0,116517587939698";23/09/2024;19/12/2024;S;N;N;N;LIQUIDACION;8432995644624;"1,99";0;0;0
ALMACEN REPARACIONES;FLEX EQUIPOS DE DESCANSO S.A.U.;IMPERIAL;00001 - Muebles;00059 - Descanso;00001 - Colchonería;00001 - Colchones; -;Descanso;;00645003010129;COLCHON IMPERIAL 23   180X200 9391082;9391082;0;0;-1;0;-1;No;"646,9";"582,21";3463;;"1558,35";3463;"0,796571152180191";"0,547935893733757";21/11/2025;20/12/2025;S;N;S;S;VENDER;8432995625807;;0;0;0
ALMACEN REPARACIONES;FLEX EQUIPOS DE DESCANSO S.A.U.;IRIS;00001 - Muebles;00059 - Descanso;00001 - Colchonería;00001 - Colchones; -;Descanso;;00645004010109;COLCHON FLEX IRIS CT 90010            135X190  9376528;9376528;0;1;1;0;2;No;"165,3";"148,77";696;;"313,2";696;"0,7413625";"0,42525";25/07/2025;25/08/2025;S;N;S;S;LIQUIDACION;8432995570923;;"165,3";"148,77";696
ALMACEN REPARACIONES;FLEX EQUIPOS DE DESCANSO S.A.U.;NAMI 2025;00001 - Muebles;00059 - Descanso;00001 - Colchonería;00001 - Colchones; -;Descanso;;00645006010164;COLCHON NAMI 2025 135X190 CT30017 9419268;9419268;0;0;-1;0;-1;No;"217,6";"196,33";1196;;479;1196;"0,801371822742475";"0,504051565762004";03/02/2026;12/02/2026;S;N;S;S;COLECCION C/A;8432995808354;5;0;0;0
ALMACEN REPARACIONES;FLEX EQUIPOS DE DESCANSO S.A.U.;NAMI 2025;00001 - Muebles;00059 - Descanso;00001 - Colchonería;00001 - Colchones; -;Descanso;;00645006010169;COLCHON NAMI 2025 150X190  CT30017   9419273;9419273;0;0;-1;0;-1;No;"235,6";"217,21";1296;;519;1296;"0,79720362654321";"0,493595183044316";12/02/2026;10/02/2026;S;N;S;S;COLECCION C/A;8432995808408;5;0;0;0
ALMACEN REPARACIONES;FLEX EQUIPOS DE DESCANSO S.A.U.;NAMI 2025;00001 - Muebles;00059 - Descanso;00001 - Colchonería;00001 - Colchones; -;Descanso;;00645006010170;COLCHON NAMI 2025 150X200 CT30017    9419274;9419274;0;0;-1;0;-1;No;"235,6";"228,01";1296;;"583,2";1296;"0,787120293209877";"0,526933984910837";08/01/2026;30/01/2026;S;N;S;S;VENDER;8432995808415;5;0;0;0
ALMACEN REPARACIONES;FLEX EQUIPOS DE DESCANSO S.A.U.;NAMI VISCO 19;00001 - Muebles;00059 - Descanso;00001 - Colchonería;00001 - Colchones; -;Descanso;6316368;00645006010017;COLCHON NAMI VISCO 19            105X190 NAMI VISCO 19 9359512;9359512;0;0;-2;0;-2;No;"208,13";"188,73";746;;"298,4";746;"0,693882975871314";"0,234707439678284";18/07/2025;06/10/2025;S;N;N;N;LIQUIDACION;8432995485296;5;0;0;0
ALMACEN REPARACIONES;FLEX EQUIPOS DE DESCANSO S.A.U.;NAMI VISCO 19;00001 - Muebles;00059 - Descanso;00001 - Colchonería;00001 - Colchones; -;Descanso;6316374;00645006010023;COLCHON NAMI VISCO 19            150X190 NAMI VISCO 19 9359518;9359518;0;1;0;0;1;No;"301,32";"271,57";1080;;432;1080;"0,695741018518518";"0,239352546296296";23/06/2025;24/10/2025;S;N;N;N;LIQUIDACION;8432995485357;5;"301,32";"271,57";1080
ALMACEN REPARACIONES;FLEX EQUIPOS DE DESCANSO S.A.U.;NERI VISCO C/GEL 19;00001 - Muebles;00059 - Descanso;00001 - Colchonería;00001 - Colchones; -;Descanso;6316388;00645005010035;COLCHON NERI VISCO C/GEL 19      105X190 NERI VISCO C/GEL 19 9359532;9359532;0;0;-1;0;-1;No;"255,01";"232,92";913;;319;913;"0,691310843373494";"0,116510344827586";20/12/2024;07/04/2025;S;S;N;N;LIQUIDACION;8432995485500;10;0;0;0
ALMACEN REPARACIONES;FLEX EQUIPOS DE DESCANSO S.A.U.;NERI VISCO C/GEL 19;00001 - Muebles;00059 - Descanso;00001 - Colchonería;00001 - Colchones; -;Descanso;6316391;00645005010038;COLCHON NERI VISCO C/GEL 19      135X190 NERI VISCO C/GEL 19 9359535;9359535;0;0;-2;0;-2;No;"301,32";"274,41";1080;;369;1080;"0,692559166666667";"0,100173170731707";07/11/2024;04/04/2025;S;N;N;N;LIQUIDACION;8432995485531;10;0;0;0
ALMACEN REPARACIONES;FLEX EQUIPOS DE DESCANSO S.A.U.;NIMBUSVISGEL23;00001 - Muebles;00059 - Descanso;00001 - Colchonería;00001 - Colchones; -;Descanso;6400516;00645005010008;COLCHON NIMBUS VISCO C/GEL 23    150X190 NIMBUSVISGEL23;9391932;0;0;-2;0;-2;No;"301,06";"271,47";1538;;"692,1";1538;"0,78642477243173";"0,525388383181621";12/02/2026;12/02/2026;S;N;S;S;COLECCION C/A;8432995631730;8;0;0;0
ALMACEN REPARACIONES;FLEX EQUIPOS DE DESCANSO S.A.U.;NINGUNA;00001 - Muebles;00059 - Descanso;00001 - Colchonería;00004 - Patas; -;Descanso;5920006;00645001010032;PLETINA UNION GEM.(UNIDAD)  9014224;9014224;0;2;2;0;4;No;"5,4";"7,38";22;;11;22;"0,5941";"0,1882";16/02/2024;05/05/2025;S;N;S;S;VENDER;;;"10,8";"14,76";44
ALMACEN REPARACIONES;FLEX EQUIPOS DE DESCANSO S.A.U.;NINGUNA;00001 - Muebles;00059 - Descanso;00001 - Colchonería;00009 - Canapes; -;Descanso;6212975;00645008010005;CANAPE ABATIBLE A19C  CT/GS BLANCO CRT KIT 135X190  10016884;10016884;0;1;1;0;2;No;"190,35";"180,83";762;;381;762;"0,712855249343832";"0,425710498687664";02/06/2025;04/06/2025;S;N;S;S;VENDER;8432995359375;;"190,35";"180,83";762
ALMACEN REPARACIONES;FLEX EQUIPOS DE DESCANSO S.A.U.;NINGUNA;00001 - Muebles;00059 - Descanso;00001 - Colchonería;00009 - Canapes; -;Descanso;6212978;00645008010006;CANAPE ABATIBLE A19C  CT/GS BLANCO CRT KIT 150X190  10016888;10016888;0;0;-1;0;-1;No;"214,65";"214,65";858;;429;858;"0,697288461538462";"0,394576923076923";12/02/2026;29/01/2026;S;N;S;S;VENDER;8432995359412;2;0;0;0
ALMACEN REPARACIONES;FLEX EQUIPOS DE DESCANSO S.A.U.;NINGUNA;00001 - Muebles;00059 - Descanso;00001 - Colchonería;00009 - Canapes; -;Descanso;6212989;00645008010011;CANAPE ABATIBLE A19C  CT/GS CEREZO CRT KIT 135X190  10016900;10016900;0;0;-1;0;-1;No;"190,35";"180,83";762;;381;762;"0,712855249343832";"0,425710498687664";11/12/2025;16/12/2025;S;S;S;S;VENDER;8432995359535;;0;0;0
ALMACEN REPARACIONES;FLEX EQUIPOS DE DESCANSO S.A.U.;NINGUNA;00001 - Muebles;00059 - Descanso;00001 - Colchonería;00009 - Canapes; -;Descanso;6213006;00645008010018;CANAPE ABATIBLE A19C  CT/GS WENGUE CRT KIT 150X190  10016920;10016920;0;0;-1;0;-1;No;"214,65";"208,97";858;;429;858;"0,705298717948718";"0,410597435897436";27/11/2025;06/02/2026;S;N;S;S;VENDER;8432995359733;;0;0;0
ALMACEN REPARACIONES;FLEX EQUIPOS DE DESCANSO S.A.U.;NINGUNA;00001 - Muebles;00059 - Descanso;00001 - Colchonería;00009 - Canapes; -;Descanso;6325427;00645008010040;CANAPE ABATIBLE A25 ZP  CT BLANCO CRT KIT 150X190  10023354;10023354;0;0;-1;0;-1;No;292;"292,01";1298;;649;1298;"0,727787288135593";"0,455574576271186";26/12/2025;02/01/2026;S;N;S;S;VENDER;8432995484145;;0;0;0
ALMACEN REPARACIONES;FLEX EQUIPOS DE DESCANSO S.A.U.;NINGUNA;00001 - Muebles;00059 - Descanso;00001 - Colchonería;00009 - Canapes; -;Descanso;;00645008010138;ABATIBLE LIVING POLIPIEL BEIGE   150X190  10030791;10030791;0;1;0;0;1;No;"314,55";"123,53";1258;;629;1258;"0,881183386327504";"0,762366772655008";02/09/2024;;S;N;S;S;VENDER;8432995646314;;"314,55";"123,53";1258
ALMACEN REPARACIONES;FLEX EQUIPOS DE DESCANSO S.A.U.;NINGUNA;00001 - Muebles;00059 - Descanso;00001 - Colchonería;00010 - Base tapizada; -;Descanso;6314930;00645009010029;TAPIFLEX AD GRIS TR 13 150X190  9247620;9247620;0;0;-1;0;-1;No;"114,3";"107,79";458;;"274,8";458;"0,715227292576419";"0,525378820960699";12/02/2026;27/12/2025;S;N;S;S;VENDER;8432995299121;;0;0;0
ALMACEN REPARACIONES;FLEX EQUIPOS DE DESCANSO S.A.U.;NINGUNA;00001 - Muebles;00059 - Descanso;00001 - Colchonería;00010 - Base tapizada; -;Descanso;6356323;00645009010036;TAPIFLEX AD MARRON TR 13 135X190  9228611;9228611;0;0;-1;0;-1;No;"106,65";"101,32";426;;"255,6";426;"0,712213145539906";"0,52035524256651";09/10/2025;15/10/2025;S;N;S;S;VENDER;8432995221184;;0;0;0
ALMACEN REPARACIONES;FLEX EQUIPOS DE DESCANSO S.A.U.;NINGUNA;00001 - Muebles;00059 - Descanso;00001 - Colchonería;00099 - Acc. Colchoneria; -;Descanso;;00645001010770;ACCESORIO COLCHONERIA  C INVENTARIABLE;645INV;0;1;1;0;2;No;0;"17,47";0;;;;;;17/12/2025;13/08/2025;S;N;S;S;VENDER;;;0;"17,47";0
ALMACEN REPARACIONES;FLEX EQUIPOS DE DESCANSO S.A.U.;SOMIFLEX F2;00001 - Muebles;00059 - Descanso;00001 - Colchonería;"00002 - Bases, somieres y canapés"; -;Descanso;6105256;00645009010002;SOMIER METAL 090X190 SOMIFLEX F2 9231506;9231506;0;0;-2;0;-2;No;"54,45";"53,4";218;;"71,9";218;"0,703605504587156";"0,101335187760779";02/01/2026;07/01/2026;S;N;N;N;BAJA ROTACION;8432995230773;1;0;0;0
ALMACEN REPARACIONES;FRANCES BAÑON S.L.;FREE;00001 - Muebles;00057 - Asientos;00002 - Sofás;00013 - Sofás cama; -;Asientos;;04413001010022;"SOFA 3 PLAZAS CAMA 140 FREE OFERTA,#ACABADO EN TELA YULI C2 GRIS";OFERTA STOCK;0;0;-4;0;-4;No;427;418;"861,13";;769;849;"0,41265546433175";"0,342288686605982";19/01/2026;04/02/2026;S;N;S;N;OFERTA STOCK;;;0;0;0
ALMACEN REPARACIONES;FRANCES BAÑON S.L.;FREE;00001 - Muebles;00057 - Asientos;00002 - Sofás;00013 - Sofás cama; -;Asientos;;04413001010023;"SOFA 3 PLAZAS CAMA 140 FREE OFERTA,#ACABADO EN TELA YULI C4 BEIG";OFERTA STOCK;0;1;0;0;1;No;427;"417,49";"861,13";;769;849;"0,413372080870484";"0,343091157347204";19/01/2026;23/01/2026;S;N;S;N;OFERTA STOCK;;;427;"417,49";"861,13"
ALMACEN REPARACIONES;FRANCES BAÑON S.L.;NINGUNA;00001 - Muebles;00057 - Asientos;00002 - Sofás;00004 - Sofás; -;Asientos;;04413001010041;ACCESORIO C INVENTARIABLE NINGUNA;4413INV;0;1;1;0;2;No;0;0;0;;;;;;;;S;N;S;S;VENDER;;;0;0;0
ALMACEN REPARACIONES;FRANCES BAÑON S.L.;NINGUNA;00001 - Muebles;00057 - Asientos;00002 - Sofás;00099 - Acc Asientos; -;Asientos;;00918001010242;ACCESORIO MOBILIARIO  C INVENTARIABLE;918INV;0;2;2;0;4;No;0;0;0;;;;;;30/01/2026;;S;N;S;S;VENDER;;;0;0;0
ALMACEN REPARACIONES;FRANCES BAÑON S.L.;TARANCON;00001 - Muebles;00057 - Asientos;00002 - Sofás;00013 - Sofás cama; -;Asientos;;04413001010024;"SOFA 3 PLAZAS CAMA 140 CM TARANCON COLCHON 18 OFERTA,#ACABADO EN TELA ADHARA C-4 ACERO";OFERTA STOCK;0;1;0;0;1;No;"563,64";"532,14";"1136,69";;979;"1079,01";"0,433540015307604";"0,342298876404494";15/12/2025;30/01/2026;S;N;S;N;OFERTA STOCK;;;"563,64";"532,14";"1136,69"
ALMACEN REPARACIONES;FRANCES BAÑON S.L.;TARANCON;00001 - Muebles;00057 - Asientos;00002 - Sofás;00013 - Sofás cama; -;Asientos;;04413001010028;"SOFA 3 PLAZAS CAMA 140 CM TARANCON COLCHON 18 OFERTA,#ACABADO EN TELA ADHARA C-7 JADE";OFERTA STOCK;0;0;-1;0;-1;No;"563,64";533;"1136,69";;979;"1079,01";"0,432624550229174";"0,34123595505618";20/10/2025;05/02/2026;S;N;S;N;OFERTA STOCK;;;0;0;0
ALMACEN REPARACIONES;FRANCISCO MARTIN ROBLEDO S.L.;ANDORRA;00001 - Muebles;00057 - Asientos;00002 - Sofás;00013 - Sofás cama; -;Asientos;6343701-51852;00790001010098;"SOFA CAMA 2 PLAZAS ANDORRA CRISTAL 7,#ACABADO EN TELA CRYSTAL 7";CRISTAL 7;0;1;1;0;2;No;187;"206,71";539;;279;439;"0,535957142857143";"0,103515770609319";;18/02/2025;S;S;N;N;LIQUIDACION;8435676702118;2;187;"206,71";539
ALMACEN REPARACIONES;FRANCISCO MARTIN ROBLEDO S.L.;AURE;00001 - Muebles;00057 - Asientos;00002 - Sofás;00013 - Sofás cama; -;Asientos;6358393-132;04405001010007;"SOFA CAMA AURE,#ACABADO EN MARRON";;0;1;1;0;2;No;"149,55";"149,55";309;;;;"0,414383495145631";"0,414383495145631";;;S;S;N;N;LIQUIDACION;8435676700381;;"149,55";"149,55";309
ALMACEN REPARACIONES;FRANCISCO MARTIN ROBLEDO S.L.;BOMBON;00001 - Muebles;00057 - Asientos;00002 - Sofás;00002 - Butacas; -;Asientos;6340443;00790001010007;SILLON RELAX 6125 BOMBON TELA NIDO 1;TELA NIDO 1;0;1;1;0;2;No;"70,7";"71,78";149;;;;"0,417088590604027";"0,417088590604027";;;S;S;N;N;LIQUIDACION;;;"70,7";"71,78";149
ALMACEN REPARACIONES;FRANCISCO MARTIN ROBLEDO S.L.;CHS;00001 - Muebles;00059 - Descanso;00001 - Colchonería;00001 - Colchones; -;Descanso;6352976;00790001010106;COLCHON 135X190 NOCTIS NOVA;;0;0;-1;0;-1;No;"149,19";"142,09";969;;199;969;"0,822570794633643";"0,13603567839196";25/09/2024;26/09/2024;S;N;N;N;LIQUIDACION;8435676702583;5;0;0;0
ALMACEN REPARACIONES;FRANCISCO MARTIN ROBLEDO S.L.;CHS;00001 - Muebles;00059 - Descanso;00001 - Colchonería;00001 - Colchones; -;Descanso;6352977;00790001010033;COLCHON 150X190 NOCTIS NOVA;;0;2;0;0;2;No;"165,18";"159,03";1049;;219;1049;"0,816562154432793";"0,121341095890411";25/09/2024;14/04/2025;S;N;N;N;LIQUIDACION;8435676702590;5;"330,36";"318,06";2098
ALMACEN REPARACIONES;FRANCISCO MARTIN ROBLEDO S.L.;CHS;00001 - Muebles;00059 - Descanso;00001 - Colchonería;00001 - Colchones; -;Descanso;6352978;00790001010034;COLCHON 090X190 EXCELLENCE NOVA;;0;1;1;0;2;No;"121,08";"111,19";789;;;;"0,829480481622307";"0,829480481622307";09/04/2024;25/06/2024;S;N;N;N;LIQUIDACION;8435676702606;"7,5";"121,08";"111,19";789
ALMACEN REPARACIONES;FRANCISCO MARTIN ROBLEDO S.L.;CHS;00001 - Muebles;00059 - Descanso;00001 - Colchonería;00001 - Colchones; -;Descanso;6352979;00790001010035;COLCHON 105X190 EXCELLENCE NOVA;;0;1;1;0;2;No;"141,64";"132,36";909;;;;"0,823811221122112";"0,823811221122112";09/04/2024;19/12/2024;S;N;N;N;LIQUIDACION;8435676702613;"7,5";"141,64";"132,36";909
ALMACEN REPARACIONES;FRANCISCO MARTIN ROBLEDO S.L.;CHS;00001 - Muebles;00059 - Descanso;00001 - Colchonería;00001 - Colchones; -;Descanso;6352980;00790001010036;COLCHON 135X190 EXCELLENCE NOVA;;0;2;2;0;4;No;"172,28";"167,33";1089;;259;1089;"0,814077777777778";"0,218265250965251";25/09/2024;01/12/2025;S;N;N;N;LIQUIDACION;8435676702620;10;"344,56";"334,66";2178
ALMACEN REPARACIONES;FRANCISCO MARTIN ROBLEDO S.L.;CHS;00001 - Muebles;00059 - Descanso;00001 - Colchonería;00001 - Colchones; -;Descanso;6352981;00790001010037;COLCHON 150X190 EXCELLENCE NOVA;;0;2;1;0;3;No;"190,78";"178,75";1219;;249;1219;"0,8225697292863";"0,131375502008032";25/09/2024;19/03/2025;S;N;N;N;LIQUIDACION;8435676702637;15;"381,56";"357,5";2438
ALMACEN REPARACIONES;FRANCISCO MARTIN ROBLEDO S.L.;CHS;00001 - Muebles;00059 - Descanso;00001 - Colchonería;00001 - Colchones; -;Descanso;6352984;00790001010040;COLCHON 135X190 SUMMUN NOVA;;0;1;1;0;2;No;"220,43";"210,39";1389;;289;1389;"0,816722894168466";"0,119128373702422";25/09/2024;30/04/2025;S;N;N;N;LIQUIDACION;8435676702668;10;"220,43";"210,39";1389
ALMACEN REPARACIONES;FRANCISCO MARTIN ROBLEDO S.L.;CHS;00001 - Muebles;00059 - Descanso;00001 - Colchonería;00001 - Colchones; -;Descanso;6352985;00790001010041;COLCHON 150X190 SUMMUN NOVA;;0;2;2;0;4;No;"246,73";"228,39";1529;;299;1529;"0,819259712230216";"0,075746153846154";25/09/2024;09/06/2025;S;N;N;N;LIQUIDACION;8435676702675;10;"493,46";"456,78";3058
ALMACEN REPARACIONES;FRANCISCO MARTIN ROBLEDO S.L.;CHS;00001 - Muebles;00059 - Descanso;00001 - Colchonería;00001 - Colchones; -;Descanso;6360009;00790001010048;COLCHON 105X200 EXCELLENCE NOVA;;0;1;1;0;2;No;"149,08";"142,98";969;;199;969;"0,821459442724458";"0,130624120603015";23/02/2024;25/09/2024;S;N;N;N;LIQUIDACION;;"7,5";"149,08";"142,98";969
ALMACEN REPARACIONES;FRANCISCO MARTIN ROBLEDO S.L.;CHS;00001 - Muebles;00059 - Descanso;00001 - Colchonería;00001 - Colchones; -;Descanso;6361783;00790001010052;COLCHON 90X190 SUPREME;;0;1;1;0;2;No;"243,8";"236,48";1369;;299;1369;"0,79098553688824";"0,043007357859532";29/10/2024;12/04/2025;S;S;N;N;LIQUIDACION;;15;"243,8";"236,48";1369
ALMACEN REPARACIONES;FRANCISCO MARTIN ROBLEDO S.L.;CHS;00001 - Muebles;00059 - Descanso;00001 - Colchonería;00001 - Colchones; -;Descanso;6361785;00790001010054;COLCHON 135X190 SUPREME;;0;2;2;0;4;No;"347,25";"315,68";2055;;389;2055;"0,814125158150852";"0,018064781491003";;09/08/2024;S;N;N;N;BAJA ROTACION;;15;"694,5";"631,36";4110
ALMACEN REPARACIONES;FRANCISCO MARTIN ROBLEDO S.L.;CHS;00001 - Muebles;00059 - Descanso;00001 - Colchonería;00001 - Colchones; -;Descanso;6361786;00790001010055;COLCHON 150X190 SUPREME;;0;1;1;0;2;No;"385,55";"345,13";2279;;419;2279;"0,816758534444932";"0,003323866348449";25/09/2024;27/05/2024;S;N;N;N;BAJA ROTACION;;15;"385,55";"345,13";2279
ALMACEN REPARACIONES;FRANCISCO MARTIN ROBLEDO S.L.;CHS;00001 - Muebles;00059 - Descanso;00001 - Colchonería;00001 - Colchones; -;Descanso;;00790001010117;COLCHON 180X190 MONTBLANC NOVA;;0;0;-1;0;-1;No;"530,57";"522,61";3719;;"1673,55";3719;"0,82996555525679";"0,622145678348421";01/04/2025;30/08/2025;S;N;S;S;COLECCION C/A;;10;0;0;0
ALMACEN REPARACIONES;FRANCISCO MARTIN ROBLEDO S.L.;CHS;00001 - Muebles;00059 - Descanso;00001 - Colchonería;00001 - Colchones; -;Descanso;;00790001010125;COLCHON 135X190 SUMMUN NOVA 2;;0;4;2;0;6;No;"224,84";"218,1";1419;;569;1419;"0,814023255813953";"0,536202108963093";16/12/2025;12/02/2026;S;N;S;S;COLECCION C/A;8435676702668;12;"899,36";"872,4";5676
ALMACEN REPARACIONES;FRANCISCO MARTIN ROBLEDO S.L.;CHS;00001 - Muebles;00059 - Descanso;00001 - Colchonería;00001 - Colchones; -;Descanso;;00790001010126;COLCHON 150X190 SUMMUN NOVA 2;;0;2;0;0;2;No;"251,66";"244,11";1589;;639;1589;"0,814113845185651";"0,537757276995305";20/01/2026;10/02/2026;S;N;S;S;COLECCION C/A;8435676702675;12;"503,32";"488,22";3178
ALMACEN REPARACIONES;FRANCISCO MARTIN ROBLEDO S.L.;CHS;00001 - Muebles;00059 - Descanso;00001 - Colchonería;00001 - Colchones; -;Descanso;;00790001010127;COLCHON 150X200 SUMMUN NOVA 2;;0;1;0;0;1;No;"264,71";"256,77";1669;;"751,05";1669;"0,813845596165368";"0,586323547034152";20/01/2026;14/01/2026;S;N;S;S;COLECCION C/A;;12;"264,71";"256,77";1669
ALMACEN REPARACIONES;FRANCISCO MARTIN ROBLEDO S.L.;CHS;00001 - Muebles;00059 - Descanso;00001 - Colchonería;00001 - Colchones; -;Descanso;;00790001010131;COLCHON 090X190 EXCELLENCE NOVA 2;;0;0;-2;0;-2;No;"121,08";"117,45";789;;319;789;"0,819880228136882";"0,5545";20/01/2026;11/02/2026;S;N;S;S;COLECCION C/A;8435676702606;10;0;0;0
ALMACEN REPARACIONES;FRANCISCO MARTIN ROBLEDO S.L.;CHS;00001 - Muebles;00059 - Descanso;00001 - Colchonería;00001 - Colchones; -;Descanso;;00790001010132;COLCHON 105X190 EXCELLENCE NOVA 2;;0;1;1;0;2;No;"141,64";"137,43";909;;369;909;"0,817062376237624";"0,549348780487805";20/01/2026;09/02/2026;S;N;S;S;COLECCION C/A;8435676702613;10;"141,64";"137,43";909
ALMACEN REPARACIONES;FRANCISCO MARTIN ROBLEDO S.L.;CHS;00001 - Muebles;00059 - Descanso;00001 - Colchonería;00001 - Colchones; -;Descanso;;00790001010133;COLCHON 135X190 EXCELLENCE NOVA 2;;0;2;0;0;2;No;"172,28";"167,11";1089;;439;1089;"0,814322222222222";"0,539400683371298";20/01/2026;10/02/2026;S;N;S;S;COLECCION C/A;8435676702620;10;"344,56";"334,22";2178
ALMACEN REPARACIONES;FRANCISCO MARTIN ROBLEDO S.L.;CHS;00001 - Muebles;00059 - Descanso;00001 - Colchonería;00001 - Colchones; -;Descanso;;00790001010134;COLCHON 150X190 EXCELLENCE NOVA 2;;0;8;6;0;14;No;"190,78";"185,07";1219;;489;1219;"0,816296390484003";"0,542055828220859";20/01/2026;09/02/2026;S;N;S;S;COLECCION C/A;8435676702637;10;"1526,24";"1480,56";9752
ALMACEN REPARACIONES;FRANCISCO MARTIN ROBLEDO S.L.;CHS;00001 - Muebles;00059 - Descanso;00001 - Colchonería;00001 - Colchones; -;Descanso;;00790001010144;COLCHON 105X200 NEVADA NOVA;;0;1;1;0;2;No;"167,28";"162,26";1059;;"423,6";1059;"0,814603777148253";"0,536509442870633";08/10/2024;15/10/2025;S;N;S;S;COLECCION C/A;;10;"167,28";"162,26";1059
ALMACEN REPARACIONES;FRANCISCO MARTIN ROBLEDO S.L.;CHS;00001 - Muebles;00059 - Descanso;00001 - Colchonería;00001 - Colchones; -;Descanso;;00790001010145;COLCHON 135X190 NEVADA NOVA;;0;1;0;0;1;No;"194,2";"188,37";1229;;"491,6";1229;"0,814542148087876";"0,536355370219691";20/01/2026;03/02/2026;S;N;S;S;COLECCION C/A;;10;"194,2";"188,37";1229
ALMACEN REPARACIONES;FRANCISCO MARTIN ROBLEDO S.L.;CHS;00001 - Muebles;00059 - Descanso;00001 - Colchonería;00001 - Colchones; -;Descanso;;00790001010150;COLCHON 180X200 NEVADA NOVA;;0;1;1;0;2;No;"271,67";"263,52";1719;;"687,6";1719;"0,81450890052356";"0,536272251308901";16/12/2025;20/09/2025;S;N;S;S;COLECCION C/A;;10;"271,67";"263,52";1719
ALMACEN REPARACIONES;FRANCISCO MARTIN ROBLEDO S.L.;CHS;00001 - Muebles;00059 - Descanso;00001 - Colchonería;00001 - Colchones; -;Descanso;;00790001010153;COLCHON 105X190 SUMMUN NOVA 2;;0;0;-1;0;-1;No;"211,05";"204,96";1329;;539;1329;"0,813392325056433";"0,539885714285714";14/08/2025;10/12/2025;S;N;S;S;COLECCION C/A;8435676702668;12;0;0;0
ALMACEN REPARACIONES;FRANCISCO MARTIN ROBLEDO S.L.;CHS;00001 - Muebles;00059 - Descanso;00001 - Colchonería;00001 - Colchones; -;Descanso;;00790001010154;COLCHON 105X200 SUMMUN NOVA 2;;0;1;1;0;2;No;"222,36";"215,69";1409;;"634,05";1409;"0,814772959545777";"0,588384354546171";14/11/2024;14/07/2025;S;N;S;S;COLECCION C/A;8435676702668;12;"222,36";"215,69";1409
ALMACEN REPARACIONES;FRANCISCO MARTIN ROBLEDO S.L.;CHS;00001 - Muebles;00059 - Descanso;00001 - Colchonería;00001 - Colchones; -;Descanso;;00790001010156;COLCHON 180X190 SUMMUN NOVA 2;;0;1;1;0;2;No;"299,37";"290,3";1889;;"850,05";1889;"0,814048173636845";"0,586773719192989";20/01/2026;22/12/2025;S;N;S;S;COLECCION C/A;8435676702668;12;"299,37";"290,3";1889
ALMACEN REPARACIONES;FRANCISCO MARTIN ROBLEDO S.L.;CHS;00001 - Muebles;00059 - Descanso;00001 - Colchonería;00001 - Colchones; -;Descanso;;00790001010171;COLCHON 135X190 NOCTIS  NOVA 2;;0;4;3;0;7;No;"149,19";"144,71";939;;379;939;"0,813525985090522";"0,53799709762533";20/01/2026;05/02/2026;S;N;S;S;COLECCION C/A;;5;"596,76";"578,84";3756
ALMACEN REPARACIONES;FRANCISCO MARTIN ROBLEDO S.L.;CHS;00001 - Muebles;00059 - Descanso;00001 - Colchonería;00001 - Colchones; -;Descanso;;00790001010173;COLCHON 150X190 NOCTIS  NOVA 2;;0;1;1;0;2;No;"165,18";"160,22";1049;;419;1049;"0,815189513822688";"0,537312171837709";16/12/2025;10/02/2026;S;N;S;S;COLECCION C/A;;5;"165,18";"160,22";1049
ALMACEN REPARACIONES;FRANCISCO MARTIN ROBLEDO S.L.;DIVIT;00001 - Muebles;00059 - Descanso;00001 - Colchonería;00009 - Canapes; -;Descanso;6339026-22;04399013010006;"CANAPE 090X190 DIVIT,#ACABADO EN BLANCO";;0;1;1;0;2;No;"105,28";"90,83";249;;"91,9";249;"0,558617269076305";"-0,195911860718172";;25/09/2023;S;N;N;N;LIQUIDACION;;2;"105,28";"90,83";249
ALMACEN REPARACIONES;FRANCISCO MARTIN ROBLEDO S.L.;DIVIT;00001 - Muebles;00059 - Descanso;00001 - Colchonería;00009 - Canapes; -;Descanso;6339026-42735;04399013010010;"CANAPE 090X190 DIVIT,#ACABADO EN CAMBRIAN";;0;2;2;0;4;No;"105,28";"98,06";249;;"224,1";249;"0,523483534136546";"0,470537260151718";;14/07/2023;S;N;N;N;LIQUIDACION;;2;"210,56";"196,12";498
ALMACEN REPARACIONES;FRANCISCO MARTIN ROBLEDO S.L.;DIVIT;00001 - Muebles;00059 - Descanso;00001 - Colchonería;00009 - Canapes; -;Descanso;6339027-22;04399013010011;"CANAPE 105X190 DIVIT,#ACABADO EN BLANCO";;0;1;1;0;2;No;"109,53";"100,04";259;;"233,1";259;"0,53263166023166";"0,480701844701845";;;S;S;N;N;LIQUIDACION;;;"109,53";"100,04";259
ALMACEN REPARACIONES;FRANCISCO MARTIN ROBLEDO S.L.;DIVIT;00001 - Muebles;00059 - Descanso;00001 - Colchonería;00009 - Canapes; -;Descanso;6339028-19793;04399013010013;"CANAPE 135X190 DIVIT,#ACABADO EN WENGUE";;0;1;0;0;1;No;"121,36";"110,67";289;;"260,1";289;"0,536641176470588";"0,485156862745098";;;S;N;N;N;LIQUIDACION;;;"121,36";"110,67";289
ALMACEN REPARACIONES;FRANCISCO MARTIN ROBLEDO S.L.;DIVIT;00001 - Muebles;00059 - Descanso;00001 - Colchonería;00009 - Canapes; -;Descanso;6339028-22;04399013010012;"CANAPE 135X190 DIVIT,#ACABADO EN BLANCO";;0;2;2;0;4;No;"121,36";"110,67";289;;"260,1";289;"0,536641176470588";"0,485156862745098";;;S;N;N;N;LIQUIDACION;;;"242,72";"221,34";578
ALMACEN REPARACIONES;FRANCISCO MARTIN ROBLEDO S.L.;DIVIT;00001 - Muebles;00059 - Descanso;00001 - Colchonería;00009 - Canapes; -;Descanso;6339028-42735;04399013010014;"CANAPE 135X190 DIVIT,#ACABADO EN CAMBRIAN";;0;1;1;0;2;No;"121,36";"110,67";289;;"260,1";289;"0,536641176470588";"0,485156862745098";;;S;N;N;N;LIQUIDACION;;;"121,36";"110,67";289
ALMACEN REPARACIONES;FRANCISCO MARTIN ROBLEDO S.L.;DIVIT;00001 - Muebles;00059 - Descanso;00001 - Colchonería;00009 - Canapes; -;Descanso;6339028-556;04399013010007;"CANAPE 135X190 DIVIT,#ACABADO EN CEREZO";;0;1;1;0;2;No;"121,36";"110,67";289;;"260,1";289;"0,536641176470588";"0,485156862745098";;11/12/2023;S;N;N;N;LIQUIDACION;;;"121,36";"110,67";289
ALMACEN REPARACIONES;FRANCISCO MARTIN ROBLEDO S.L.;DIVIT;00001 - Muebles;00059 - Descanso;00001 - Colchonería;00009 - Canapes; -;Descanso;6339030-19793;04399013010016;"CANAPE 150X190 DIVIT,#ACABADO EN WENGUE";;0;3;3;0;6;No;"125,98";"118,13";299;;"269,1";299;"0,521948829431438";"0,468832032701598";;24/07/2023;S;N;N;N;LIQUIDACION;;;"377,94";"354,39";897
ALMACEN REPARACIONES;FRANCISCO MARTIN ROBLEDO S.L.;DIVIT;00001 - Muebles;00059 - Descanso;00001 - Colchonería;00009 - Canapes; -;Descanso;6339030-22;04399013010015;"CANAPE 150X190 DIVIT,#ACABADO EN BLANCO";;0;1;1;0;2;No;"125,98";"114,2";299;;"269,1";299;"0,537852842809365";"0,486503158677072";;;S;N;N;N;LIQUIDACION;;;"125,98";"114,2";299
ALMACEN REPARACIONES;FRANCISCO MARTIN ROBLEDO S.L.;DIVIT;00001 - Muebles;00059 - Descanso;00001 - Colchonería;00009 - Canapes; -;Descanso;6339030-42735;04399013010008;"CANAPE 150X190 DIVIT,#ACABADO EN CAMBRIAN";;0;5;5;0;10;No;"125,98";"118,91";299;;"269,1";299;"0,518792307692308";"0,465324786324786";;05/08/2025;S;N;N;N;LIQUIDACION;;;"629,9";"594,55";1495
ALMACEN REPARACIONES;FRANCISCO MARTIN ROBLEDO S.L.;DIVIT;00001 - Muebles;00059 - Descanso;00001 - Colchonería;00009 - Canapes; -;Descanso;6339030-556;04399013010005;"CANAPE 150X190 DIVIT,#ACABADO EN CEREZO";;0;1;1;0;2;No;"125,98";"114,2";299;;"269,1";299;"0,537852842809365";"0,486503158677072";;23/12/2024;S;N;N;N;LIQUIDACION;;;"125,98";"114,2";299
ALMACEN REPARACIONES;FRANCISCO MARTIN ROBLEDO S.L.;MIKONOS;00001 - Muebles;00057 - Asientos;00002 - Sofás;00008 - Chaise longues; -;Asientos;6343700-51851;00790001010097;"CHAISELONGUE IZQUIERDA V/F MIKONOS CRISTAL 9,#ACABADO EN TELA CRYSTAL 9";CRISTAL 9;0;1;1;0;2;No;"250,52";"272,88";509;;;;"0,351306876227898";"0,351306876227898";;;S;S;N;N;LIQUIDACION;8435676700725;;"250,52";"272,88";509
ALMACEN REPARACIONES;FRANCISCO MARTIN ROBLEDO S.L.;NINGUNA;00001 - Muebles;00057 - Asientos;00002 - Sofás;00099 - Acc Asientos; -;Asientos;;04399001010011;ACCESORIO C INVENTARIABLE;4399INV;0;2;2;0;4;No;0;0;0;;;;;;24/09/2024;13/05/2024;S;N;S;S;VENDER;;;0;0;0
ALMACEN REPARACIONES;FRANCISCO MARTIN ROBLEDO S.L.;NINGUNA;00001 - Muebles;00058 - Terraza y Jardín;00001 - Terraza y Jardin;00099 - Acc. Terraza; -;Terraza y Jardín;;00790001010109;ACCESORIO MOBILIARIO  C INVENTARIABLE;INV790;0;2;2;0;4;No;0;0;0;;;;;;26/02/2025;07/10/2024;S;N;S;S;VENDER;;;0;0;0
ALMACEN REPARACIONES;FRANCISCO MARTIN ROBLEDO S.L.;NINGUNA;00001 - Muebles;00059 - Descanso;00001 - Colchonería;00010 - Base tapizada; -;Descanso;5705429;04399010010000;BASE TAPIZADA 090X190  BE90190;BE90190;0;1;1;0;2;No;"38,77";"38,57";"89,9";;"80,91";"89,9";"0,480870967741935";"0,423189964157706";07/08/2023;08/08/2024;S;N;N;N;LIQUIDACION;2000057054290;;"38,77";"38,57";"89,9"
ALMACEN REPARACIONES;FRANCISCO MARTIN ROBLEDO S.L.;NINGUNA;00001 - Muebles;00059 - Descanso;00001 - Colchonería;00010 - Base tapizada; -;Descanso;5705430;04399010010001;BASE TAPIZADA 135X190  BE135190;BE135190;0;6;-1;0;5;No;"49,01";"48,77";119;;"107,1";119;"0,504103361344538";"0,449003734827264";19/04/2024;23/11/2024;S;N;N;N;LIQUIDACION;;;"294,06";"292,62";714
ALMACEN REPARACIONES;FRANCISCO MARTIN ROBLEDO S.L.;NINGUNA;00001 - Muebles;00059 - Descanso;00001 - Colchonería;00010 - Base tapizada; -;Descanso;5710790;04399010010005;BASE TAPIZADA 105X190  BE105190;BE105190;0;1;0;0;1;No;"41,93";"41,72";"99,9";;"89,91";"99,9";"0,494682682682683";"0,43853631409187";27/06/2023;18/12/2023;S;N;N;N;LIQUIDACION;2000057107903;;"41,93";"41,72";"99,9"
ALMACEN REPARACIONES;FRANCISCO MARTIN ROBLEDO S.L.;NINGUNA;00001 - Muebles;00059 - Descanso;00001 - Colchonería;00010 - Base tapizada; -;Descanso;5710799;04399010010010;BASE TAPIZADA 150X190  BE150190;BE150190;0;6;2;0;8;No;"52,12";"51,77";129;;"69,9";129;"0,514405426356589";"0,103838340486409";29/12/2020;05/02/2025;S;N;N;N;LIQUIDACION;2000057107996;2;"312,72";"310,62";774
ALMACEN REPARACIONES;FRANCISCO MARTIN ROBLEDO S.L.;OFERTA;00001 - Muebles;00057 - Asientos;00002 - Sofás;00002 - Butacas; -;Asientos;6265556-45809;00790001010090;"SILLON POWER LIFT OFERTA TURIN 1802,#ACABADO EN TELA CAMELIA CHOCO";TURIN 1802;0;1;1;0;2;No;189;"145,56";549;;199;399;"0,679184699453552";"0,114936683417085";;29/03/2025;S;S;N;N;LIQUIDACION;;3;189;"145,56";549
ALMACEN REPARACIONES;FRANCISCO MARTIN ROBLEDO S.L.;OFERTA;00001 - Muebles;00057 - Asientos;00002 - Sofás;00002 - Butacas; -;Asientos;6343681-51221;00790001010096;"SILLON POWER LIFT OFERTA SOFIA 1801 NUEVO,#ACABADO EN TELA NIDO 1";SOFIA 1801 NUEVO;0;2;2;0;4;No;189;189;389;;;;"0,412107969151671";"0,412107969151671";;;S;S;N;N;LIQUIDACION;;;378;378;778
ALMACEN REPARACIONES;FRANCISCO MARTIN ROBLEDO S.L.;OFERTA;00001 - Muebles;00059 - Descanso;00001 - Colchonería;"00002 - Bases, somieres y canapés"; -;Descanso;6264792;04399012010006;SOMIER 150X190 OFERTA;;0;2;2;0;4;No;"23,7";"23,17";"59,9";;"31,9";"59,9";"0,531958263772955";"0,121137931034483";;14/11/2024;S;S;N;N;LIQUIDACION;;2;"47,4";"46,34";"119,8"
ALMACEN REPARACIONES;FUENSANTA SIGLO XXI S.L.U.;1300;00001 - Muebles;00057 - Asientos;00002 - Sofás;00004 - Sofás; -;Asientos;6383545;01340001010087;CONJUNTO 3(206 CM). +2 PLAZAS (176 CM.)DESLIZANTES 1300 TELA OFERTA;TELA OFERTA;0;1;1;0;2;No;"504,19";"504,19";"1016,94";;;;"0,400092532499459";"0,400092532499459";;;S;N;S;S;VENDER;;;"504,19";"504,19";"1016,94"
ALMACEN REPARACIONES;FUENSANTA SIGLO XXI S.L.U.;1300;00001 - Muebles;00057 - Asientos;00002 - Sofás;00008 - Chaise longues; -;Asientos;6307931;01340001010272;"CHAISELONGUE 280 CM IZQUIERDA 1300 TELA OFERTA,#ACABADO EN TELA DINO COLOR 1";TELA OFERTA;0;0;-1;0;-1;No;"353,25";"345,44";"714,81";;;;"0,41525384367874";"0,41525384367874";05/02/2024;07/02/2024;S;N;S;S;COLECCION;2000063079317;;0;0;0
ALMACEN REPARACIONES;FUENSANTA SIGLO XXI S.L.U.;1300;00001 - Muebles;00057 - Asientos;00002 - Sofás;00008 - Chaise longues; -;Asientos;6307931-49047;01340001010128;"CHAISELONGUE 280 CM IZQUIERDA 1300 TELA OFERTA,#ACABADO EN TELA DINO COLOR 2";TELA OFERTA;0;0;-1;0;-1;No;"353,25";"353,26";"714,81";;599;"714,81";"0,402016479903751";"0,286403005008347";12/01/2026;12/02/2026;S;N;S;S;COLECCION;8435676704341;;0;0;0
ALMACEN REPARACIONES;FUENSANTA SIGLO XXI S.L.U.;1300;00001 - Muebles;00057 - Asientos;00002 - Sofás;00008 - Chaise longues; -;Asientos;6307932;01340001010324;"CHAISELONGUE 280 CM DERECHA 1300 TELA OFERTA,#ACABADO EN TELA NEVADA COLOR 2";TELA OFERTA;0;0;-1;0;-1;No;"353,25";"328,17";"714,81";;;;"0,444487765979771";"0,444487765979771";16/01/2024;22/01/2024;S;N;S;S;COLECCION;;;0;0;0
ALMACEN REPARACIONES;FUENSANTA SIGLO XXI S.L.U.;1300;00001 - Muebles;00057 - Asientos;00002 - Sofás;00008 - Chaise longues; -;Asientos;6307932-49047;01340001010130;"CHAISELONGUE 280 CM DERECHA 1300 TELA OFERTA,#ACABADO EN TELA DINO COLOR 2";TELA OFERTA;0;0;-2;0;-2;No;"353,25";"339,04";"714,81";;549;"714,81";"0,426087491781033";"0,252753369763206";24/11/2025;05/01/2026;S;N;N;N;BAJA ROTACION;8435676710649;;0;0;0
ALMACEN REPARACIONES;FUENSANTA SIGLO XXI S.L.U.;1300;00001 - Muebles;00057 - Asientos;00002 - Sofás;00008 - Chaise longues; -;Asientos;6348922;01340001010045;CHAISELONGUE 260 CM DERECHA 1300 TELA OFERTA;TELA OFERTA;0;0;-1;0;-1;No;"353,25";"345,44";"714,81";;;;"0,41525384367874";"0,41525384367874";12/02/2025;14/02/2025;S;N;S;S;VENDER;;;0;0;0
ALMACEN REPARACIONES;FUENSANTA SIGLO XXI S.L.U.;ANA;00001 - Muebles;00057 - Asientos;00002 - Sofás;00004 - Sofás; -;Asientos;6319204;01340001010730;"CONJUNTO 3+2 PLAZAS ANA TELA OFERTA,#ACABADO EN TELA DINO 17";TELA OFERTA;0;0;-1;0;-1;No;"536,6";"518,41";"1085,81";;;;"0,422296626481613";"0,422296626481613";30/05/2025;31/05/2025;S;N;S;S;COLECCION;;;0;0;0
ALMACEN REPARACIONES;FUENSANTA SIGLO XXI S.L.U.;ANA;00001 - Muebles;00057 - Asientos;00002 - Sofás;00004 - Sofás; -;Asientos;6319204-52423;01340001010143;"CONJUNTO 3+2 PLAZAS ANA TELA OFERTA,#ACABADO EN TELA ALBI CRUDO";TELA OFERTA;0;2;1;0;3;No;"536,6";"528,76";"1085,81";;;;"0,410762840644312";"0,410762840644312";09/02/2026;15/01/2026;S;N;S;S;COLECCION;;;"1073,2";"1057,52";"2171,62"
ALMACEN REPARACIONES;FUENSANTA SIGLO XXI S.L.U.;ANA;00001 - Muebles;00057 - Asientos;00002 - Sofás;00004 - Sofás; -;Asientos;;01340001010803;"CONJUNTO 3+2 PLAZAS ANA SERIE A,#ACABADO EN TELA XIA 3";SERIE A;0;0;-1;0;-1;No;"581,74";"581,74";"1173,2";;;;"0,400012444595977";"0,400012444595977";24/09/2025;23/10/2025;S;N;S;S;VENDER;;;0;0;0
ALMACEN REPARACIONES;FUENSANTA SIGLO XXI S.L.U.;BERLIN;00001 - Muebles;00057 - Asientos;00002 - Sofás;00008 - Chaise longues; -;Asientos;;01340001010678;"CHAISELONGUE IZDA. 280 BERLIN TELA OFERTA,#ACABADO EN TELA NASERA 2 NEUTRO";TELA OFERTA;0;1;1;0;2;No;"458,87";"457,08";"925,54";;;;"0,402438792488709";"0,402438792488709";09/02/2026;20/01/2026;S;N;S;S;COLECCION STOCK;;;"458,87";"457,08";"925,54"
ALMACEN REPARACIONES;FUENSANTA SIGLO XXI S.L.U.;BERLIN;00001 - Muebles;00057 - Asientos;00002 - Sofás;00008 - Chaise longues; -;Asientos;;01340001010679;"CHAISELONGUE DCHA. 280 BERLIN TELA OFERTA,#ACABADO EN TELA NASERA 2 NEUTRO";TELA OFERTA;0;1;1;0;2;No;"458,87";"455,18";"925,54";;;;"0,404922747801284";"0,404922747801284";09/02/2026;02/02/2026;S;N;S;S;COLECCION STOCK;;;"458,87";"455,18";"925,54"
ALMACEN REPARACIONES;FUENSANTA SIGLO XXI S.L.U.;BERLIN;00001 - Muebles;00057 - Asientos;00002 - Sofás;00008 - Chaise longues; -;Asientos;;01340001010788;"CHAISELONGUE IZDA. 235 BERLIN TELA OFERTA,#ACABADO EN FUTUR 25 SERIE OFERTA.";TELA OFERTA;0;0;-1;0;-1;No;"436,3";"436,3";"880,02";;;;"0,400101134065135";"0,400101134065135";04/08/2025;06/08/2025;S;N;S;S;VENDER;;;0;0;0
ALMACEN REPARACIONES;FUENSANTA SIGLO XXI S.L.U.;DANA;00001 - Muebles;00057 - Asientos;00002 - Sofás;00008 - Chaise longues; -;Asientos;;01340001010384;"CHAISSELONGUE DERECHA 290CM RELAX DANA TELA OFERTA,#ACABADO EN TELA LYRA 5";TELA OFERTA;0;0;-1;0;-1;No;675;"674,17";"1369,73";;1059;"1369,73";"0,404447810882437";"0,229701888574127";19/01/2026;12/02/2026;S;N;S;S;COLECCION STOCK;;;0;0;0
ALMACEN REPARACIONES;FUENSANTA SIGLO XXI S.L.U.;DANA;00001 - Muebles;00057 - Asientos;00002 - Sofás;00008 - Chaise longues; -;Asientos;;01340001010558;"CHAISSELONGUE IZQUIERDA 290CM RELAX DANA TELA OFERTA,#ACABADO EN TELA DINO 4";TELA OFERTA;0;0;-1;0;-1;No;675;650;"1369,73";;;;"0,4257992451067";"0,4257992451067";27/09/2024;12/12/2024;S;N;S;S;VENDER;;;0;0;0
ALMACEN REPARACIONES;FUENSANTA SIGLO XXI S.L.U.;DANA;00001 - Muebles;00057 - Asientos;00002 - Sofás;00008 - Chaise longues; -;Asientos;;01340001010759;"CHAISSELONGUE DERECHA 290CM RELAX DANA TELA OFERTA,#ACABADO EN TELA LYRA 9";TELA OFERTA;0;0;-1;0;-1;No;675;650;"1369,73";;;;"0,4257992451067";"0,4257992451067";03/07/2025;01/08/2025;S;N;S;S;VENDER;;;0;0;0
ALMACEN REPARACIONES;FUENSANTA SIGLO XXI S.L.U.;LAURA;00001 - Muebles;00057 - Asientos;00002 - Sofás;00004 - Sofás; -;Asientos;6314526;01340001010310;"CONJUNTO 3+2 PLAZAS LAURA TELA OFERTA,#ACABADO EN TELA CYRO PIEDRA";TELA OFERTA;0;0;-1;0;-1;No;"533,9";"489,27";"1077,09";;;;"0,450355402055539";"0,450355402055539";03/01/2024;09/01/2024;S;N;S;S;COLECCION;;10;0;0;0
ALMACEN REPARACIONES;FUENSANTA SIGLO XXI S.L.U.;LAURA;00001 - Muebles;00057 - Asientos;00002 - Sofás;00008 - Chaise longues; -;Asientos;6314524-49079;01340001010134;"CHAISELONGUE IZQUIERDA 280 CM LAURA TELA OFERTA,#ACABADO EN TELA WINE PERLA";TELA OFERTA;0;0;-2;0;-2;No;"442,32";"438,89";"899,5";;809;"899,5";"0,409608782657032";"0,343563782447466";09/02/2026;11/02/2026;S;N;S;S;COLECCION STOCK;8435676701661;;0;0;0
ALMACEN REPARACIONES;FUENSANTA SIGLO XXI S.L.U.;LAURA;00001 - Muebles;00057 - Asientos;00002 - Sofás;00008 - Chaise longues; -;Asientos;6314525;01340001010267;"CHAISELONGUE DERECHA 280 CM LAURA TELA OFERTA,#ACABADO EN TELA WINE OCEANO";TELA OFERTA;0;0;-1;0;-1;No;"442,32";"427,32";"899,5";;;;"0,425172651473041";"0,425172651473041";16/10/2024;21/10/2024;S;N;S;S;COLECCION;8435676703238;;0;0;0
ALMACEN REPARACIONES;FUENSANTA SIGLO XXI S.L.U.;LAURA;00001 - Muebles;00057 - Asientos;00002 - Sofás;00008 - Chaise longues; -;Asientos;6314525;01340001010871;"CHAISELONGUE DERECHA 280 CM LAURA TELA OFERTA,#ACABADO EN BALI 20";TELA OFERTA;0;0;-1;0;-1;No;"442,32";"442,32";"899,5";;;;"0,404994774874931";"0,404994774874931";12/01/2026;14/01/2026;S;N;S;S;COLECCION;8435676703238;;0;0;0
ALMACEN REPARACIONES;FUENSANTA SIGLO XXI S.L.U.;LAURA;00001 - Muebles;00057 - Asientos;00002 - Sofás;00008 - Chaise longues; -;Asientos;6314525-48144;01340001010138;"CHAISELONGUE DERECHA 280 CM LAURA TELA OFERTA,#ACABADO EN TELA WINE MARENGO";TELA OFERTA;0;1;-3;0;-2;No;"442,32";"423,33";"899,5";;809;"899,5";"0,430539966648138";"0,366836464771323";05/12/2025;29/12/2025;S;N;S;S;COLECCION STOCK;8435676703214;;"442,32";"423,33";"899,5"
ALMACEN REPARACIONES;FUENSANTA SIGLO XXI S.L.U.;LAURA;00001 - Muebles;00057 - Asientos;00002 - Sofás;00008 - Chaise longues; -;Asientos;6314525-49079;01340001010139;"CHAISELONGUE DERECHA 280 CM LAURA TELA OFERTA,#ACABADO EN TELA WINE PERLA";TELA OFERTA;0;0;-1;0;-1;No;"442,32";"442,32";"899,5";;809;"899,5";"0,404994774874931";"0,338433621755253";09/02/2026;09/02/2026;S;N;S;S;COLECCION STOCK;8435676703238;;0;0;0
ALMACEN REPARACIONES;FUENSANTA SIGLO XXI S.L.U.;LAURA;00001 - Muebles;00057 - Asientos;00002 - Sofás;00008 - Chaise longues; -;Asientos;6340394;01340001010526;"CHAISELONGUE IZQUIERDA 260 CM LAURA TELA OFERTA,#ACABADO EN TELA WINE BEIGE";TELA OFERTA;0;0;-1;0;-1;No;"442,32";"427,32";"899,5";;;;"0,425172651473041";"0,425172651473041";31/03/2025;02/04/2025;S;N;S;S;VENDER;;;0;0;0
ALMACEN REPARACIONES;FUENSANTA SIGLO XXI S.L.U.;LISBOA;00001 - Muebles;00057 - Asientos;00002 - Sofás;00016 - 2 plazas; -;Asientos;6364997;01340001010567;"SOFA 2 PLAZAS 160CM LISBOA TELA OFERTA,#ACABADO EN TELA BALI 26";TELA OFERTA;0;0;-1;0;-1;No;"289,69";"237,64";"584,31";;;;"0,507890674470743";"0,507890674470743";16/10/2024;17/10/2024;S;N;S;S;VENDER;;;0;0;0
ALMACEN REPARACIONES;FUENSANTA SIGLO XXI S.L.U.;LISBOA;00001 - Muebles;00057 - Asientos;00002 - Sofás;00017 - 3 plazas; -;Asientos;6364996;01340001010381;"SOFA 3 PLAZAS 196CM LISBOA TELA OFERTA,#ACABADO EN TELA ALBI PLATA";TELA OFERTA;0;0;-1;0;-1;No;"300,4";"298,12";"605,91";;479;"605,91";"0,404655476886006";"0,246920250521921";12/01/2026;10/02/2026;S;N;N;N;BAJA ROTACION;;;0;0;0
ALMACEN REPARACIONES;FUENSANTA SIGLO XXI S.L.U.;MALTA;00001 - Muebles;00057 - Asientos;00002 - Sofás;00008 - Chaise longues; -;Asientos;6339214;01340001010227;"CHAISELONGUE 240 CM DCHA. PATA METALICA MALTA TELA OFERTA,#ACABADO EN TELA DINO 17";TELA OFERTA;0;0;-1;0;-1;No;"391,71";"382,75";"797,23";;;;"0,419079186683893";"0,419079186683893";09/07/2024;10/07/2024;S;N;S;S;VENDER;;;0;0;0
ALMACEN REPARACIONES;FUENSANTA SIGLO XXI S.L.U.;NINGUNA;00001 - Muebles;00057 - Asientos;00002 - Sofás;00008 - Chaise longues; -;Asientos;;01340001010425;"CHAISELONGUE IZQUIERDA 285 CM MOD. 1009 CON ARCON TELA OFERTA,#ACABADO EN TELA BALI 26";TELA OFERTA;0;0;-1;0;-1;No;"446,33";"416,83";"900,25";;;;"0,439750846986948";"0,439750846986948";26/04/2024;09/05/2024;S;N;S;S;COLECCION;;;0;0;0
ALMACEN REPARACIONES;FUENSANTA SIGLO XXI S.L.U.;NINGUNA;00001 - Muebles;00057 - Asientos;00002 - Sofás;00099 - Acc Asientos; -;Asientos;;01340001010222;ACCESORIO C INVENTARIABLE;1340INV;0;13;11;0;24;No;0;"27,52";0;;;;;;09/02/2026;22/12/2025;S;N;S;S;VENDER;;;0;"357,76";0
ALMACEN REPARACIONES;FUENSANTA SIGLO XXI S.L.U.;SANTORINI;00001 - Muebles;00057 - Asientos;00002 - Sofás;00008 - Chaise longues; -;Asientos;;01340001010380;"CHAISELONGUE 280 CM IZDA. SANTORINI TELA OFERTA,#ACABADO EN TELA GALA GRIS";TELA OFERTA;0;0;-1;0;-1;No;"445,12";"444,07";"903,76";;819;"903,76";"0,405456426484907";"0,343925885225885";09/02/2026;30/01/2026;S;N;S;S;COLECCION STOCK;;;0;0;0
ALMACEN REPARACIONES;FUENSANTA SIGLO XXI S.L.U.;SANTORINI;00001 - Muebles;00057 - Asientos;00002 - Sofás;00008 - Chaise longues; -;Asientos;;01340001010450;"CHAISELONGUE 280 CM DCHA. SANTORINI TELA OFERTA,#ACABADO EN TELA GALA GRIS OSCURO";TELA OFERTA;0;0;-1;0;-1;No;"445,12";428;"903,76";;;;"0,4269717624148";"0,4269717624148";03/07/2025;04/07/2025;S;N;S;S;VENDER;;;0;0;0
ALMACEN REPARACIONES;FUENSANTA SIGLO XXI S.L.U.;SOFIA;00001 - Muebles;00057 - Asientos;00002 - Sofás;00008 - Chaise longues; -;Asientos;6334117-51456;01340001010149;"CHAISELONGUE 275 CM DERECHA BRAZO ARCON SOFIA TELA OFERTA,#ACABADO EN TELA FUTUR 16";TELA OFERTA;0;3;2;0;5;No;"320,46";"302,48";"654,14";;559;"654,14";"0,440485522976733";"0,345257960644007";31/10/2025;04/10/2025;S;N;S;S;VENDER;8435676701425;;"961,38";"907,44";"1962,42"
ALMACEN REPARACIONES;FUENSANTA SIGLO XXI S.L.U.;SOFIA;00001 - Muebles;00057 - Asientos;00002 - Sofás;00008 - Chaise longues; -;Asientos;6334119-51722;01340001010152;"CHAISELONGUE 275 CM IZQUIERDA BRAZO ARCON SOFIA SERIE OFERTA,#ACABADO EN TELA FUTUR 25";SERIE OFERTA;0;1;0;0;1;No;"320,46";"300,98";"654,14";;559;"654,14";"0,443260158375883";"0,348504830053667";03/07/2025;27/01/2026;S;N;S;S;VENDER;8435676701470;;"320,46";"300,98";"654,14"
ALMACEN REPARACIONES;FUENSANTA SIGLO XXI S.L.U.;SUPREME;00001 - Muebles;00057 - Asientos;00002 - Sofás;00004 - Sofás; -;Asientos;6348122;01340001010345;"SOFA 3 PZ+CHAISELONGUE DCHA. 280 SUPREME TELA OFERTA,#ACABADO EN TELA ALBI CRUDO";TELA OFERTA;0;0;-1;0;-1;No;"442,32";"427,32";"899,5";;;;"0,425172651473041";"0,425172651473041";20/01/2025;01/02/2025;S;N;S;S;COLECCION;8435676704310;;0;0;0
ALMACEN REPARACIONES;FUENSANTA SIGLO XXI S.L.U.;SUPREME;00001 - Muebles;00057 - Asientos;00002 - Sofás;00008 - Chaise longues; -;Asientos;6348121-52576;01340001010157;"SOFA 3 PZ+CHAISELONGUE IZDA. 280 SUPREME TELA OFERTA,#ACABADO EN TELA ALBI ARENA";TELA OFERTA;0;0;-1;0;-1;No;"442,32";"427,31";"899,5";;;;"0,425186103390773";"0,425186103390773";30/05/2025;04/06/2025;S;N;S;S;COLECCION;8435676702392;;0;0;0
ALMACEN REPARACIONES;FUENSANTA SIGLO XXI S.L.U.;SUPREME;00001 - Muebles;00057 - Asientos;00002 - Sofás;00008 - Chaise longues; -;Asientos;6348121-54041;01340001010159;"SOFA 3 PZ+CHAISELONGUE IZDA. 280 SUPREME TELA OFERTA,#ACABADO EN TELA ALBI AZUL";TELA OFERTA;0;0;-1;0;-1;No;"442,32";"434,18";"899,5";;769;"899,5";"0,415944635908838";"0,316829908972692";05/12/2025;17/01/2026;S;N;S;S;COLECCION STOCK;8435676702392;;0;0;0
ALMACEN REPARACIONES;FUENSANTA SIGLO XXI S.L.U.;VIENA;00001 - Muebles;00057 - Asientos;00002 - Sofás;00008 - Chaise longues; -;Asientos;6397125-51049;01340001010171;"CHAISELONGUE 280 CM DCHA. VIENA TELA OFERTA,#ACABADO EN TELA FUTUR 24";TELA OFERTA;0;0;-1;0;-1;No;391;"338,14";"789,27";;;;"0,481610348803325";"0,481610348803325";20/06/2025;14/08/2025;S;N;S;S;VENDER;8435676710625;;0;0;0
ALMACEN REPARACIONES;FUENSANTA SIGLO XXI S.L.U.;VIENA;00001 - Muebles;00057 - Asientos;00002 - Sofás;00008 - Chaise longues; -;Asientos;6397126-51049;01340001010172;"CHAISELONGUE 280 CM IZDA. VIENA TELA OFERTA,#ACABADO EN TELA FUTUR 24";TELA OFERTA;0;1;0;0;1;No;391;"369,53";"789,27";;;;"0,43348752644849";"0,43348752644849";24/09/2025;30/09/2025;S;N;S;S;VENDER;8435676710632;;391;"369,53";"789,27"
ALMACEN REPARACIONES;"FUNAMI INTERNACIONAL,S.L.";NINGUNA;00001 - Muebles;00057 - Asientos;00002 - Sofás;00001 - Sillas; -;Asientos;6278960-18;00787001010050;"SILLA EXPLORE MC56-2  855-018210,#ACABADO EN BEIG";855-018210;0;2;2;0;4;No;"66,15";"65,01";129;;"65,9";129;"0,390216279069767";"-0,193658573596358";09/03/2021;;S;N;S;N;LIQUIDACION;2000062789606;2;"132,3";"130,02";258
ALMACEN REPARACIONES;GESTION INTEGRAL DE ALMACENES S.L;NINGUNA;00002 - Electrodomesticos;00006 - Gran Electrodoméstico;00008 - Calentadores de Agua;00001 - Calentadores; -;Gran Electrodoméstico;6400621;01425001010008;TERMO VERTICAL 80L ESSENTIAL ECO HTW HTW-TV-80ESSECO;HTWTV80ESSECO;0;0;-1;0;-1;No;"87,24";"87,27";"150,74";;109;151;"0,299477908982354";"0,031222935779817";30/12/2024;15/04/2025;S;N;N;N;ULTIMAS UNIDADES;8435483843844;2;0;0;0
ALMACEN REPARACIONES;GESTION INTEGRAL DE ALMACENES S.L;NINGUNA;00002 - Electrodomesticos;00006 - Gran Electrodoméstico;00008 - Calentadores de Agua;00001 - Calentadores; -;Gran Electrodoméstico;;01425001010017;CALENTADOR ESTANCO UAN- 11 LITROS.+ TUBO SALIDA GASES GN V2 HTW-CLE-11NOXUA2GN;HTWCLE11NOXUA2GNSGCLC11M;0;0;-2;0;-2;No;"199,83";"199,83";348;"182,81";239;348;"0,305188793103448";"-0,011691631799163";05/08/2024;22/11/2025;S;N;N;N;ULTIMAS UNIDADES;8435483848702;3;0;0;0
ALMACEN REPARACIONES;GESTION INTEGRAL DE ALMACENES S.L;NINGUNA;00002 - Electrodomesticos;00015 - Climatización;00001 - Climatización;00001 - Acondicionadores; -;Climatización;;01425001010024;SPLIT INVERTER 3.000Fr OEM3 CLASE A++ WIFI READY S035OEM3;S035OEM3;0;0;-1;0;-1;No;189;189;"368,55";;"240,79";"368,55";"0,379487179487179";"0,050251256281407";23/09/2024;20/12/2024;S;N;N;N;LIQUIDACION;8435483853331;;0;0;0
ALMACEN REPARACIONES;GESTION INTEGRAL DE ALMACENES S.L;NINGUNA;00002 - Electrodomesticos;00015 - Climatización;00001 - Climatización;00005 - Calefactores; -;Climatización;;01425001010013;CALEFACTOR CERAMICO 2000W HTW CAL2000BLACK;CAL2000BLACK;0;1;0;0;1;No;"12,18";"12,18";"22,89";;"19,61";"22,89";"0,356146788990826";"0,248454869964304";27/01/2026;01/12/2025;S;N;S;N;OFERTA;8435483836105;;"12,18";"12,18";"22,89"
ALMACEN REPARACIONES;GLICERIO CHAVES HORNERO S.L.;KIBUC;00001 - Muebles;00050 - Dormitorios Matrimonio;00001 - Dormitorio; -; -;Dormitorios;;04057004002241;"CAJONERA 3 CAJONES INTERIOR 106,2 EOS20";MJ3326;0;0;-1;0;-1;No;"101,06";"101,06";232;"98,03";;;"0,472919827586207";"0,472919827586207";12/11/2025;02/12/2025;S;N;S;S;VENDER;;;0;0;0
ALMACEN REPARACIONES;GLICERIO CHAVES HORNERO S.L.;KIBUC;00001 - Muebles;00050 - Dormitorios Matrimonio;00001 - Dormitorio; -; -;Dormitorios;;04057004002348;"ESTANTE ARM RECTOS PARA INTERIOR 41,6 EOS20";MJ3433;0;1;0;0;1;No;"7,09";"7,09";16;"6,88";;;"0,46381875";"0,46381875";11/02/2026;11/09/2025;S;N;S;S;VENDER;;;"7,09";"7,09";16
ALMACEN REPARACIONES;GLICERIO CHAVES HORNERO S.L.;KIBUC;00001 - Muebles;00050 - Dormitorios Matrimonio;00001 - Dormitorio; -; -;Dormitorios;;04057004002810;SINFONIER 7C LAC 554 MATRIMONIO K19 TIR EMB;MJ4139A;0;0;-2;0;-2;No;"271,27";"271,27";624;"263,13";;;"0,473979647435897";"0,473979647435897";12/08/2025;11/09/2025;S;N;S;S;VENDER;;;0;0;0
ALMACEN REPARACIONES;GLICERIO CHAVES HORNERO S.L.;KIBUC;00001 - Muebles;00050 - Dormitorios Matrimonio;00001 - Dormitorio; -; -;Dormitorios;;04057004003188;MESITA 3C 454 MATRIMONIO KUBICA 19;MJ4569;0;2;2;0;4;No;"95,74";"92,87";220;"92,87";;;"0,489215";"0,489215";15/10/2025;20/10/2025;S;N;S;S;VENDER;;;"191,48";"185,74";440
ALMACEN REPARACIONES;GLICERIO CHAVES HORNERO S.L.;KIBUC;00001 - Muebles;00050 - Dormitorios Matrimonio;00001 - Dormitorio; -; -;Dormitorios;;04057004003204;"COMODIN 4C+4C 133,8 MATRIMONIO KUBICA 19";MJ4585;0;1;0;0;1;No;"260,04";"252,24";598;"252,24";;;"0,489614715719064";"0,489614715719064";15/10/2025;20/10/2025;S;N;S;S;VENDER;;;"260,04";"252,24";598
ALMACEN REPARACIONES;GLICERIO CHAVES HORNERO S.L.;KIBUC;00001 - Muebles;00050 - Dormitorios Matrimonio;00001 - Dormitorio; -; -;Dormitorios;;04057004004278;CABEZAL LISO 1450X1150;MJ9711;0;2;1;0;3;No;"86,88";"83,06";200;"84,27";;;"0,497487";"0,497487";29/12/2025;27/01/2026;S;N;S;S;VENDER;;;"173,76";"166,12";400
ALMACEN REPARACIONES;GLICERIO CHAVES HORNERO S.L.;KIBUC;00001 - Muebles;00050 - Dormitorios Matrimonio;00001 - Dormitorio; -; -;Dormitorios;;04057004004714;CABEZAL CALGARY 1500X1500;MJ9409;0;0;-1;0;-1;No;"159,57";"159,57";367;"154,78";;;"0,47389727520436";"0,47389727520436";12/11/2025;28/11/2025;S;N;S;S;VENDER;;;0;0;0
ALMACEN REPARACIONES;GLICERIO CHAVES HORNERO S.L.;KIBUC;00001 - Muebles;00050 - Dormitorios Matrimonio;00001 - Dormitorio; -; -;Dormitorios;;04057004004726;CABEZAL CAPRI 1600X1150;MJ9421;0;1;0;0;1;No;"153,66";"149,05";353;"149,05";;;"0,489092067988669";"0,489092067988669";15/10/2025;25/11/2025;S;N;S;S;VENDER;;;"153,66";"149,05";353
ALMACEN REPARACIONES;GLICERIO CHAVES HORNERO S.L.;KIBUC;00001 - Muebles;00051 - Camas juveniles;00002 - Modular;00004 - Modulos; -;Dormitorios Juveniles;;04057003010192;ACCESORIO  C INVENTARIABLE;4057INV;0;2;2;0;4;No;0;"12,24";0;;;;;;11/02/2026;31/01/2026;S;N;S;S;VENDER;;;0;"24,48";0
ALMACEN REPARACIONES;GLICERIO CHAVES HORNERO S.L.;KIBUC;09999 - KIBUC;00004 - Juveniles; -; -; -;Juvenil;;04057002001230;COSTADO F22 TERMINAL 248;D3164;0;0;-1;0;-1;No;"50,05";"50,05";115;"48,55";;;"0,473386956521739";"0,473386956521739";10/02/2026;28/11/2025;S;N;N;N;VENDER;;;0;0;0
ALMACEN REPARACIONES;GLICERIO CHAVES HORNERO S.L.;KIBUC;09999 - KIBUC;00004 - Juveniles; -; -; -;Juvenil;;04057002006315;ARCON ZAPATERO LATERAL F22 DE 51X101;D9004;0;1;1;0;2;No;"126,5";"126,5";291;"122,7";;;"0,474003436426117";"0,474003436426117";12/11/2025;17/11/2025;S;N;N;N;VENDER;;;"126,5";"126,5";291
ALMACEN REPARACIONES;"GLOBAL SOFÁS, S.L.";KIBUC;00001 - Muebles;00057 - Asientos;00002 - Sofás;00008 - Chaise longues; -;Tapiceria;;01144001000376;ACCESORIO C INVENTARIABLE;1144INV;0;1;1;0;2;No;0;0;0;;;;;;16/02/2024;;S;N;S;S;VENDER;;;0;0;0
ALMACEN REPARACIONES;GROUPE SEB IBERICA S.A.;KRUPS;00002 - Electrodomesticos;00007 - Pequeño Electrodoméstico;00001 - Cocina;00005 - Cafeteras; -;Pequeño Electrodoméstico;6351904;00098001010020;CAFETERA DOLCE GUSTO KRUPS KP1201SC MINI ME BLANCA Y GRIS;KP1201SCMINIMEBLANCAYGRIS;0;1;0;0;1;No;"67,09";"47,51";"79,9";;;;"0,280511889862328";"0,280511889862328";04/02/2025;;S;N;N;S;NO COLECCION;2000063519042;;"67,09";"47,51";"79,9"
ALMACEN REPARACIONES;GROUPE SEB IBERICA S.A.;KRUPS;00002 - Electrodomesticos;00007 - Pequeño Electrodoméstico;00001 - Cocina;00005 - Cafeteras; -;Pequeño Electrodoméstico;6365388;00098001010022;CAFETERA DOLCE GUSTO KRUPS PICCOLO XS ROJA KP1A05SC;PICCOLOXSROJAKP1A05SC;0;0;-1;0;-1;No;"26,65";"34,21";"59,9";;"39,9";"59,9";"0,308946577629382";"-0,037446115288221";04/02/2025;15/02/2024;S;N;N;S;NO COLECCION;3016661155604;;0;0;0
ALMACEN REPARACIONES;GROUPE SEB IBERICA S.A.;ROWENTA;00002 - Electrodomesticos;00007 - Pequeño Electrodoméstico;00002 - Aseo;00010 - Planchas Pelo; -;Pequeño Electrodoméstico;6256172;00098001000010;PLANCHA DE PELO ROWENTA SF7460F0;SF7460F0;0;1;1;0;2;No;"39,51";"35,79";"61,9";;"48,1";"61,9";"0,300389337641357";"0,099669438669439";03/11/2023;;S;S;N;N;LIQUIDACION;3121040060131;;"39,51";"35,79";"61,9"
ALMACEN REPARACIONES;GROUPE SEB IBERICA S.A.;ROWENTA;00002 - Electrodomesticos;00007 - Pequeño Electrodoméstico;00003 - Hogar;00006 - Planchas; -;Pequeño Electrodoméstico;6303017;00098001000017;CENTRO PLANCHADO ROWENTA IS8460;IS8460;0;1;1;0;2;No;"143,99";"125,66";"217,3";;"168,9";"217,3";"0,300282558674643";"0,099771462403789";04/02/2025;15/10/2024;S;N;N;N;LIQUIDACION;3121040071687;;"143,99";"125,66";"217,3"
ALMACEN REPARACIONES;GRUPA FORTE S.A.;L100;00001 - Muebles;00052 - Salón;00002 - Salón comedor;00104 - Aparadores; -;Salón;;04915001010000;APARADOR 1P 3C 138*87CM R.MAUVELLA / SAND KQLK222L-M802;KQLK222L-M802;0;0;-1;0;-1;No;123;"119,21";"248,05";;219;"240,1";"0,418487804878049";"0,341351141552511";12/01/2026;29/12/2025;S;N;S;S;COLECCION C/A;5904767846077;;0;0;0
ALMACEN REPARACIONES;GRUPA FORTE S.A.;L42;00001 - Muebles;00052 - Salón;00002 - Salón comedor;00001 - Muebles tv; -;Salón;;04915001010008;MODULO TV 1P 2C 203*56CM R.WATERFORD / NEGRO  KZMT231-M328;KZMT231-M328;0;0;-3;0;-3;No;200;"194,32";"403,34";;359;"390,39";"0,417049635543214";"0,345049582172702";31/01/2026;28/01/2026;S;N;S;S;COLECCION C/A;5904767835163;;0;0;0
ALMACEN REPARACIONES;GRUPA FORTE S.A.;NINGUNA;00001 - Muebles;00050 - Dormitorios Matrimonio;00001 - Dormitorio;00003 - Armarios; -;Dormitorios matrimonio;;04915001010025;ACCESORIO C INVENTARIABLE MOBILIARIO;4915INV;0;2;2;0;4;No;0;0;0;;;;;;04/02/2026;;S;N;S;S;VENDER;;;0;0;0
ALMACEN REPARACIONES;GRUPA FORTE S.A.;W02;00001 - Muebles;00050 - Dormitorios Matrimonio;00001 - Dormitorio;00003 - Armarios; -;Dormitorios matrimonio;;04915001010014;ARMARIO 2P 3C 200*201CM BLANCO  W2QS323E71-120;W2QS323E71-120;0;0;-3;0;-3;No;201;"195,06";"405,36";;;;"0,417745707519242";"0,417745707519242";02/02/2026;10/02/2026;S;N;S;S;COLECCION C/A;5904767544355;;0;0;0
ALMACEN REPARACIONES;GRUPA FORTE S.A.;W1;00001 - Muebles;00050 - Dormitorios Matrimonio;00001 - Dormitorio;00003 - Armarios; -;Dormitorios matrimonio;;04915001010030;ARMARIO 2P CORREDERAS 200.1X209.7X61.2CM  PIEZA CENTRAL REVERSIBLE  BLANCO-ROBLE SONOMA WNPS323E1-Q45  W1;WNPS323E1-Q45;0;0;-2;0;-2;No;158;158;"318,64";;;;"0,400012553351745";"0,400012553351745";24/01/2026;27/01/2026;S;N;S;S;VENDER;;;0;0;0
ALMACEN REPARACIONES;GRUPA FORTE S.A.;W19;00001 - Muebles;00050 - Dormitorios Matrimonio;00001 - Dormitorio;00003 - Armarios; -;Dormitorios matrimonio;;04915001010016;ARMARIO CON ESTANTES 4P 4C 206*200CM BLANCO  MKSS841-120;MKSS841-120;0;0;-2;0;-2;No;199;199;"401,32";;349;"388,45";"0,400004983554271";"0,310057306590258";10/02/2026;09/02/2026;S;N;S;S;COLECCION C/A;5904767843298;;0;0;0
ALMACEN REPARACIONES;GRUPA FORTE S.A.;W21;00001 - Muebles;00050 - Dormitorios Matrimonio;00001 - Dormitorio;00003 - Armarios; -;Dormitorios matrimonio;;04915001010017;ARMARIO RECIBIDOR 2P ESTANTES INCL. 120*210CM BLANCO  HMNS62232-120;HMNS62232-120;0;0;-2;0;-2;No;103;103;"207,72";;;;"0,40000962834585";"0,40000962834585";02/02/2026;12/02/2026;S;N;S;S;COLECCION C/A;5904767227500;;0;0;0
ALMACEN REPARACIONES;GRUPO FORMA 5 SL;NINGUNA;00001 - Muebles;00051 - Camas juveniles;00002 - Modular;00003 - Elementos; -;Dormitorios Juveniles;;01444001010121;ACCESORIO  C INVENTARIABLE;INV1444;0;1;1;0;2;No;0;0;0;;;;;;19/11/2025;;S;N;S;S;VENDER;;;0;0;0
ALMACEN REPARACIONES;GUANGDONF BAINUO SUPPLI CO.LTD;LARSON;00001 - Muebles;00057 - Asientos;00002 - Sofás;00008 - Chaise longues; -;Asientos;6348221-52173;01362001010022;"CHAISELONGUE 240X87X83 LARSON,#ACABADO EN TELA MA-1006-13 AZUL CLARO";;0;1;1;0;2;No;"354,92";"354,83";"887,99";;359;1189;"0,516498721832453";"-0,195945125348189";;24/10/2023;S;N;N;N;LIQUIDACION;8435676700459;5;"354,92";"354,83";"887,99"
ALMACEN REPARACIONES;GUANGDONF BAINUO SUPPLI CO.LTD;OPORTO;00001 - Muebles;00057 - Asientos;00002 - Sofás;00013 - Sofás cama; -;Asientos;6338738-51261;01362001010014;"SOFA CAMA 168X88X77 OPORTO JH957,#ACABADO EN TELA HE471-16 GRIS";JH957;0;1;1;0;2;No;"147,23";"137,35";429;;179;429;"0,612602564102564";"0,07154469273743";;03/05/2025;S;N;N;N;LIQUIDACION;8435676700282;3;"147,23";"137,35";429
ALMACEN REPARACIONES;GUANGDONF BAINUO SUPPLI CO.LTD;SOHO;00001 - Muebles;00057 - Asientos;00002 - Sofás;00013 - Sofás cama; -;Asientos;6314704-50070;01362001010023;"SOFA CAMA 192X96X89 SOHO JH815,#ACABADO EN TELA MA-1006 VISON";JH815;0;1;1;0;2;No;"162,63";"125,07";469;;129;549;"0,67732473347548";"-0,173137209302325";;;S;S;N;N;LIQUIDACION;;"1,89";"162,63";"125,07";469
ALMACEN REPARACIONES;GUANGDONF BAINUO SUPPLI CO.LTD;TOKIO;00001 - Muebles;00057 - Asientos;00002 - Sofás;00013 - Sofás cama; -;Asientos;6338737-51259;01362001010013;"SOFA CAMA 206X75X89 TOKIO JH846L,#ACABADO EN TELA HE471-10 GRIS";JH846L;0;1;1;0;2;No;"162,84";"144,04";349;;;;"0,500606303724928";"0,500606303724928";;28/01/2025;S;N;N;N;LIQUIDACION;8435676703344;3;"162,84";"144,04";349
ALMACEN REPARACIONES;Grupo Mobiliario de Madrid S.L.;NINGUNA;00001 - Muebles;00055 - Textil;00004 - Cocina;00099 - Acc. de Cocina; -;Cocinas;;04585000000007;AMPLIACION MOBILIARIO COCINA SEGÚN PRESUPUESTO 25-03819;25-03819;0;0;-1;0;-1;No;"4838,69";"4838,69";"7142,87";;;;"0,180327389410699";"0,180327389410699";15/07/2025;09/12/2025;S;N;S;S;VENDER;;;0;0;0
ALMACEN REPARACIONES;HAIER SMART HOME IBERIA S.A;CANDY;00002 - Electrodomesticos;00006 - Gran Electrodoméstico;00002 - Frio;00003 - Combinados; -;Gran Electrodoméstico;6337626;00265001010009;"COMBINADO 201X59,5X63 CM A++ NO FROST CANDY CMDNB6204W";CMDNB6204W;0;1;1;0;2;No;269;"267,99";"463,09";;"341,42";"463,09";"0,299773478157594";"0,050237537344034";;;S;N;N;N;LIQUIDACION;8059019000343;;269;"267,99";"463,09"
ALMACEN REPARACIONES;HAIER SMART HOME IBERIA S.A;CANDY;00002 - Electrodomesticos;00006 - Gran Electrodoméstico;00003 - Lavado;00001 - Lavadoras; -;Gran Electrodoméstico;6342370;00265001010014;LAVASECADORA 9+6 KG.1400 RPM AAA CANDY CSOW 4965TWE/1-S;CSOW4965TWE1S;0;1;0;0;1;No;"257,21";"270,95";"504,78";;393;"504,78";"0,350510123221998";"0,165777353689567";;;S;N;S;S;OFERTA;8059019004266;;"257,21";"270,95";"504,78"
ALMACEN REPARACIONES;HAIER SMART HOME IBERIA S.A;CANDY;00002 - Electrodomesticos;00006 - Gran Electrodoméstico;00003 - Lavado;00002 - Lavavajillas; -;Gran Electrodoméstico;6341800;00265001010012;LAVAVAJILLAS BRAVA 13 SERVICIOS A+++ WIFI CANDY HCF3C7LFW;HCF3C7LFW;0;0;-1;0;-1;No;"285,16";"282,8";457;;;;"0,251229759299781";"0,251229759299781";01/07/2024;25/02/2025;S;N;N;N;ULTIMAS UNIDADES;8059019015897;"4,57";0;0;0
ALMACEN REPARACIONES;HAIER SMART HOME IBERIA S.A;CANDY;00002 - Electrodomesticos;00006 - Gran Electrodoméstico;00004 - Secado;00001 - Secadoras; -;Gran Electrodoméstico;6341798;00265001010011;SECADORA BOMBA A++ 8KGS WIFI CANDY CSOH8A2TE-S;CSOH8A2TES;0;1;1;0;2;No;"281,54";"275,97";"476,89";;"351,59";"476,89";"0,299788840193755";"0,050246878466396";04/03/2024;;S;N;N;N;LIQUIDACION;8016361993327;;"281,54";"275,97";"476,89"
ALMACEN REPARACIONES;HAIER SMART HOME IBERIA S.A;CANDY;00002 - Electrodomesticos;00006 - Gran Electrodoméstico;00004 - Secado;00001 - Secadoras; -;Gran Electrodoméstico;6364711;00265001010030;SECADORA CONDENSACION ELECT.8 KG. CANDY CSEC8LF-S;CSEC8LFS;0;1;0;0;1;No;"229,74";"229,74";398;;;;"0,301544221105528";"0,301544221105528";19/05/2025;10/02/2024;S;N;N;N;OFERTA;8059019037462;;"229,74";"229,74";398
ALMACEN REPARACIONES;HAIER SMART HOME IBERIA S.A;HOOVER;00002 - Electrodomesticos;00006 - Gran Electrodoméstico;00003 - Lavado;00001 - Lavadoras; -;Gran Electrodoméstico;6355441;00265001010027;LAVADORA C/SUPERIOR 8 KG. 1200 RPM  CLASE F HOOVER H3TM 28TACE/1-S;H3TM28TACE1S;0;1;0;0;1;No;"304,61";"290,56";"459,61";;;;"0,235052326972868";"0,235052326972868";20/05/2024;26/03/2024;S;N;N;N;LIQUIDACION;8059019017761;0;"304,61";"290,56";"459,61"
ALMACEN REPARACIONES;HEBEI JIAZHOU SUPPLY CHAIN MANAGEME;ALHAMBRA;00001 - Muebles;00057 - Asientos;00002 - Sofás;00013 - Sofás cama; -;Asientos;6400416-54839;01547001010012;"SOFA CAMA 216X81X87 ALHAMBRA QLM-154,#ACABADO EN TELA COMO 5 GRIS CLARO";QLM-154;0;2;2;0;4;No;"142,83";"143,49";309;;199;309;"0,43811359223301";"0,127523115577889";24/08/2023;15/07/2025;S;N;N;N;LIQUIDACION;8435676710557;6;"285,66";"286,98";618
ALMACEN REPARACIONES;HEBEI JIAZHOU SUPPLY CHAIN MANAGEME;DENZO 2;00001 - Muebles;00057 - Asientos;00002 - Sofás;00013 - Sofás cama; -;Asientos;6401427-54834;01547001010023;"SOFA CAMA 140X89X99 DENZO 2 LLM-93,#ACABADO EN TELA COMO 27 BEIG";LLM-93;0;0;-1;0;-1;No;"154,26";"152,74";329;;199;"339,01";"0,438251063829787";"0,071279396984925";24/03/2025;18/12/2025;S;N;N;N;LIQUIDACION;8435676710830;4;0;0;0
ALMACEN REPARACIONES;HEBEI JIAZHOU SUPPLY CHAIN MANAGEME;DENZO 2;00001 - Muebles;00057 - Asientos;00002 - Sofás;00013 - Sofás cama; -;Asientos;6401427-54835;01547001010022;"SOFA CAMA 140X89X99 DENZO 2 LLM-93,#ACABADO EN TELA COMO 11 GRIS";LLM-93;0;1;1;0;2;No;"150,89";"151,11";329;;199;329;"0,444245896656535";"0,081190452261307";24/03/2025;11/02/2026;S;N;N;N;LIQUIDACION;8435676710816;4;"150,89";"151,11";329
ALMACEN REPARACIONES;HEBEI JIAZHOU SUPPLY CHAIN MANAGEME;DENZO 2;00001 - Muebles;00057 - Asientos;00002 - Sofás;00013 - Sofás cama; -;Asientos;6401427-54837;01547001010021;"SOFA CAMA 140X89X99 DENZO 2 LLM-93,#ACABADO EN TELA COMO 18 GRIS OSCURO";LLM-93;0;1;0;0;1;No;"150,89";"150,49";329;;199;329;"0,446526139817629";"0,084960301507538";15/10/2025;14/01/2026;S;N;N;N;LIQUIDACION;8435676710823;4;"150,89";"150,49";329
ALMACEN REPARACIONES;HEBEI JIAZHOU SUPPLY CHAIN MANAGEME;DENZO 2;00001 - Muebles;00057 - Asientos;00002 - Sofás;00013 - Sofás cama; -;Asientos;6401428-54835;01547001010024;"SILLON CAMA 90X89X88 DENZO 2 LLM-86,#ACABADO EN TELA COMO 11 GRIS";LLM-86;0;0;-1;0;-1;No;"112,18";"112,2";229;;149;"249,01";"0,407152838427948";"0,088845637583893";24/03/2025;11/02/2026;S;N;N;N;LIQUIDACION;8435676710847;3;0;0;0
ALMACEN REPARACIONES;HEBEI JIAZHOU SUPPLY CHAIN MANAGEME;LUKY;00001 - Muebles;00057 - Asientos;00002 - Sofás;00013 - Sofás cama; -;Asientos;6401429-54834;01547001010028;"SOFA CAMA 140X85X86 LUKY LLM-74 NIA,#ACABADO EN TELA COMO 27 BEIG";LLM-74 NIA;0;1;1;0;2;No;"143,53";"143,53";309;;;;"0,437956957928803";"0,437956957928803";07/08/2024;26/03/2025;S;N;N;N;LIQUIDACION;8435676710809;;"143,53";"143,53";309
ALMACEN REPARACIONES;HEBEI JIAZHOU SUPPLY CHAIN MANAGEME;MALAGA 2;00001 - Muebles;00057 - Asientos;00002 - Sofás;00013 - Sofás cama; -;Asientos;6401670;01547001010050;"SOFA CAMA 203X85X84 MALAGA 2 QLM-156,#ACABADO EN UF860 19B GRIS OSCURO";QLM-156;0;4;1;0;5;No;"180,55";"179,45";389;;359;389;"0,441813624678663";"0,39516852367688";15/01/2026;12/01/2026;S;N;N;N;LIQUIDACION;;5;"722,2";"717,8";1556
ALMACEN REPARACIONES;HEBEI JIAZHOU SUPPLY CHAIN MANAGEME;MALAGA 2;00001 - Muebles;00057 - Asientos;00002 - Sofás;00013 - Sofás cama; -;Asientos;6401670-54955;01547001010029;"SOFA CAMA 203X85X84 MALAGA 2 QLM-156,#ACABADO EN TELA BARREL 21 ARENA";QLM-156;0;1;1;0;2;No;"142,78";"139,36";389;;;;"0,566515167095116";"0,566515167095116";24/09/2024;21/11/2024;S;N;N;N;LIQUIDACION;8435676711547;;"142,78";"139,36";389
ALMACEN REPARACIONES;HEBEI JIAZHOU SUPPLY CHAIN MANAGEME;MALAGA 2;00001 - Muebles;00057 - Asientos;00002 - Sofás;00013 - Sofás cama; -;Asientos;;01547001010051;"SOFA CAMA 203X85X84 MALAGA 2 QLM-156,#ACABADO EN TELA UF860 6B VISON";QLM-156;0;1;1;0;2;No;"180,55";"179,59";389;;259;389;"0,441378149100257";"0,160988803088803";27/02/2025;30/10/2025;S;N;N;N;LIQUIDACION;;5;"180,55";"179,59";389
ALMACEN REPARACIONES;HEBEI JIAZHOU SUPPLY CHAIN MANAGEME;VICTOR 2;00001 - Muebles;00057 - Asientos;00002 - Sofás;00013 - Sofás cama; -;Asientos;6400417-54854;01547001010019;"SOFA CAMA 216X76X83 VICTOR 2 QLM-155,#ACABADO EN TELA COMO 91 ROSA";QLM-155;0;1;0;0;1;No;"137,12";"137,12";279;;159;279;"0,405321863799283";"-0,043491823899371";07/08/2024;07/02/2026;S;N;N;N;LIQUIDACION;8435676710595;4;"137,12";"137,12";279
ALMACEN REPARACIONES;HIMOLLA POLSTERMOEBEL GMBH;NINGUNA;00001 - Muebles;00057 - Asientos;00002 - Sofás;00002 - Butacas; -;Asientos;;01293001010013;ACCESORIO MOBILIARIO  C INVENTARIABLE;INV1293;0;0;-1;0;-1;No;129;35;0;;;;;;23/10/2025;06/06/2025;S;N;S;S;VENDER;;;0;0;0
ALMACEN REPARACIONES;HNOS. CASADO DE LOPERA S.L.;K2;00001 - Muebles;00050 - Dormitorios Matrimonio;00001 - Dormitorio;00002 - Cabezales; -;Dormitorios matrimonio;6374654;00704001014089;CABECERO K4 LEDS 150 K2 K4150L;K4150L;0;0;-1;0;-1;No;"230,75";"230,75";"450,33";;;;"0,379993560278018";"0,379993560278018";13/01/2026;27/11/2025;S;N;S;S;VENDER;;;0;0;0
ALMACEN REPARACIONES;HNOS. CASADO DE LOPERA S.L.;K2;00001 - Muebles;00050 - Dormitorios Matrimonio;00001 - Dormitorio;00002 - Cabezales; -;Dormitorios matrimonio;;00704001014611;"CABECERO K3 LEDS 220 TAPIZADO K2 K3L,#ACABADO EN GRIS COCO BLANCO/ TAPIZADO NIDO 5";K3L;0;0;-1;0;-1;No;"277,44";"277,44";"541,45";;;;"0,379993720565149";"0,379993720565149";07/07/2025;28/07/2025;S;N;S;S;VENDER;;;0;0;0
ALMACEN REPARACIONES;HNOS. CASADO DE LOPERA S.L.;K2;00001 - Muebles;00050 - Dormitorios Matrimonio;00001 - Dormitorio;00003 - Armarios; -;Dormitorios matrimonio;6374591;00704001014712;"ARM.2/P CORRED.K2 160X240X60CM K2 CK160,#ACABADO EN AMAZONA GRIS COCO";CK160;0;0;-1;0;-1;No;"557,6";"557,6";"1088,21";;;;"0,379994670146387";"0,379994670146387";21/11/2025;22/11/2025;S;N;S;S;VENDER;;;0;0;0
ALMACEN REPARACIONES;HNOS. CASADO DE LOPERA S.L.;K2;00001 - Muebles;00050 - Dormitorios Matrimonio;00001 - Dormitorio;00003 - Armarios; -;Dormitorios matrimonio;;00704001014614;"ARMARIO 3P ABATIBLES 120 CM K2 AK120,#ACABADO EN BLANCO";AK120;0;0;-1;0;-1;No;"379,44";"379,44";"740,52";;;;"0,38";"0,38";07/07/2025;28/07/2025;S;N;S;S;VENDER;;;0;0;0
ALMACEN REPARACIONES;HNOS. CASADO DE LOPERA S.L.;K2;00001 - Muebles;00050 - Dormitorios Matrimonio;00001 - Dormitorio;00004 - Sinfoniers; -;Dormitorios matrimonio;6374789;00704001014672;"SINFONIER K2 6/C 58CM FR. PATA K2 SK6P,#ACABADO EN AMAZONAS BLANCO";SK6P;0;0;-1;0;-1;No;"173,76";"173,76";"339,11";;;;"0,379995871546106";"0,379995871546106";11/09/2025;27/11/2025;S;N;S;S;VENDER;;;0;0;0
ALMACEN REPARACIONES;HNOS. CASADO DE LOPERA S.L.;K2;00001 - Muebles;00050 - Dormitorios Matrimonio;00001 - Dormitorio;00005 - Mesitas de noche; -;Dormitorios matrimonio;6374720;00704001014671;"MESITA K2 3/C 58CM PATA K2 MK2P,#ACABADO EN AMAZONAS BLANCO";MK2P;0;0;-1;0;-1;No;"120,81";"120,81";"235,77";;;;"0,379988548161344";"0,379988548161344";11/09/2025;27/11/2025;S;N;S;S;VENDER;;;0;0;0
ALMACEN REPARACIONES;HNOS. CASADO DE LOPERA S.L.;K2;00001 - Muebles;00050 - Dormitorios Matrimonio;00001 - Dormitorio;00006 - Cómodas; -;Dormitorios matrimonio;6374668;00704001014568;"COMODA K2 5/C 112CM FR.PATA K2 COK5P,#ACABADO EN ESTRUCTURA GRIS COCO/ CAJONES AMAZONAS / TIRADORES NEGRO / PATA METALICA NEGRA";COK5P;0;0;-1;0;-1;No;"241,62";"234,06";"471,55";;;;"0,399400699819743";"0,399400699819743";06/03/2025;14/03/2025;S;N;S;S;VENDER;;;0;0;0
ALMACEN REPARACIONES;HNOS. CASADO DE LOPERA S.L.;K2;00001 - Muebles;00050 - Dormitorios Matrimonio;00001 - Dormitorio;00006 - Cómodas; -;Dormitorios matrimonio;6374668;00704001014626;"COMODA K2 5/C 112CM FR.PATA K2 COK5P,#ACABADO EN AMAZONA BLANCO";COK5P;0;0;-1;0;-1;No;"241,62";"241,62";"471,55";;;;"0,380001696532711";"0,380001696532711";19/06/2025;04/07/2025;S;N;S;S;VENDER;;;0;0;0
ALMACEN REPARACIONES;HNOS. CASADO DE LOPERA S.L.;K2;00001 - Muebles;00050 - Dormitorios Matrimonio;00001 - Dormitorio;00015 - Dormitorio S/Armario; -;Dormitorios matrimonio;;00704001014472;DORMITORIO S/ARMARIO-S/BANCADA K2 HCCHS02;HCCHS02;0;0;-1;0;-1;No;"821,44";"788,48";"1603,12";;1299;1599;"0,404872498627676";"0,265542109314858";13/01/2026;22/01/2026;S;S;S;S;VENDER;;;0;0;0
ALMACEN REPARACIONES;HNOS. CASADO DE LOPERA S.L.;K2;00001 - Muebles;00052 - Salón;00001 - Convencional;00004 - Vitrinas; -;Salón;6374344;00704001014007;CONJUNTO ESTANTERIA N 4 369X225X35 K2 ETK4;ETK4;0;0;-1;0;-1;No;"1225,36";"1187,89";"2391,41";;;;"0,398954215295579";"0,398954215295579";11/09/2025;08/11/2025;S;N;S;S;VENDER;;;0;0;0
ALMACEN REPARACIONES;HNOS. CASADO DE LOPERA S.L.;K2;00001 - Muebles;00052 - Salón;00001 - Convencional;00099 - Acc. Salón; -;Salón;6384636;00704001014279;"ESTANTE 25X33,3 K2 ESE25";ESE25;0;0;-1;0;-1;No;"10,88";"10,88";"21,23";;;;"0,379896373056995";"0,379896373056995";11/09/2025;07/10/2025;S;N;S;S;VENDER;;;0;0;0
ALMACEN REPARACIONES;HNOS. CASADO DE LOPERA S.L.;K2;00001 - Muebles;00052 - Salón;00001 - Convencional;00099 - Acc. Salón; -;Salón;6384642;00704001014285;"TAPA 100,3X35X3 K2 TA100";TA100;0;1;0;0;1;No;"21,76";"21,76";"42,47";;;;"0,380042382858488";"0,380042382858488";20/11/2025;18/10/2025;S;N;S;S;VENDER;;;"21,76";"21,76";"42,47"
ALMACEN REPARACIONES;HNOS. CASADO DE LOPERA S.L.;K2;00001 - Muebles;00052 - Salón;00001 - Convencional;00099 - Acc. Salón; -;Salón;6384646;00704001014289;"BASE 100,3X35X3 K2 BA100";BA100;0;0;-1;0;-1;No;"21,76";"21,76";"42,47";;;;"0,380042382858488";"0,380042382858488";16/10/2025;18/11/2025;S;N;S;S;VENDER;;;0;0;0
ALMACEN REPARACIONES;HNOS. CASADO DE LOPERA S.L.;K2;00001 - Muebles;00052 - Salón;00002 - Salón comedor;00001 - Muebles tv; -;Salón;6241693;00704001014604;MODULO TV 180/45CM K2 AMAZONA / PUERTA BLANCO-HUECO BLANCO-CAJONES AMAZONA  806 + 109;806 + 109;0;0;-1;0;-1;No;"224,4";"220,06";"437,94";;399;"437,94";"0,391988400237475";"0,332650125313283";13/01/2026;29/01/2026;S;N;S;S;COLECCION STOCK;;;0;0;0
ALMACEN REPARACIONES;HNOS. CASADO DE LOPERA S.L.;K2;00001 - Muebles;00052 - Salón;00002 - Salón comedor;00003 - Modulos; -;Salón;6388890;00704001014299;"CAJONERA DE 2 CAJONES 82,3X34X30 K2 CAJE82";CAJE82;0;0;-1;0;-1;No;"44,88";"44,88";"87,59";;;;"0,380011416828405";"0,380011416828405";11/09/2025;07/10/2025;S;N;S;S;VENDER;;;0;0;0
ALMACEN REPARACIONES;HNOS. CASADO DE LOPERA S.L.;K2;00001 - Muebles;00052 - Salón;00002 - Salón comedor;00003 - Modulos; -;Salón;6394034;00704001014306;"CAJONERA DE 2 CAJONES 102,3X34X30 K2 CAJE102";CAJE102;0;0;-1;0;-1;No;"51,68";"51,68";"100,86";;;;"0,380003965893317";"0,380003965893317";16/10/2025;18/11/2025;S;N;S;S;VENDER;;;0;0;0
ALMACEN REPARACIONES;HNOS. CASADO DE LOPERA S.L.;K2;00001 - Muebles;00052 - Salón;00002 - Salón comedor;00104 - Aparadores; -;Salón;;00704001014638;"APARADOR 150X82,6 K2 AMAZONA BLANCO";K405AAABLBL+PK1095;0;0;-1;0;-1;No;"288,54";"282,35";569;;519;569;"0,399572056239016";"0,341727360308285";21/11/2025;23/01/2026;S;N;S;S;COLECCION STOCK;;;0;0;0
ALMACEN REPARACIONES;HNOS. CASADO DE LOPERA S.L.;MARILYN;00001 - Muebles;00050 - Dormitorios Matrimonio;00001 - Dormitorio;00017 - Elementos; -;Dormitorios matrimonio;6309015;00704001013592;CAJONERA GRANDE PARA ARMARIO PTA.CORRED.2MT. MARILYN;;0;0;-1;0;-1;No;"114,24";"104,03";"222,95";;;;"0,435405696344472";"0,435405696344472";10/04/2025;22/04/2025;S;N;S;S;VENDER;;;0;0;0
ALMACEN REPARACIONES;HNOS. CASADO DE LOPERA S.L.;MARILYN;00001 - Muebles;00052 - Salón;00002 - Salón comedor;00002 - Elementos; -;Salón;6245269;00704001013423;ZOCALO BLANCO 142X7CM PARA MODULO DE 150CM MARILYN M730B;M730B;0;1;1;0;2;No;"20,4";"20,06";"39,81";;;;"0,390288872142678";"0,390288872142678";16/10/2025;25/10/2025;S;N;S;S;VENDER;;;"20,4";"20,06";"39,81"
ALMACEN REPARACIONES;HNOS. CASADO DE LOPERA S.L.;MARILYN;00001 - Muebles;00052 - Salón;00002 - Salón comedor;00003 - Modulos; -;Salón;;00704001014644;"MOD.TV R229 MODELO MARILYN DE 100X36 CON 2 CAJONES BAJOS EN LADO IZQDO., 2 ESTANTES LADO DCHO., CON 1 PUERTA SIN ESTANTE";R229;0;1;1;0;2;No;"285,6";"278,46";"557,37";;;;"0,395488454706927";"0,395488454706927";16/10/2025;25/10/2025;S;N;S;S;VENDER;;;"285,6";"278,46";"557,37"
ALMACEN REPARACIONES;HNOS. CASADO DE LOPERA S.L.;NINGUNA;00001 - Muebles;00050 - Dormitorios Matrimonio;00001 - Dormitorio;00099 - Acc. Dormitorios; -;Dormitorios matrimonio;;00704001014450;ACCESORIO MOBILIARIO  C INVENTARIABLE;704INV;0;20;20;0;40;No;0;"11,36";0;;;;;;26/01/2026;12/02/2026;S;N;S;S;VENDER;;;0;"227,2";0
ALMACEN REPARACIONES;HNOS. CASADO DE LOPERA S.L.;SOFIA;00001 - Muebles;00050 - Dormitorios Matrimonio;00001 - Dormitorio;00002 - Cabezales; -;Dormitorios matrimonio;6315620;00704001013606;CAB.N 102 SOFIA CZ.150 2 PF IG.PEART PF.BLANCO LUZ SOFIA 102CZ150IPBLIPL;102CZ150IPBLIPL;0;0;0;-1;-1;No;"293,74";"284,56";"573,26";;;;"0,399369221644629";"0,399369221644629";;;S;N;S;S;VENDER;2000063156209;;0;0;0
ALMACEN REPARACIONES;HNOS. CASADO DE LOPERA S.L.;TEIDE;00001 - Muebles;00050 - Dormitorios Matrimonio;00001 - Dormitorio;00003 - Armarios; -;Dormitorios matrimonio;;00704003010370;ARMAZON ARM.2/P CORRED.TEIDE AMAZONA 160X240X60 LI  CTL160AM;CTL160AM;0;0;-1;0;-1;No;"486,4";"486,4";"949,26";;;;"0,379997050333944";"0,379997050333944";19/06/2025;24/09/2025;S;N;S;S;VENDER;;;0;0;0
ALMACEN REPARACIONES;HNOS. CASADO DE LOPERA S.L.;TEIDE;00001 - Muebles;00050 - Dormitorios Matrimonio;00001 - Dormitorio;00003 - Armarios; -;Dormitorios matrimonio;;00704003010377;ARMAZON ARM.2/P CORR.TEIDE BLANCO 200CM LISTEL BL.  CTL200BLBL;CTL200BLBL;0;0;-1;0;-1;No;536;536;"1046,06";;;;"0,379997323289295";"0,379997323289295";16/10/2025;20/10/2025;S;N;S;S;VENDER;;;0;0;0
ALMACEN REPARACIONES;HNOS. CASADO DE LOPERA S.L.;TEIDE;00001 - Muebles;00050 - Dormitorios Matrimonio;00001 - Dormitorio;00003 - Armarios; -;Dormitorios matrimonio;;00704003010865;"ARMARIO 2/P CORREDERA FRANJA LISA CT-160 TEIDE,#ACABADO EN A ELEGIR";CTL-240;0;0;-1;0;-1;No;720;720;"1405,35";;;;"0,3800832532821";"0,3800832532821";13/01/2026;15/01/2026;S;N;S;S;VENDER;;;0;0;0
ALMACEN REPARACIONES;HNOS. CASADO DE LOPERA S.L.;TEIDE;00001 - Muebles;00050 - Dormitorios Matrimonio;00001 - Dormitorio;00003 - Armarios;00002 - Armario dormitorio puertas correderas;Dormitorios matrimonio;;00704003010809;ARMARIO 2P CORREDERA 200X240X60 TEIDE  HCCHS03;HCCHS03;0;0;-2;0;-2;No;"510,4";"499,8";"996,1";;;;"0,392874209416725";"0,392874209416725";13/01/2026;12/02/2026;S;S;S;S;VENDER;;;0;0;0
ALMACEN REPARACIONES;HNOS. CASADO DE LOPERA S.L.;TEIDE;00001 - Muebles;00050 - Dormitorios Matrimonio;00001 - Dormitorio;00003 - Armarios;00002 - Armario dormitorio puertas correderas;Dormitorios matrimonio;;00704003010810;ARMARIO 2P CORREDERA 200X240X60 TEIDE HCCHS04;HCCHS04;0;2;1;0;3;No;"510,4";"500,26";"996,1";;899;"996,1";"0,392315430177693";"0,326680088987764";13/01/2026;10/02/2026;S;S;S;S;COLECCION STOCK;;;"1020,8";"1000,52";"1992,2"
ALMACEN REPARACIONES;HNOS. CASADO DE LOPERA S.L.;TEIDE;00001 - Muebles;00050 - Dormitorios Matrimonio;00001 - Dormitorio;00003 - Armarios;00002 - Armario dormitorio puertas correderas;Dormitorios matrimonio;;00704003010937;"ARMARIO 2P CORREDERA FRANJA LISTEL 200X240X60 TEIDE  CTL-200,#ACABADO EN ESTRCUT AMAZONA  PUERTAS BLANCO ALUMINIO NEGRO";CTL-200;0;0;-1;0;-1;No;"510,4";"510,4";"996,1";;;;"0,379997992169461";"0,379997992169461";11/09/2025;13/09/2025;S;S;S;S;VENDER;;;0;0;0
ALMACEN REPARACIONES;HNOS. CASADO DE LOPERA S.L.;TEIDE;00001 - Muebles;00050 - Dormitorios Matrimonio;00001 - Dormitorio;00003 - Armarios;00002 - Armario dormitorio puertas correderas;Dormitorios matrimonio;;00704003010977;"ARMARIO TEIDE 4/P ABAT. 161cm AT160 TEIDE,#ACABADO EN ARMAZON AMAZONA, PUERTAS BLANCAS, LISTEL CENTRAL";AT160;0;0;-1;0;-1;No;"588,8";"559,36";"1149,11";;;;"0,411000165345354";"0,411000165345354";21/11/2025;31/12/2025;S;S;S;S;VENDER;;;0;0;0
ALMACEN REPARACIONES;HNOS. CASADO DE LOPERA S.L.;TEIDE;00001 - Muebles;00050 - Dormitorios Matrimonio;00001 - Dormitorio;00004 - Sinfoniers; -;Dormitorios matrimonio;;00704003010472;SINFONIER TEIDE 6/C 53CM AMAZONA C1 AM.FR.BL.PATA  STAMAMBLP;STAMAMBLP;0;0;-1;0;-1;No;"147,2";"147,2";"287,28";;;;"0,380005569479254";"0,380005569479254";21/11/2025;26/11/2025;S;N;S;S;VENDER;;;0;0;0
ALMACEN REPARACIONES;HNOS. CASADO DE LOPERA S.L.;TEIDE;00001 - Muebles;00050 - Dormitorios Matrimonio;00001 - Dormitorio;00006 - Cómodas; -;Dormitorios matrimonio;;00704003010992;"COMODA TEIDE 5/C 1/C 100CM C1 LIST. COT5L,#ACABADO EN ESTRUCTURA AMAZONAS. 1 CAJON LISTEL AMAZONAS RESTO CAJONES EN GRIS COCO";COT5L;0;0;-1;0;-1;No;184;184;"359,09";;;;"0,379988303767858";"0,379988303767858";13/01/2026;16/01/2026;S;N;S;S;VENDER;;;0;0;0
ALMACEN REPARACIONES;HNOS. CASADO DE LOPERA S.L.;TEIDE;00001 - Muebles;00050 - Dormitorios Matrimonio;00001 - Dormitorio;00011 - Espejos; -;Dormitorios matrimonio;;00704003010385;MARCO ESPEJO TEIDE 60X180CM AMAZONA  MAT2AM;MAT2AM;0;1;1;0;2;No;"70,4";"70,4";"137,39";;;;"0,379983987189752";"0,379983987189752";17/10/2025;23/10/2025;S;N;S;S;VENDER;;;"70,4";"70,4";"137,39"
ALMACEN REPARACIONES;HNOS. CASADO DE LOPERA S.L.;TEIDE;00001 - Muebles;00050 - Dormitorios Matrimonio;00001 - Dormitorio;00015 - Dormitorio S/Armario; -;Dormitorios matrimonio;;00704003010811;DORMITORIO S/ARMARIO-S/BANCADA TEIDE HCCHS05;HCCHS05;0;0;-4;0;-4;No;"508,8";"504,67";"992,97";;899;"992,97";"0,385026033012075";"0,320744493882091";13/01/2026;12/02/2026;S;S;S;S;COLECCION STOCK;;;0;0;0
ALMACEN REPARACIONES;HNOS. CASADO DE LOPERA S.L.;TEIDE;00001 - Muebles;00052 - Salón;00001 - Convencional;00001 - Librerías; -;Salón;;00704003010174;MOD.100X132/40 G.COCO 2/P BLANCO 1/C LISTEL T.BL. TEIDE T18LGCBLTBL- TIRADOR Y PATAS BLANCO;T18LGCBLTBL;0;2;2;0;4;No;"182,4";"167,25";"355,97";;229;"355,97";"0,43149001320336";"0,116277292576419";16/10/2025;09/09/2025;S;N;N;N;BAJA ROTACION;;2;"364,8";"334,5";"711,94"
ALMACEN REPARACIONES;HNOS. CASADO DE LOPERA S.L.;TEIDE;00001 - Muebles;00052 - Salón;00001 - Convencional;00006 - Bodeguero; -;Salón;;00704003010132;MOD.100X178/40 G.COCO 2/P CRISTAL 2/P AMAZONA TEIDE T15GCA;T15GCA;0;0;-1;0;-1;No;"222,4";"222,4";"434,04";;;;"0,380001843148097";"0,380001843148097";16/10/2025;30/10/2025;S;N;S;S;VENDER;;;0;0;0
ALMACEN REPARACIONES;HNOS. CASADO DE LOPERA S.L.;TEIDE;00001 - Muebles;00052 - Salón;00001 - Convencional;00099 - Acc. Salón; -;Salón;;00704003010003;LED PERIMETRAL CONJUNTO PANELES 260X220X64 TEIDE LEDP2;LEDP2;0;0;-1;0;-1;No;"105,6";"105,6";"206,09";;;;"0,379999029550197";"0,379999029550197";11/09/2025;19/09/2025;S;N;S;S;VENDER;;;0;0;0
ALMACEN REPARACIONES;HNOS. CASADO DE LOPERA S.L.;TEIDE;00001 - Muebles;00052 - Salón;00001 - Convencional;00099 - Acc. Salón; -;Salón;;00704003010970;"CAJONERA INTERIOR 3 CAJONES GRANDE ARMARIO 2 P CORREDERA 200 TEIDE,#ACABADO EN AMAZONA";;0;0;-1;0;-1;No;"134,4";"127,68";"262,3";;;;"0,411007243614182";"0,411007243614182";21/11/2025;13/12/2025;S;N;S;S;VENDER;;;0;0;0
ALMACEN REPARACIONES;HNOS. CASADO DE LOPERA S.L.;TEIDE;00001 - Muebles;00052 - Salón;00002 - Salón comedor;00003 - Modulos; -;Salón;;00704003010217;CUBO 40X40/27 AMAZONA TEIDE T23AM;T23AM;0;0;-1;0;-1;No;32;32;"62,45";;;;"0,379983987189752";"0,379983987189752";13/01/2026;16/01/2026;S;N;S;S;VENDER;;;0;0;0
ALMACEN REPARACIONES;HNOS. CASADO DE LOPERA S.L.;TEIDE;00001 - Muebles;00052 - Salón;00002 - Salón comedor;00103 - Estantes; -;Salón;;00704003010211;ESTANTE 150X3/25 G.COCO CON SOPORTES OCULTOS TEIDE T21GC;T21GC;0;0;-1;0;-1;No;56;"54,75";"109,29";;;;"0,393837496568762";"0,393837496568762";17/10/2025;17/10/2025;S;N;S;S;VENDER;;;0;0;0
ALMACEN REPARACIONES;HNOS. CASADO DE LOPERA S.L.;TEIDE;00001 - Muebles;00052 - Salón;00002 - Salón comedor;00103 - Estantes; -;Salón;;00704003010212;ESTANTE 180X3/25 AMAZONA CON SOPORTES OCULTOS TEIDE T22A;T22A;0;1;0;0;1;No;"60,8";"60,8";"118,66";;;;"0,380010112927693";"0,380010112927693";13/01/2026;15/01/2026;S;N;S;S;VENDER;;;"60,8";"60,8";"118,66"
ALMACEN REPARACIONES;HNOS. CASADO DE LOPERA S.L.;TEIDE;00001 - Muebles;00052 - Salón;00002 - Salón comedor;00103 - Estantes; -;Salón;;00704003010213;ESTANTE 180X3/25 AMAZONA CON SOPORTES OCULTOS TEIDE T22AM;T22AM;0;0;-1;0;-1;No;"60,8";"60,8";"118,66";;;;"0,380010112927693";"0,380010112927693";02/10/2025;20/10/2025;S;N;N;N;LIQUIDACION;;;0;0;0
ALMACEN REPARACIONES;HNOS. CASADO DE LOPERA S.L.;TEIDE;00001 - Muebles;00052 - Salón;00002 - Salón comedor;00104 - Aparadores; -;Salón;;00704003010190;APAR.150X99/40 BLANCO 2/C LISTEL BL. 3/H  2/P BL. TEIDE T19LBL;T19LBL;0;0;-1;0;-1;No;216;216;"421,55";;;;"0,380002372197841";"0,380002372197841";19/06/2025;01/07/2025;S;N;S;S;VENDER;;;0;0;0
ALMACEN REPARACIONES;"HOGAR GRANDES CLIENTES, S.L.";NINGUNA;00001 - Muebles;00054 - Menaje;00003 - Servicio de Hogar;00003 - Mesas de Planchar; -;Menage;00191001010003;04926001000003;TABLA DE PLANCHAR MEDIUM  6137.02;6137.02;0;1;0;0;1;No;"21,71";"24,89";"39,8";;;;"0,243293969849246";"0,243293969849246";26/07/2025;23/01/2026;S;N;S;S;VENDER;8412955300678;;"21,71";"24,89";"39,8"
ALMACEN REPARACIONES;HOGLADIH S.L.;BASIC 2.0;00001 - Muebles;00056 - Auxiliares;00001 - Mueble Auxiliar;00099 - Acc. Auxiliar; -;Mueble Auxiliar;;01128003010035;JUEGO 4 PATAS AGUJA PVC NEGRA (OPCIONAL) BASIC 2.0  F245497;F245497;0;1;1;0;2;No;"12,6";12;"25,1";;;;"0,421513944223108";"0,421513944223108";16/12/2025;07/11/2025;S;N;S;S;VENDER;;;"12,6";12;"25,1"
ALMACEN REPARACIONES;HOGLADIH S.L.;NINGUNA;00001 - Muebles;00052 - Salón;00002 - Salón comedor;00001 - Muebles tv; -;Salón;6399530-54868;01128001012893;"H601 BAJO T.V.180 CHELSEA  (1.****)-PR  H6011,#ACABADO EN CHELSEA BLANCO ROTO";H6011;0;0;-1;0;-1;No;"199,58";"177,42";"397,94";;239;379;"0,460526209981404";"0,101764853556485";28/12/2023;18/08/2025;S;N;N;N;BAJA ROTACION;;2;0;0;0
ALMACEN REPARACIONES;HOGLADIH S.L.;NINGUNA;00001 - Muebles;00053 - Decoración;00002 - Decoracion;00003 - Espejos; -;Decoración;;01128001012943;ACCESORIO MOBILIARIO  C INVENTARIABLE;1128INV;0;2;2;0;4;No;0;"12,96";0;;;;;;13/01/2026;11/11/2024;S;N;S;S;VENDER;;;0;"25,92";0
ALMACEN REPARACIONES;HOGLADIH S.L.;NINGUNA;00001 - Muebles;00056 - Auxiliares;00001 - Mueble Auxiliar;00006 - Mesas; -;Mueble Auxiliar;;01128001013021;H204 MESA CENT. FIJA 110*35*60 ANTRACITA/ ***  *PR  H2048 N PATAS NEGRAS;H2048 N;0;0;-1;0;-1;No;"159,89";"159,89";"312,03";;;;"0,37997339999359";"0,37997339999359";13/01/2026;03/10/2025;S;N;S;S;VENDER;;;0;0;0
ALMACEN REPARACIONES;HOGLADIH S.L.;NINGUNA;00001 - Muebles;00056 - Auxiliares;00001 - Mueble Auxiliar;00011 - Zapateros; -;Mueble Auxiliar;6399386;01128001012172;H314/B ZAP.RAYA 70*196*33 BLANCO R (D. ******)  H314B5;H314B5;0;0;-1;0;-1;No;220;220;"429,46";;;;"0,380151818562846";"0,380151818562846";16/12/2025;28/01/2026;S;N;S;S;VENDER;;;0;0;0
ALMACEN REPARACIONES;HOGLADIH S.L.;NINGUNA;00001 - Muebles;00056 - Auxiliares;00001 - Mueble Auxiliar;00017 - Recibidores; -;Mueble Auxiliar;6398334;01128001011122;H116 TAQUILLON 105*25*25 AMAZONA / ....  H116000;H116000;0;0;-1;0;-1;No;"100,93";"100,93";"198,46";;;;"0,384635190970473";"0,384635190970473";21/11/2025;24/01/2026;S;N;S;S;VENDER;;;0;0;0
ALMACEN REPARACIONES;HOGLADIH S.L.;NINGUNA;00001 - Muebles;00056 - Auxiliares;00001 - Mueble Auxiliar;00017 - Recibidores; -;Mueble Auxiliar;6398408;01128001011196;H118/O TAQUILLON  AURORA (F.******) *PR  H118O3;H118O3;0;0;-1;0;-1;No;"159,89";"152,28";"313,94";;;;"0,413076384022425";"0,413076384022425";03/04/2025;21/04/2025;S;N;S;S;VENDER;;;0;0;0
ALMACEN REPARACIONES;HOGLADIH S.L.;NINGUNA;00001 - Muebles;00056 - Auxiliares;00001 - Mueble Auxiliar;00017 - Recibidores; -;Mueble Auxiliar;6400064;01128001012831;RECIBIDOR+ESPEJO BLANCO ROTO/ALCATRAZ TOSTADO  H713I7+H121500;H713I7+H121500;0;1;0;0;1;No;"164,43";"160,65";"324,45";;;;"0,400873786407767";"0,400873786407767";10/02/2026;17/01/2026;S;N;S;S;VENDER;;;"164,43";"160,65";"324,45"
ALMACEN REPARACIONES;HOGLADIH S.L.;NINGUNA;00001 - Muebles;00056 - Auxiliares;00001 - Mueble Auxiliar;00017 - Recibidores; -;Mueble Auxiliar;6400066;01128001012833;RECIBIDOR+ESPEJO+PANEL DECORATIVO BLANCO ROTO/AMAZ  H7155+H1135+H412550*2+H4185+H411550;H7155+H1135+H412550*2+H4185+H411550;0;0;-2;0;-2;No;"303,91";"293,27";"597,45";;;;"0,406047870114654";"0,406047870114654";17/11/2025;11/12/2025;S;N;S;S;VENDER;;;0;0;0
ALMACEN REPARACIONES;HOGLADIH S.L.;NINGUNA;00001 - Muebles;00056 - Auxiliares;00001 - Mueble Auxiliar;00017 - Recibidores; -;Mueble Auxiliar;6400067;01128001012834;RECIBIDOR ANTRACITA C/ALCATRAZ BLANCO CON PATA ALT  H11940+H9006N;H11940+H9006N;0;1;1;0;2;No;"138,35";"138,35";"271,95";;;;"0,384432800147086";"0,384432800147086";17/11/2025;18/11/2025;S;N;S;S;VENDER;;;"138,35";"138,35";"271,95"
ALMACEN REPARACIONES;HOGLADIH S.L.;NINGUNA;00001 - Muebles;00056 - Auxiliares;00001 - Mueble Auxiliar;00099 - Acc. Auxiliar; -;Mueble Auxiliar;6400072;01128001012839;AUXILIAR H308/O ANTRACITA PATA AGUJA  H308O500+H9005O;H308O500+H9005O;0;1;1;0;2;No;"183,71";"183,71";"366,45";;;;"0,393398553690817";"0,393398553690817";30/09/2025;01/10/2025;S;N;S;S;VENDER;;;"183,71";"183,71";"366,45"
ALMACEN REPARACIONES;HOGLADIH S.L.;NINGUNA;00001 - Muebles;00056 - Auxiliares;00001 - Mueble Auxiliar;00099 - Acc. Auxiliar; -;Mueble Auxiliar;;01128001012993;PANEL ALMA NEGRA 50.7X96 ESPECIAL;;0;1;0;0;1;No;"106,6";"101,52";"208,96";;;;"0,412140122511485";"0,412140122511485";03/04/2025;15/04/2025;S;N;S;S;VENDER;;;"106,6";"101,52";"208,96"
ALMACEN REPARACIONES;I.E.RHOINTER ESPAÑA S.L.;NINGUNA;00001 - Muebles;00054 - Menaje;00001 - Servicio Cocina;00003 - Ollas; -;Menage;5938175;01242001010003;OLLA STAR BOMBEADA 6L MAGEFESA 01OPSTABO06(MA-21822);01OPSTABO06(MA-21822);0;1;1;0;2;No;"44,17";"44,18";"75,9";;;;"0,29568115942029";"0,29568115942029";22/01/2026;27/12/2025;S;N;S;N;OFERTA;8429113121822;;"44,17";"44,18";"75,9"
ALMACEN REPARACIONES;I.E.RHOINTER ESPAÑA S.L.;NINGUNA;00001 - Muebles;00054 - Menaje;00001 - Servicio Cocina;00003 - Ollas; -;Menage;5938176;01242001010004;OLLA STAR BOMBEADA 8L MAGEFESA 01OPSTABO08(MA-21839);01OPSTABO08(MA-21839);0;1;0;0;1;No;"48,17";"48,17";"79,9";;;;"0,27051689612015";"0,27051689612015";16/01/2026;26/01/2026;S;N;S;N;OFERTA;8429113121839;;"48,17";"48,17";"79,9"
ALMACEN REPARACIONES;I.E.RHOINTER ESPAÑA S.L.;NINGUNA;00001 - Muebles;00054 - Menaje;00001 - Servicio Cocina;00003 - Ollas; -;Menage;5938177;01242001010005;OLLA STAR BOMBEADA 10L MAGEFESA 01OPSTABO10(MA-21846);01OPSTABO10(MA-21846);0;1;0;0;1;No;"53,58";"53,58";"89,9";;;;"0,278845383759733";"0,278845383759733";22/01/2026;05/09/2025;S;N;S;N;OFERTA;8429113121846;;"53,58";"53,58";"89,9"
ALMACEN REPARACIONES;IMECI S.L.;IMECI;00003 - Cocinas;00002 - Cocina;00002 - Mobiliario;00001 - Mesas; -;Cocinas;;00185006010152;"MESA EXT. ALAS LEON 120X80CM ALUMINIO TAPA CRISTAL ALAS LAMINADO COLOR ARMAZON 914/AL,#ACABADO EN BLANCO";914/AL;0;0;-1;0;-1;No;"171,86";"163,68";"305,82";;;;"0,352387679026879";"0,352387679026879";24/07/2025;27/02/2024;S;N;S;S;VENDER;;;0;0;0
ALMACEN REPARACIONES;IMECI S.L.;IMECI;00003 - Cocinas;00002 - Cocina;00002 - Mobiliario;00001 - Mesas; -;Cocinas;;00185006010903;"MESA CADIZ EXT. LIBRO 90X50 CM ALUMINO CON CAJON TAPA CRISTAL 771/AL,#ACABADO EN GRAFITO";771/AL;0;1;1;0;2;No;"131,39";"128,27";"233,8";;;;"0,336156116338751";"0,336156116338751";15/01/2025;15/01/2025;S;N;S;S;VENDER;;;"131,39";"128,27";"233,8"
ALMACEN REPARACIONES;IMECI S.L.;IMECI;00003 - Cocinas;00002 - Cocina;00002 - Mobiliario;00001 - Mesas; -;Cocinas;;00185006010951;"MESA EXT. CARRO VIENA 110X70 ALUMINIO TAPA CRISTAL 903/AL,#ACABADO EN CRISTAL BLANCO";903/AL;0;0;-1;0;-1;No;"172,97";"168,85";"307,78";;;;"0,336186561829878";"0,336186561829878";10/06/2025;21/06/2025;S;N;S;S;VENDER;;;0;0;0
ALMACEN REPARACIONES;IMECI S.L.;IMECI;00003 - Cocinas;00002 - Cocina;00002 - Mobiliario;00001 - Mesas; -;Cocinas;;00185006010993;"MESA RONDA ALAS 110X70 NEGRA CON CAJON TAPA CRISTAL 774/NG,#ACABADO EN TAPA BLANCO PATAS NEGRO";774/NG;0;0;-1;0;-1;No;"160,22";"156,41";"285,1";;;;"0,336176429323045";"0,336176429323045";04/09/2025;04/09/2025;S;N;S;S;VENDER;;;0;0;0
ALMACEN REPARACIONES;IMECI S.L.;IMECI;00003 - Cocinas;00002 - Cocina;00002 - Mobiliario;00001 - Mesas; -;Cocinas;;00185006011018;"MESA RONDA ALAS 110X70 ALUMINIO CON CAJON TAPA LAMINADA 774/AL,#ACABADO EN MÁRMOL BLANCO";774/AL;0;0;-1;0;-1;No;"136,94";"133,68";"243,67";;;;"0,336180900398079";"0,336180900398079";02/12/2025;03/12/2025;S;N;S;S;VENDER;;;0;0;0
ALMACEN REPARACIONES;IMECI S.L.;IMECI;00003 - Cocinas;00002 - Cocina;00002 - Mobiliario;00001 - Mesas; -;Cocinas;;00185007010028;"MESA EXT. ALAS 100X60CM ARMAZON NEGRO CON CAJON TAPA LAMINADO 588/ALTA,#ACABADO EN AMAZONAS";588/ALTA;0;0;-1;0;-1;No;"134,69";"134,69";242;;;;"0,32655";"0,32655";24/07/2025;25/08/2025;S;N;S;S;VENDER;;;0;0;0
ALMACEN REPARACIONES;IMECI S.L.;IMECI;00003 - Cocinas;00002 - Cocina;00002 - Mobiliario;00002 - Sillas; -;Cocinas;6250093-22;00185002010433;"SILLA ALUMINIO ASIENTO POLIPIEL IMECI 737,#ACABADO EN BLANCO";737;0;1;1;0;2;No;"45,57";"45,57";"79,9";;;;"0,309891113892365";"0,309891113892365";;22/03/2024;S;N;N;N;LIQUIDACION;8435676700503;;"45,57";"45,57";"79,9"
ALMACEN REPARACIONES;IMECI S.L.;IMECI;00003 - Cocinas;00002 - Cocina;00002 - Mobiliario;00002 - Sillas; -;Cocinas;;00185006010020;"SILLA METALICA 9237 NEGRA 9237/NG ASIENTO/RESPALDO TAPIZADO,#ACABADO EN IMITACION TELA COLOR BEIGE";9237/NG;0;1;1;0;2;No;"63,2";"63,61";"112,46";;;;"0,315595767383959";"0,315595767383959";13/12/2023;22/12/2023;S;N;S;S;VENDER;;;"63,2";"63,61";"112,46"
ALMACEN REPARACIONES;IMECI S.L.;IMECI;00003 - Cocinas;00002 - Cocina;00002 - Mobiliario;00002 - Sillas; -;Cocinas;;00185006010876;"SILLA METALICA 897 BLANCA 897/BL ASIENTO TAPIZADO,#ACABADO EN POLIPIEL PLATA";897/BL;0;0;-1;0;-1;No;"42,69";"41,68";"75,95";;;;"0,335973666886109";"0,335973666886109";09/01/2026;01/12/2025;S;N;S;S;VENDER;;;0;0;0
ALMACEN REPARACIONES;IMECI S.L.;IMECI;00003 - Cocinas;00002 - Cocina;00002 - Mobiliario;00002 - Sillas; -;Cocinas;;00185006011004;"TABURETE 780 ALUMINIO ASIENTO TAPIZADO 780/AL,#ACABADO EN ALUMINIO POLIPIEL NEGRO";780/AL;0;2;2;0;4;No;"29,94";"29,22";"53,27";;;;"0,336283086164821";"0,336283086164821";01/12/2025;08/11/2025;S;N;S;S;VENDER;;;"59,88";"58,44";"106,54"
ALMACEN REPARACIONES;IMECI S.L.;IMECI;00003 - Cocinas;00002 - Cocina;00002 - Mobiliario;00004 - Taburetes; -;Cocinas;;00185007010007;"TABURETE ALTO 65 CM. PATAS AMAZONA ASIENTO Y RESPALDO TAPIZADO 219/TAP,#ACABADO EN KATYA 11";219/TAP;0;0;-1;0;-1;No;"71,28";"66,29";128;;;;"0,37335234375";"0,37335234375";23/01/2025;;S;N;S;S;VENDER;;;0;0;0
ALMACEN REPARACIONES;IMECI S.L.;NINGUNA;0 - SIN FAMILIA; -; -; -; -;Cocinas;;00185006010254;ACCESORIO C INVENTARIABLE;INV0185;0;9;9;0;18;No;0;"4,52";0;;;;;;03/12/2025;11/07/2025;S;N;S;S;VENDER;;;0;"40,68";0
ALMACEN REPARACIONES;IMECI S.L.;OFERTA;00003 - Cocinas;00002 - Cocina;00002 - Mobiliario;00001 - Mesas; -;Cocinas;6215745-22;00185005010176;"MESA 90X50(90X80) EXT.ALUM.T/CRISTAL OFERTA 690/AL,#ACABADO EN BLANCO";690/AL;0;1;1;0;2;No;"174,81";"174,81";319;;;;"0,336927586206897";"0,336927586206897";;;S;N;N;N;LIQUIDACION;;;"174,81";"174,81";319
ALMACEN REPARACIONES;IMECI S.L.;OFERTA;00003 - Cocinas;00002 - Cocina;00002 - Mobiliario;00002 - Sillas; -;Cocinas;6269208-22;00185005010505;"SILLA ASTO.POLIPIEL OFERTA 623 ALUMINIO,#ACABADO EN BLANCO";623 ALUMINIO;0;4;4;0;8;No;"38,61";"33,77";"69,9";;;;"0,415426323319027";"0,415426323319027";;;S;S;N;N;LIQUIDACION;;;"154,44";"135,08";"279,6"
ALMACEN REPARACIONES;INDUSTRIA GABAR S.L.;NINGUNA;00001 - Muebles;00050 - Dormitorios Matrimonio;00001 - Dormitorio;00015 - Dormitorio S/Armario; -;Dormitorios matrimonio;6336867;01274002010000;DORMITORIO S/ARMARIO CABEZAL 145 GABAR;;0;0;-1;0;-1;No;"374,85";"337,13";739;;459;"799,97";"0,448000947225981";"0,111269498910675";;31/10/2025;S;N;N;N;LIQUIDACION;;4;0;0;0
ALMACEN REPARACIONES;INDUSTRIA GABAR S.L.;NINGUNA;00001 - Muebles;00052 - Salón;00001 - Convencional;00002 - Mesas de comedor; -;Salón;;01274003010058;MESA COMEDOR OVAL MDF EN ROBLE CON SOBRE CERAMICO MARMOL BLANCO CALACATTA 11417;11417;0;0;-1;0;-1;No;"379,05";"339,02";"739,75";;;;"0,445469144981413";"0,445469144981413";10/11/2025;19/01/2026;S;N;S;S;COLECCION STOCK;;;0;0;0
ALMACEN REPARACIONES;INDUSTRIA GABAR S.L.;NINGUNA;00001 - Muebles;00052 - Salón;00002 - Salón comedor;00002 - Elementos; -;Salón;;01274003010051;ACCESORIO MOBILIARIO GABAR C INVENTARIABLE;1274INV;0;3;3;0;6;No;0;0;0;;;;;;15/12/2025;;S;N;N;N;LIQUIDACION;;;0;0;0
ALMACEN REPARACIONES;INDUSTRIA GABAR S.L.;NINGUNA;00001 - Muebles;00056 - Auxiliares;00001 - Mueble Auxiliar;00018 - Consolas; -;Mueble Auxiliar;;01274001010173;CONSOLA MADERA DE ABETO Y HIERRO CON ENCIMERA CRISTAL FUMÉ   10552;10552;0;0;-1;0;-1;No;"229,01";"229,01";419;;;;"0,338658472553699";"0,338658472553699";26/01/2026;24/12/2025;S;N;N;N;LIQUIDACION;;;0;0;0
ALMACEN REPARACIONES;INDUSTRIA GABAR S.L.;NINGUNA;00001 - Muebles;00056 - Auxiliares;00001 - Mueble Auxiliar;00019 - Comodas; -;Mueble Auxiliar;6350476;01274004010052;COMODA 1 PUERTA Y 3 CAJONES MADERA DE FRESNO BLANC  10211;10211;0;1;1;0;2;No;"198,45";"184,76";369;;;;"0,394147425474255";"0,394147425474255";26/05/2025;05/08/2025;S;N;N;N;LIQUIDACION;2000063504765;;"198,45";"184,76";369
ALMACEN REPARACIONES;INDUSTRIA GABAR S.L.;NINGUNA;00001 - Muebles;00057 - Asientos;00002 - Sofás;00001 - Sillas; -;Asientos;;01274003010059;PACK 2 SILLONES MADERA DE ROBLE NATURAL TAPIZADO EN BEIG 11331/1;11331/1;0;0;-2;0;-2;No;"166,95";"154,18";"325,82";;;;"0,427420661715057";"0,427420661715057";02/02/2026;07/02/2026;S;N;S;S;COLECCION STOCK;;;0;0;0
ALMACEN REPARACIONES;INDUSTRIA GABAR S.L.;NINGUNA;00001 - Muebles;00057 - Asientos;00002 - Sofás;00001 - Sillas; -;Asientos;;01274003010060;PACK 4 SILLAS MADERA DE ROBLE NATURAL TAPIZADO EN BEIG 11335;11335;0;0;-1;0;-1;No;"290,85";"267,2";"567,62";;;;"0,43040766710123";"0,43040766710123";19/01/2026;07/02/2026;S;N;S;S;COLECCION STOCK;;;0;0;0
ALMACEN REPARACIONES;INDUSTRIA GABAR S.L.;NINGUNA;00001 - Muebles;00057 - Asientos;00002 - Sofás;00001 - Sillas; -;Asientos;;01274003010066;PACK 2 SILLONES MADERA DE ROBLE NATURAL TAPIZADO EN BLANCO 11330/1;11330/1;0;0;-1;0;-1;No;"166,95";"149,21";"325,82";;;;"0,445877785280216";"0,445877785280216";20/10/2025;23/10/2025;S;N;N;N;LIQUIDACION;;;0;0;0
ALMACEN REPARACIONES;INDUSTRIA GABAR S.L.;NINGUNA;00001 - Muebles;00057 - Asientos;00002 - Sofás;00002 - Butacas; -;Asientos;6341357;01274001010047;SILLON ESTRUCTURA METALICA GABAR 2046;2046;0;1;1;0;2;No;"124,95";"116,33";259;;;;"0,456527799227799";"0,456527799227799";15/07/2025;23/07/2025;S;N;S;S;VENDER;;;"124,95";"116,33";259
ALMACEN REPARACIONES;"INDUSTRIAS RODRIGO, S.A";KROMA;00001 - Muebles;00051 - Camas juveniles;00002 - Modular;00003 - Elementos; -;Dormitorios Juveniles;6382327;01475002012591;"ENCIMERA RECTA FONDO 75 - GRUESO 35 MM. - PRECIO M KROMA 607355,#ACABADO EN A ELEGIR";607355;0;"1,2";"1,2";0;"2,4";No;"34,58";"32,45";"68,09";;"61,28";"68,09";"0,423344103392569";"0,359260770234987";14/02/2025;27/12/2024;S;N;S;S;VENDER;;;"41,496";"38,94";"81,708"
ALMACEN REPARACIONES;"INDUSTRIAS RODRIGO, S.A";KROMA;00001 - Muebles;00051 - Camas juveniles;00002 - Modular;00003 - Elementos; -;Dormitorios Juveniles;6382904;01475002012460;SOPORTE ORION - PARA ESTANTES GRUESO DE 35 MM.  - KROMA 606082;606082;0;3;3;0;6;No;"5,56";"5,21";"11,61";;"10,45";"11,61";"0,457011197243755";"0,396736842105263";14/02/2025;19/02/2025;S;N;S;S;VENDER;;;"16,68";"15,63";"34,83"
ALMACEN REPARACIONES;"INDUSTRIAS RODRIGO, S.A";NINGUNA;00001 - Muebles;00051 - Camas juveniles;00002 - Modular;00001 - Armarios; -;Dormitorios Juveniles;;01475001010012;ACCESORIO MOBILIARIO  C INVENTARIABLE;1475INV;0;6;6;0;12;No;0;"51,97";0;;0;0;;;14/02/2025;20/12/2024;S;N;N;N;BAJA ROTACION;;1;0;"311,82";0
ALMACEN REPARACIONES;INFINITON WORLD ELECTRONIC S.L.;CHS;00002 - Electrodomesticos;00006 - Gran Electrodoméstico;00001 - Coccion;00003 - Encimeras; -;Gran Electrodoméstico;6386060;01361001010439;ENCIMERA INDUCCION 3 F 7100 W CHS IND32SC.1;IND32SC.1;0;0;-1;0;-1;No;155;"163,82";458;;;;"0,567200436681223";"0,567200436681223";13/05/2025;24/11/2025;S;N;N;N;ULTIMAS UNIDADES;8445639002308;6;0;0;0
ALMACEN REPARACIONES;INFINITON WORLD ELECTRONIC S.L.;CHS;00002 - Electrodomesticos;00006 - Gran Electrodoméstico;00001 - Coccion;00003 - Encimeras; -;Gran Electrodoméstico;6388873;01361001010440;ENCIMERA VITROCERAMICA 3 FUEGOS 32CM 6200W CHS VIT3327SL.1;VIT3327SL.1;0;0;-1;0;-1;No;110;110;299;;159;299;"0,554849498327759";"0,162893081761006";30/07/2024;12/07/2025;S;N;N;N;ULTIMAS UNIDADES;8445639002322;6;0;0;0
ALMACEN REPARACIONES;INFINITON WORLD ELECTRONIC S.L.;CHS;00002 - Electrodomesticos;00015 - Climatización;00001 - Climatización;00001 - Acondicionadores; -;Climatización;6394567;01361001010455;AIRE ACONDICIONADO SPLIT INVERTER 3000FR.A+++WIFI CHS SP12A3-CHS;SP12A3CHS;0;1;1;0;2;No;290;290;"565,51";;329;565;"0,379498152110484";"-0,066565349544073";23/08/2023;29/08/2025;S;N;N;N;ULTIMAS UNIDADES;8445639002551;10;290;290;"565,51"
ALMACEN REPARACIONES;INFINITON WORLD ELECTRONIC S.L.;CHS;00002 - Electrodomesticos;00015 - Climatización;00001 - Climatización;00001 - Acondicionadores; -;Climatización;;01361001010550;AA SPLIT  CHS INVERTER A+++  3000FRG WIFI SPN12A3-CHS;SPN12A3CHS;0;0;-1;0;-1;No;279;279;"544,05";;;;"0,379487179487179";"0,379487179487179";09/09/2024;12/06/2025;S;N;N;N;LIQUIDACION;8445639003886;0;0;0;0
ALMACEN REPARACIONES;INFINITON WORLD ELECTRONIC S.L.;CHS;00002 - Electrodomesticos;00015 - Climatización;00001 - Climatización;00001 - Acondicionadores; -;Climatización;;01361001010608;AIRE ACONDICIONADO CHS SPLIT INVERTER 3000 FRG. A+++ WIFI;SPN12A3CHS;0;0;-5;0;-5;No;279;279;599;;459;599;"0,436410684474124";"0,264509803921569";09/05/2025;11/02/2026;S;N;S;S;COLECCIÓN Y FOLLETO;8445639006122;8;0;0;0
ALMACEN REPARACIONES;INFINITON WORLD ELECTRONIC S.L.;INFINITON;00002 - Electrodomesticos;00006 - Gran Electrodoméstico;00001 - Coccion;00001 - Cocinas; -;Gran Electrodoméstico;6374971;01361001010392;COCINA DE GAS 3 FUEGOS CON HORNO INFINITON CC57TAC;CC57TAC;0;1;1;0;2;No;162;"162,21";315;;289;315;"0,376907619047619";"0,320850865051903";21/01/2026;21/01/2026;S;N;S;S;COLECCION;8445639001431;;162;"162,21";315
ALMACEN REPARACIONES;INFINITON WORLD ELECTRONIC S.L.;INFINITON;00002 - Electrodomesticos;00006 - Gran Electrodoméstico;00001 - Coccion;00003 - Encimeras; -;Gran Electrodoméstico;6350525;01361001010214;"ENCIMERA INFINITON DE GAS INOX, 3 FUEGOS, WORK BURNER (TRIPLE ANILLO), 60 ANCHO ESTÁNDAR (59X51X9 CM), INOX, 1X3,3KW, 1X1,75KW, 1X1,0KW, ENCENDIDO ELECTRONICO, PARRILLA HIERRO FORJADO, QUEMADORES DESMONTABLES, CONTROL DELANTERO, GAS NATURAL/GAS BUTANO GAS320WB";GAS320WB;0;0;-2;0;-2;No;"84,55";"84,55";189;;159;189;"0,458701058201058";"0,356569182389937";04/02/2026;04/02/2026;S;N;S;S;COLECCION;8436546195726;0;0;0;0
ALMACEN REPARACIONES;INFINITON WORLD ELECTRONIC S.L.;INFINITON;00002 - Electrodomesticos;00006 - Gran Electrodoméstico;00002 - Frio;00001 - Frigorificos; -;Gran Electrodoméstico;6297872;01361001010041;COMBI AMERICANO CRYSTAL BLACK DOOR 185X86X68 A++ INFINITON AMCB-496BC NFT;AMCB496BCNFT;0;0;-1;0;-1;No;569;"554,78";"1060,04";;869;"1060,05";"0,366737292932342";"0,227521518987342";16/01/2026;21/01/2026;S;N;S;N;OFERTA;8436546190349;;0;0;0
ALMACEN REPARACIONES;INFINITON WORLD ELECTRONIC S.L.;INFINITON;00002 - Electrodomesticos;00006 - Gran Electrodoméstico;00002 - Frio;00001 - Frigorificos; -;Gran Electrodoméstico;6347787;01361001010193;FRIGORIFICO 1 P. 185 CM NEGRO A+ INFINITON CL-18BSTL;CL18BSTL;0;0;-1;0;-1;No;110;389;"190,19";;;;"-1,47484094852516";"-1,47484094852516";28/01/2026;29/01/2026;S;N;S;S;VENDER;8436546195429;;0;0;0
ALMACEN REPARACIONES;INFINITON WORLD ELECTRONIC S.L.;INFINITON;00002 - Electrodomesticos;00006 - Gran Electrodoméstico;00002 - Frio;00001 - Frigorificos; -;Gran Electrodoméstico;;01361001010551;FRIGORIFICO INFINITON 2 PUERTAS 170X60 CLASE-E 170 L. NO FROST INOX FG330TD70XEK;FG330TD70XEK;0;0;-1;0;-1;No;310;310;599;;549;599;"0,373789649415693";"0,316757741347905";06/02/2026;06/02/2026;S;S;S;S;COLECCION;8445639000588;;0;0;0
ALMACEN REPARACIONES;INFINITON WORLD ELECTRONIC S.L.;INFINITON;00002 - Electrodomesticos;00006 - Gran Electrodoméstico;00002 - Frio;00001 - Frigorificos; -;Gran Electrodoméstico;;01361001010563;"FRIGO 1 PUERTA CLASE E 242 LITROS DEFROST 143,4 X 55 X 54,2 CL242L14BEC INFINITON";CL242L14BEC;0;0;-1;0;-1;No;195;195;"363,29";;329;363;"0,350518869222935";"0,282826747720365";11/12/2025;20/01/2026;S;S;S;S;COLECCION;8445639003336;;0;0;0
ALMACEN REPARACIONES;INFINITON WORLD ELECTRONIC S.L.;INFINITON;00002 - Electrodomesticos;00006 - Gran Electrodoméstico;00002 - Frio;00002 - Congeladores; -;Gran Electrodoméstico;;01361001010515;CONGELADOR VERTICAL 6 CAJONES CLASE E 172 LITROS INFINITON CV172L14BEM;CV172L14BEM;0;0;-1;0;-1;No;219;219;408;;379;408;"0,350514705882353";"0,300817941952507";10/02/2026;11/02/2026;S;N;S;S;COLECCION;8445639003589;;0;0;0
ALMACEN REPARACIONES;INFINITON WORLD ELECTRONIC S.L.;INFINITON;00002 - Electrodomesticos;00006 - Gran Electrodoméstico;00002 - Frio;00002 - Congeladores; -;Gran Electrodoméstico;;01361001010520;CONGELADOR HORIZONTAL 199 LITROS DUAL CLASE E INFINITON CH20H86WEH;CH20H86WEH;0;1;0;0;1;No;145;146;"288,77";;249;288;"0,38823284967275";"0,290522088353414";11/02/2026;12/02/2026;S;N;S;S;COLECCION;8445639003633;;145;146;"288,77"
ALMACEN REPARACIONES;INFINITON WORLD ELECTRONIC S.L.;INFINITON;00002 - Electrodomesticos;00006 - Gran Electrodoméstico;00002 - Frio;00003 - Combinados; -;Gran Electrodoméstico;6385972;01361001010435;COMBINADO 200X60 INVERTER NO FROST CLASE E INFINITON FGC228BG;FGC228BG;0;0;-2;0;-2;No;449;"449,89";"838,13";;692;"838,13";"0,350498252061136";"0,213342630057803";19/11/2025;29/01/2026;S;N;N;N;ULTIMAS UNIDADES;8445639000342;0;0;0;0
ALMACEN REPARACIONES;INFINITON WORLD ELECTRONIC S.L.;INFINITON;00002 - Electrodomesticos;00006 - Gran Electrodoméstico;00002 - Frio;00003 - Combinados; -;Gran Electrodoméstico;;01361001010517;COMBINADO NO FROST 180X55X60 CM INFINITON FGC253C80WEJ;;0;0;-1;0;-1;No;249;249;430;;;;"0,299325581395349";"0,299325581395349";20/08/2025;29/08/2025;S;N;N;N;LIQUIDACION;;;0;0;0
ALMACEN REPARACIONES;INFINITON WORLD ELECTRONIC S.L.;INFINITON;00002 - Electrodomesticos;00006 - Gran Electrodoméstico;00002 - Frio;00003 - Combinados; -;Gran Electrodoméstico;;01361001010547;FRIGORIFICO COMBI 170 CM NO FROST CLASE E INFINITON FGC236C70WEM;FGC236C70WEM;0;0;-1;0;-1;No;279;279;"519,78";;479;520;"0,350513678864135";"0,295219206680585";19/01/2026;20/01/2026;S;S;S;S;COLECCION;8445639003442;;0;0;0
ALMACEN REPARACIONES;INFINITON WORLD ELECTRONIC S.L.;INFINITON;00002 - Electrodomesticos;00006 - Gran Electrodoméstico;00002 - Frio;00003 - Combinados; -;Gran Electrodoméstico;;01361001010583;COMBINADO INTEGRACION 193.7X54 NO FROST CLAE E INFINITON FGC-BB39N;FGCBB39N;0;1;1;0;2;No;449;449;"701,34";;;;"0,22535432172698";"0,22535432172698";15/12/2025;03/12/2025;S;N;S;S;VENDER;8445639002254;;449;449;"701,34"
ALMACEN REPARACIONES;INFINITON WORLD ELECTRONIC S.L.;INFINITON;00002 - Electrodomesticos;00006 - Gran Electrodoméstico;00003 - Lavado;00001 - Lavadoras; -;Gran Electrodoméstico;6329577;01361001010104;LAVADORA C/S 7KG. A+++ INFINITON TLW722;TLW722;0;0;-1;0;-1;No;250;"240,53";"448,11";;348;"448,11";"0,350513713150789";"0,163674425287356";19/08/2024;22/01/2025;S;N;S;N;OFERTA;8436546192985;0;0;0;0
ALMACEN REPARACIONES;INFINITON WORLD ELECTRONIC S.L.;INFINITON;00002 - Electrodomesticos;00006 - Gran Electrodoméstico;00003 - Lavado;00002 - Lavavajillas; -;Gran Electrodoméstico;6310963;01361001010055;LAVAVAJILLAS 6 CUBIERTOS SOBREMESA A+ INFINITON DIWCT6;DIWCT6;0;0;-1;0;-1;No;195;"195,06";"363,47";;299;363;"0,350640768151429";"0,210626755852843";05/01/2026;17/01/2026;S;N;S;S;COLECCION;8436546191087;0;0;0;0
ALMACEN REPARACIONES;INFINITON WORLD ELECTRONIC S.L.;INFINITON;00002 - Electrodomesticos;00006 - Gran Electrodoméstico;00003 - Lavado;00002 - Lavavajillas; -;Gran Electrodoméstico;6318412;01361001010086;LAVAVAJILLAS 60 A++ 14 CUBIERTOS 3  BANDEJA INFINITON DIW6115B3;DIW6115B3;0;0;-1;0;-1;No;"199,5";"202,48";"391,23";;349;391;"0,373767860337909";"0,297991977077364";30/12/2025;12/02/2026;S;N;S;S;COLECCION;8436546192381;2;0;0;0
ALMACEN REPARACIONES;INFINITON WORLD ELECTRONIC S.L.;INFINITON;00002 - Electrodomesticos;00006 - Gran Electrodoméstico;00003 - Lavado;00002 - Lavavajillas; -;Gran Electrodoméstico;6333508;01361001010124;LAVAVAJILLAS 60 CLASE E 12 CUBIERTOS INFINITON DIW-60.5;DIW605;0;0;-4;0;-4;No;"175,25";"180,16";365;;329;365;"0,402757260273973";"0,33740547112462";04/02/2026;09/02/2026;S;N;S;S;COLECCION;8436546194071;;0;0;0
ALMACEN REPARACIONES;INFINITON WORLD ELECTRONIC S.L.;INFINITON;00002 - Electrodomesticos;00006 - Gran Electrodoméstico;00003 - Lavado;00002 - Lavavajillas; -;Gran Electrodoméstico;6333803;01361001010125;LAVAVAJILLAS 45 A++ INOX. INFINITON DIW4513X;DIW4513X;0;1;0;0;1;No;220;"224,63";"428,49";;349;428;"0,365674111414502";"0,221196848137536";27/01/2026;16/01/2026;S;N;S;S;COLECCION;8436546193722;0;220;"224,63";"428,49"
ALMACEN REPARACIONES;INFINITON WORLD ELECTRONIC S.L.;INFINITON;00002 - Electrodomesticos;00006 - Gran Electrodoméstico;00004 - Secado;00001 - Secadoras; -;Gran Electrodoméstico;;01361001010505;SECADORA EVACUACION 7 KG CLASE C INFINITON SDC7V;SDC7V;0;1;1;0;2;No;149;149;"277,59";;229;257;"0,350516949457833";"0,212707423580786";21/01/2026;04/02/2026;S;N;N;N;LIQUIDACION;8445639003107;"2,29";149;149;"277,59"
ALMACEN REPARACIONES;INFINITON WORLD ELECTRONIC S.L.;INFINITON;00002 - Electrodomesticos;00006 - Gran Electrodoméstico;00005 - Extraccion de Humos;00001 - Campanas; -;Gran Electrodoméstico;6294158;01361001010026;CAMPANA 90 NEGRA CRISTAL INFINITON CMPTRALBT90;CMPTRALBT90;0;0;-1;0;-1;No;"169,14";"171,65";"358,99";;269;359;"0,421442101451294";"0,22789405204461";10/02/2026;04/02/2026;S;N;S;S;COLECCIÓN Y FOLLETO;8436546188735;0;0;0;0
ALMACEN REPARACIONES;INFINITON WORLD ELECTRONIC S.L.;INFINITON;00002 - Electrodomesticos;00006 - Gran Electrodoméstico;00005 - Extraccion de Humos;00001 - Campanas; -;Gran Electrodoméstico;6340518;01361001010160;CAMPANA T INVERTIDA INOX INFINITON CMPTCLR92S;CMPTCLR92S;0;0;-1;0;-1;No;155;155;"288,77";;269;289;"0,35052117602244";"0,302788104089219";10/02/2026;11/02/2026;S;N;S;S;COLECCION;8436546193081;0;0;0;0
ALMACEN REPARACIONES;INFINITON WORLD ELECTRONIC S.L.;INFINITON;00002 - Electrodomesticos;00006 - Gran Electrodoméstico;00005 - Extraccion de Humos;00001 - Campanas; -;Gran Electrodoméstico;6374433;01361001010386;CAMPANA PERIMETRAL 60 CRISTAL TEMPLADO BLANCA INFINITON CMPTRALBLC63;CMPTRALBLC63;0;0;-1;0;-1;No;"148,5";"148,5";"256,76";;;;"0,300183050319364";"0,300183050319364";04/12/2025;06/12/2025;S;N;S;S;VENDER;8436546193166;;0;0;0
ALMACEN REPARACIONES;INFINITON WORLD ELECTRONIC S.L.;INFINITON;00002 - Electrodomesticos;00007 - Pequeño Electrodoméstico;00001 - Cocina;00028 - Cocinas portátiles; -;Pequeño Electrodoméstico;6352933;01361001010248;HORNILLO SOBREMESA EXTERIOR 2F INFINITON 092022 GGPW2;GGPW2;0;1;0;0;1;No;22;22;"40,9";;"34,9";"40,9";"0,349144254278729";"0,237249283667622";27/01/2026;27/01/2026;S;N;S;S;COLECCION;8436546197256;;22;22;"40,9"
ALMACEN REPARACIONES;INFINITON WORLD ELECTRONIC S.L.;INFINITON;00002 - Electrodomesticos;00007 - Pequeño Electrodoméstico;00001 - Cocina;00029 - Vinotecas; -;Pequeño Electrodoméstico;6365943;01361001010332;VINOTECA INFINITON WCL-18T;WCL18T;0;0;-1;0;-1;No;145;"141,33";251;;190;251;"0,318688047808765";"0,099951052631579";;03/11/2025;S;N;N;N;LIQUIDACION;8436546197010;1;0;0;0
ALMACEN REPARACIONES;INFINITON WORLD ELECTRONIC S.L.;INFINITON;00002 - Electrodomesticos;00011 - Electrónica de consumo;00001 - Televisión;00001 - Televisores; -;Electrónica de consumo;6397081;01361001010469;PANTALLA LED 55  4K UHD ANDROID INFINITON INTV-55AT310;INTV55AT310;0;0;-1;0;-1;No;269;269;465;;139;465;"0,300021505376344";"-1,34165467625899";15/06/2023;17/01/2026;S;N;N;N;LIQUIDACION;8445639002841;;0;0;0
ALMACEN REPARACIONES;INFINITON WORLD ELECTRONIC S.L.;INFINITON;00002 - Electrodomesticos;00011 - Electrónica de consumo;00032 - Hardware Domestico;00004 - Mandos; -;Electrónica de consumo;6344897;01361001010189;AIR MOUSE MD UNIVERSAL SAMSUNG+LG INFINITON RC-A9;RCA9;0;1;0;0;1;No;"14,9";"14,91";"25,75";;"18,22";"25,75";"0,299374757281553";"0,009818880351262";07/06/2021;18/09/2023;S;S;N;N;LIQUIDACION;;2;"14,9";"14,91";"25,75"
ALMACEN REPARACIONES;INFINITON WORLD ELECTRONIC S.L.;INFINITON;00002 - Electrodomesticos;00011 - Electrónica de consumo;00050 - Movilidad urbana;00099 - Acc. Movilidad Urbana; -;Electrónica de consumo;6309463;01361001010050;ACCESORIO KART NEGRO INFINITON INROLLER KART 2.0;INROLLERKART2.0;0;1;1;0;2;No;"29,9";"21,6";"37,3";;"26,4";"37,3";"0,299302949061662";"0,01";21/01/2020;;S;S;N;N;LIQUIDACION;8436546188063;;"29,9";"21,6";"37,3"
ALMACEN REPARACIONES;INFINITON WORLD ELECTRONIC S.L.;INFINITON;00002 - Electrodomesticos;00015 - Climatización;00001 - Climatización;00001 - Acondicionadores; -;Climatización;6350548;01361001010217;SPLIT INVERTER 3000 FR.A++24DB INFINITON SPLIT3724;SPLIT3724;0;1;1;0;2;No;"222,13";"222,32";"433,52";;"283,24";"433,52";"0,379481454142831";"0,050249964694252";22/11/2023;28/01/2025;S;S;N;N;ULTIMAS UNIDADES;8436546196129;;"222,13";"222,32";"433,52"
ALMACEN REPARACIONES;INFINITON WORLD ELECTRONIC S.L.;INFINITON;00002 - Electrodomesticos;00015 - Climatización;00001 - Climatización;00001 - Acondicionadores; -;Climatización;6394868;01361001010456;AIRE ACONDICIONADO SPLIT 2236FR.A++ R32 INFINITON SPLIT-2323MF;SPLIT2323MF;0;0;-3;0;-3;No;225;"225,01";"438,77";;"320,41";"438,77";"0,379487886592064";"0,150269654505165";20/02/2024;07/03/2024;S;N;S;N;OFERTA;;0;0;0;0
ALMACEN REPARACIONES;INFINITON WORLD ELECTRONIC S.L.;INFINITON;00002 - Electrodomesticos;00015 - Climatización;00001 - Climatización;00001 - Acondicionadores; -;Climatización;;01361001010539;AIRE ACONDICIONADO PORTATIL 3500FR.BOMBA CALOR A+ WIFI NEGRO INFINITON PAC-WL30A2BK;PACWL30A2BK;0;2;1;0;3;No;250;250;"487,5";;"318,5";"487,5";"0,379487179487179";"0,050235478806907";23/07/2025;01/08/2025;S;N;N;N;LIQUIDACION;8445639000755;0;500;500;975
ALMACEN REPARACIONES;INFINITON WORLD ELECTRONIC S.L.;INFINITON;00002 - Electrodomesticos;00015 - Climatización;00001 - Climatización;00001 - Acondicionadores; -;Climatización;;01361001010540;AIRE ACONDICIONADO PORTATIL 4000 FR.BOMBA CALOR A+ INFINITON PAC-PX45AW;PACPX45AW;0;0;-1;0;-1;No;295;295;"575,25";;"375,83";"575,25";"0,379487179487179";"0,050235478806907";22/08/2025;09/07/2025;S;N;N;N;LIQUIDACION;8445639003701;0;0;0;0
ALMACEN REPARACIONES;INFINITON WORLD ELECTRONIC S.L.;INFINITON;00002 - Electrodomesticos;00015 - Climatización;00001 - Climatización;00001 - Acondicionadores; -;Climatización;;01361001010541;AIRE ACONDICIONADO SPLIT 2210 FR.A++ R32 INFINITON SPTMF09A2;SPTMF09A2;0;1;-2;0;-1;No;219;"220,12";"429,24";;"313,45";"429,24";"0,379495853135775";"0,150278513319509";24/06/2025;28/11/2025;S;N;S;N;OFERTA;8445639001011;0;219;"220,12";"429,24"
ALMACEN REPARACIONES;INFINITON WORLD ELECTRONIC S.L.;INFINITON;00002 - Electrodomesticos;00015 - Climatización;00001 - Climatización;00001 - Acondicionadores; -;Climatización;;01361001010542;AIRE ACONDICIONADO SPLIT 3000 FR.A++ INFINITON SPTMF12A2;SPTMF12A2;0;0;-3;0;-3;No;240;240;468;;"305,76";468;"0,379487179487179";"0,050235478806907";24/02/2025;11/06/2025;S;N;N;N;LIQUIDACION;8445639001028;0;0;0;0
ALMACEN REPARACIONES;INFINITON WORLD ELECTRONIC S.L.;INFINITON;00002 - Electrodomesticos;00015 - Climatización;00001 - Climatización;00001 - Acondicionadores; -;Climatización;;01361001010543;AIRE ACONDICIONADO SPLIT 4500FR.A++ INFINITON SPTMF18A2;SPTMF18A2;0;0;-2;0;-2;No;425;425;"828,75";;"541,45";"828,75";"0,379487179487179";"0,050235478806907";27/02/2025;27/06/2025;S;N;N;N;LIQUIDACION;8445639001042;0;0;0;0
ALMACEN REPARACIONES;INFINITON WORLD ELECTRONIC S.L.;INFINITON;00002 - Electrodomesticos;00015 - Climatización;00001 - Climatización;00001 - Acondicionadores; -;Climatización;;01361001010545;AIRE ACONDICIONADO MULTI 2X1 TI3230 3000+2200 A++ WIFI INFINITON MPTMF1209A2;MPTMF1209A2;0;0;-1;0;-1;No;"528,05";619;"913,01";;1029;1207;"0,179647539457399";"0,272118561710398";27/11/2025;28/11/2025;S;N;S;S;COLECCION;8436546195795;0;0;0;0
ALMACEN REPARACIONES;INFINITON WORLD ELECTRONIC S.L.;INFINITON;00002 - Electrodomesticos;00015 - Climatización;00001 - Climatización;00002 - Estufas; -;Climatización;6367030;01361001010352;ESTUFA INFINITON DE CUARZO HQP-R82 VERTICAL 091819;091819;0;1;1;0;2;No;"11,9";"11,9";"19,72";;;;"0,269827586206897";"0,269827586206897";31/12/2025;15/12/2025;S;N;S;S;VENDER;8436546195634;;"11,9";"11,9";"19,72"
ALMACEN REPARACIONES;INFINITON WORLD ELECTRONIC S.L.;INFINITON;00002 - Electrodomesticos;00015 - Climatización;00001 - Climatización;00004 - Radiadores; -;Climatización;6297370;01361001010033;RADIADOR 2000W INFINITON HOR2000;HOR2000;0;2;0;0;2;No;"40,5";"39,66";"68,2";;"49,9";"68,2";"0,296354838709677";"0,038304609218437";08/11/2024;17/12/2025;S;N;N;N;ULTIMAS UNIDADES;8436546190684;;81;"79,32";"136,4"
ALMACEN REPARACIONES;INFINITON WORLD ELECTRONIC S.L.;INFINITON;00002 - Electrodomesticos;00015 - Climatización;00001 - Climatización;00005 - Calefactores; -;Climatización;6384847;01361001010422;ESTUFA INFINITON CUARZO HORIZONTAL DE MONTAJE EN PARED / BAÑO 3 POTENCIAS 600W/1200W- N CADENA DE ENCENDIDO Y APAGADO INOX 92259 HQP-W33;;0;0;-1;0;-1;No;"11,9";"11,9";"18,8";;;;"0,234095744680851";"0,234095744680851";04/02/2026;05/02/2026;S;N;N;N;LIQUIDACION;;;0;0;0
ALMACEN REPARACIONES;INFINITON WORLD ELECTRONIC S.L.;INFINITON;00002 - Electrodomesticos;00015 - Climatización;00001 - Climatización;00009 - Ventiladores; -;Climatización;6350560;01361001010225;VENTILADOR DE TORRE INFINITON TN-29AW;TN29AW;0;3;3;0;6;No;"18,9";"18,9";"35,54";;"30,43";"35,54";"0,356527855936972";"0,248471902727571";24/01/2024;11/07/2025;S;S;S;N;OFERTA;8436546188346;;"56,7";"56,7";"106,62"
ALMACEN REPARACIONES;INNOVACIONES DEL POLIURETANO S.L.;CHS VISCO;00001 - Muebles;00059 - Descanso;00001 - Colchonería;00003 - Almohadas; -;Descanso;;04925001010007;ALMOHADA CHS VISCO BLANCA SIN PERFORAR  150 CM;CHS BLANCA 150;0;0;-1;0;-1;No;"16,35";"16,35";"39,57";;"33,9";"39,57";"0,500037907505686";"0,41641592920354";06/02/2026;12/02/2026;S;N;S;N;OFERTA STOCK;;;0;0;0
ALMACEN REPARACIONES;"ISOGONA,S.L.";BRA;00001 - Muebles;00054 - Menaje;00001 - Servicio Cocina;00002 - Cacerolas y Cazos; -;Menage;5998946;00499001010001;CACEROLA ALTA 20 EFFICIENT BRA A270320;A270320;0;1;0;0;1;No;"25,75";"24,76";"47,9";;;;"0,374538622129436";"0,374538622129436";04/02/2026;20/01/2026;S;N;S;N;VENDER;8411796082859;;"25,75";"24,76";"47,9"
ALMACEN REPARACIONES;"ISOGONA,S.L.";BRA;00001 - Muebles;00054 - Menaje;00001 - Servicio Cocina;00002 - Cacerolas y Cazos; -;Menage;6186077;00499001010023;CACEROLA ALTA 24 EFFICIENT BRA A270324;A270324;0;1;0;0;1;No;"31,1";"30,39";"57,9";;;;"0,364906735751295";"0,364906735751295";05/02/2026;10/11/2025;S;N;S;N;VENDER;8411796081272;;"31,1";"30,39";"57,9"
ALMACEN REPARACIONES;"ISOGONA,S.L.";BRA;00001 - Muebles;00054 - Menaje;00001 - Servicio Cocina;00002 - Cacerolas y Cazos; -;Menage;6342243;00499001010195;CACEROLA 20 SIGNATURE BRA A770353;A770353;0;0;-1;0;-1;No;"21,36";"20,42";"39,91";;;;"0,380902029566525";"0,380902029566525";12/01/2026;02/01/2026;S;N;S;N;VENDER;8411796111993;;0;0;0
ALMACEN REPARACIONES;"ISOGONA,S.L.";BRA;00001 - Muebles;00054 - Menaje;00001 - Servicio Cocina;00002 - Cacerolas y Cazos; -;Menage;;00499001010676;CAZO MASTER 16CM BRA  A453853;A453853;0;1;1;0;2;No;"7,67";"7,53";"14,9";;;;"0,388503355704698";"0,388503355704698";04/02/2026;07/01/2026;S;N;S;S;VENDER;8411796108085;;"7,67";"7,53";"14,9"
ALMACEN REPARACIONES;"ISOGONA,S.L.";BRA;00001 - Muebles;00054 - Menaje;00001 - Servicio Cocina;00002 - Cacerolas y Cazos; -;Menage;;00499001010718;BATERIA 4 PIEZAS DE MENAJE MASTER BRA  A459901;A459901;0;0;-1;0;-1;No;"39,95";"39,51";"73,89";;;;"0,35299634591961";"0,35299634591961";29/01/2026;06/02/2026;S;N;S;S;VENDER;8411796120551;;0;0;0
ALMACEN REPARACIONES;"ISOGONA,S.L.";BRA;00001 - Muebles;00054 - Menaje;00001 - Servicio Cocina;00003 - Ollas; -;Menage;;00499001010780;OLLA A PRESION 7 L EMOTION A180203;A180203;0;1;0;0;1;No;"47,18";"45,21";"86,48";;;;"0,367436401480111";"0,367436401480111";16/01/2026;;S;N;S;S;VENDER;8411796122470;;"47,18";"45,21";"86,48"
ALMACEN REPARACIONES;"ISOGONA,S.L.";BRA;00001 - Muebles;00054 - Menaje;00001 - Servicio Cocina;00004 - Sartenes y Paelleras; -;Menage;6271332;00499001010093;SARTEN EFFICIENT PLUS 18CM BRA A431218;A431218;0;1;0;0;1;No;"13,62";"13,19";"24,9";;;;"0,35904016064257";"0,35904016064257";16/01/2026;20/01/2026;S;N;S;N;VENDER;8411796107507;;"13,62";"13,19";"24,9"
ALMACEN REPARACIONES;"ISOGONA,S.L.";BRA;00001 - Muebles;00054 - Menaje;00001 - Servicio Cocina;00004 - Sartenes y Paelleras; -;Menage;6271334;00499001010095;SARTEN EFFICIENT PLUS 22CM BRA A431222;A431222;0;1;0;0;1;No;"15,61";"15,51";"28,89";;;;"0,350394600207684";"0,350394600207684";04/02/2026;27/01/2026;S;N;S;N;VENDER;8411796107538;;"15,61";"15,51";"28,89"
ALMACEN REPARACIONES;"ISOGONA,S.L.";BRA;00001 - Muebles;00054 - Menaje;00001 - Servicio Cocina;00004 - Sartenes y Paelleras; -;Menage;6271337;00499001010098;SARTEN EFFICIENT PLUS 28CM BRA A431228;A431228;0;2;0;0;2;No;"20,11";"19,87";"36,91";;;;"0,348612842048225";"0,348612842048225";16/01/2026;17/01/2026;S;N;S;N;VENDER;8411796107569;;"40,22";"39,74";"73,82"
ALMACEN REPARACIONES;"ISOGONA,S.L.";BRA;00001 - Muebles;00054 - Menaje;00001 - Servicio Cocina;00004 - Sartenes y Paelleras; -;Menage;6271338;00499001010099;SARTEN EFFICIENT PLUS 30CM BRA A431230;A431230;0;1;0;0;1;No;"25,31";"24,86";"46,9";;;;"0,358622601279318";"0,358622601279318";19/01/2026;14/01/2026;S;N;S;N;VENDER;8411796107576;;"25,31";"24,86";"46,9"
ALMACEN REPARACIONES;"ISOGONA,S.L.";BRA;00001 - Muebles;00054 - Menaje;00001 - Servicio Cocina;00008 - Cafeteras; -;Menage;;00499001010668;CAFETERA FLAVOUR 4 TAZAS BRA  A170590;A170590;0;1;0;0;1;No;"17,94";"17,8";"32,9";;;;"0,345349544072948";"0,345349544072948";09/02/2026;04/02/2026;S;N;S;S;VENDER;8411796120759;;"17,94";"17,8";"32,9"
ALMACEN REPARACIONES;"ISOGONA,S.L.";BRA;00001 - Muebles;00054 - Menaje;00001 - Servicio Cocina;00008 - Cafeteras; -;Menage;;00499001010670;CAFETERA FLAVOUR 10 TAZAS BRA  A170592;A170592;0;2;0;0;2;No;"25,07";"24,88";"45,9";;;;"0,344122004357298";"0,344122004357298";10/12/2025;23/01/2026;S;N;S;S;VENDER;8411796120773;;"50,14";"49,76";"91,8"
ALMACEN REPARACIONES;"ISOGONA,S.L.";MONIX;00001 - Muebles;00054 - Menaje;00001 - Servicio Cocina;00003 - Ollas; -;Menage;6186063;00499001010018;OLLA PRESION CLASSICA 8L MONIX M530003;M530003;0;2;0;0;2;No;"41,15";"42,43";"75,43";;;;"0,319364974148217";"0,319364974148217";14/11/2025;14/01/2026;S;N;S;S;VENDER;8435092408854;;"82,3";"84,86";"150,86"
ALMACEN REPARACIONES;"ISOGONA,S.L.";MONIX;00001 - Muebles;00054 - Menaje;00001 - Servicio Cocina;00008 - Cafeteras; -;Menage;;00499001010738;CAFETERA INDUCTION NOIR 6 TAZAS MONIX M862006;M862006;0;1;0;0;1;No;"8,64";"8,34";"15,9";;;;"0,365320754716981";"0,365320754716981";12/01/2026;11/02/2026;S;N;S;S;VENDER;8435092429934;;"8,64";"8,34";"15,9"
ALMACEN REPARACIONES;"ISOGONA,S.L.";NINGUNA;00001 - Muebles;00054 - Menaje;00001 - Servicio Cocina;00003 - Ollas; -;Menage;6401651;00499001010619;OLLA A PRESION 7L PRESTO  M911003;M911003;0;1;0;0;1;No;"31,4";"31,19";"57,9";;"42,9";"57,9";"0,348188255613126";"0,120282051282051";08/01/2026;02/02/2026;S;N;S;S;VENDER;8435092427879;;"31,4";"31,19";"57,9"
ALMACEN REPARACIONES;"ISOGONA,S.L.";NINGUNA;00001 - Muebles;00054 - Menaje;00001 - Servicio Cocina;00004 - Sartenes y Paelleras; -;Menage;6353446;00499001010272;CUBERTERIA 75 PZS C/CH VERONA  A048075;A048075;0;0;-1;0;-1;No;"89,6";"87,71";169;;;;"0,372017159763314";"0,372017159763314";12/01/2026;20/12/2025;S;N;S;S;VENDER;8411796112624;;0;0;0
ALMACEN REPARACIONES;"ISOGONA,S.L.";NINGUNA;00001 - Muebles;00054 - Menaje;00001 - Servicio Cocina;00004 - Sartenes y Paelleras; -;Menage;;00499001010652;LOTE SARTENES HNOS TORRES 18-22-26 MONIX M240000;M240000;0;1;0;0;1;No;19;"18,67";"34,83";;;;"0,351401091013494";"0,351401091013494";29/01/2026;05/01/2026;S;N;S;S;VENDER;8435092433474;;19;"18,67";"34,83"
ALMACEN REPARACIONES;"ISOGONA,S.L.";NINGUNA;00001 - Muebles;00054 - Menaje;00001 - Servicio Cocina;00008 - Cafeteras; -;Menage;6235544;00499001010046;CAFETERA ACERO AROMA 10T. MONIX M770010;M770010;0;1;0;0;1;No;"20,79";"20,7";"38,9";;;;"0,356118251928021";"0,356118251928021";05/02/2026;11/12/2025;S;N;S;S;VENDER;8435092420634;;"20,79";"20,7";"38,9"
ALMACEN REPARACIONES;"ISOGONA,S.L.";NINGUNA;00001 - Muebles;00054 - Menaje;00001 - Servicio Cocina;00099 - Acc. de Cocina; -;Menage;6333626;00499001010176;SET MODENA CON CHULETERO 24 PZS  M200974;M200974;0;0;-2;0;-2;No;"20,9";"20,8";"38,9";;;;"0,353007712082262";"0,353007712082262";16/01/2026;04/02/2026;S;N;S;N;VENDER;8435092425806;;0;0;0
ALMACEN REPARACIONES;"ISOGONA,S.L.";NINGUNA;00001 - Muebles;00054 - Menaje;00002 - Servicio de Mesa;00007 - Utensilios de Mesa; -;Menage;6363975;00499001010577;VINAGRERAS 4 PZS  A021205;A021205;0;1;0;0;1;No;"27,55";"25,02";"50,9";;;;"0,405222003929273";"0,405222003929273";17/11/2025;30/04/2025;S;N;S;S;VENDER;8411796081234;;"27,55";"25,02";"50,9"
ALMACEN REPARACIONES;ITEM INTERNACIONAL S.A.;NINGUNA;00001 - Muebles;00050 - Dormitorios Matrimonio;00001 - Dormitorio;00002 - Cabezales; -;Dormitorios matrimonio;;00860001015292;CABECERO CAMA MANGO 160X5X80 MODERNO 3D NEGRO      MB-214900;MB-214900;0;0;-1;0;-1;No;"115,98";"115,98";"226,39";;;;"0,380114846062105";"0,380114846062105";22/12/2025;22/12/2025;S;N;S;N;DROPSHIPPING 2;8424002149000;;0;0;0
ALMACEN REPARACIONES;ITEM INTERNACIONAL S.A.;NINGUNA;00001 - Muebles;00052 - Salón;00002 - Salón comedor;00001 - Muebles tv; -;Mueble Auxiliar;;00860001015354;MUEBLE TV PAULOWNIA 120X48X60 BLANCO               MB-204069;MB-204069;0;1;0;0;1;No;"179,5";"179,5";"350,38";;;;"0,380115874193733";"0,380115874193733";22/12/2025;22/12/2025;S;N;S;N;DROPSHIPPING 2;8424002040697;;"179,5";"179,5";"350,38"
ALMACEN REPARACIONES;ITEM INTERNACIONAL S.A.;NINGUNA;00001 - Muebles;00053 - Decoración;00002 - Decoracion;00003 - Espejos; -;Decoración;;00860001013745;ESPEJO METAL ESPEJO 120X2X120 DORADO;ES-207406;0;0;-1;0;-1;No;"57,4";"48,79";"86,1";;;;"0,314333333333333";"0,314333333333333";26/08/2025;10/10/2025;S;N;S;N;DROPSHIPPING 2;8424002074067;;0;0;0
ALMACEN REPARACIONES;ITEM INTERNACIONAL S.A.;NINGUNA;00001 - Muebles;00053 - Decoración;00002 - Decoracion;00003 - Espejos; -;Decoración;;00860001014494;ESPEJO HIERRO CRISTAL 90X2X150 VENTANA NEGRO      ES-195698;ES-195698;0;0;-2;0;-2;No;"55,6";"47,26";"83,41";;;;"0,314415537705311";"0,314415537705311";03/02/2026;10/02/2026;S;N;S;N;OFERTA;8424001956982;;0;0;0
ALMACEN REPARACIONES;ITEM INTERNACIONAL S.A.;NINGUNA;00001 - Muebles;00053 - Decoración;00002 - Decoracion;00003 - Espejos; -;Decoración;;00860001015181;ESPEJO HIERRO ESPEJO 90X2X120 NEGRO               ES-178525;ES-178525;0;0;-1;0;-1;No;"43,82";"37,25";"80,32";;;;"0,438838396414343";"0,438838396414343";31/12/2025;03/02/2026;S;N;S;N;DROPSHIPPING 2;8424001785254;;0;0;0
ALMACEN REPARACIONES;ITEM INTERNACIONAL S.A.;NINGUNA;00001 - Muebles;00053 - Decoración;00002 - Decoracion;00003 - Espejos; -;Decoración;;00860001015190;ESPEJO HIERRO CRISTAL 122X2X122 VENTANA NEGRO     ES-218703;ES-218703;0;0;-2;0;-2;No;"54,98";"50,17";"100,78";;;;"0,3976413971026";"0,3976413971026";03/02/2026;04/02/2026;S;N;S;N;DROPSHIPPING 2;8424002187033;;0;0;0
ALMACEN REPARACIONES;ITEM INTERNACIONAL S.A.;NINGUNA;00001 - Muebles;00054 - Menaje;00004 - Servicios Camping;00001 - Neveras; -;Terraza y Jardín;6369125;00860001013204;NEVERA ACERO PP 74X43X80 56 L RUEDAS ROJO  MB-192515;MB-192515;0;1;1;0;2;No;"99,98";"84,98";"179,96";;;;"0,42861858190709";"0,42861858190709";22/04/2025;31/12/2025;S;N;N;N;LIQUIDACION;8424001925155;;"99,98";"84,98";"179,96"
ALMACEN REPARACIONES;ITEM INTERNACIONAL S.A.;NINGUNA;00001 - Muebles;00056 - Auxiliares;00001 - Mueble Auxiliar;00006 - Mesas; -;Mueble Auxiliar;6359072;00860001012950;"MESA CAFE MDF METAL 110X110X37,5 MARRON CLARO  MB-186541";MB-186541;0;0;-1;0;-1;No;"119,95";"109,97";239;;;;"0,443248117154812";"0,443248117154812";;19/09/2025;S;S;S;S;VENDER;8424001865413;;0;0;0
ALMACEN REPARACIONES;ITEM INTERNACIONAL S.A.;NINGUNA;00001 - Muebles;00056 - Auxiliares;00001 - Mueble Auxiliar;00006 - Mesas; -;Mueble Auxiliar;6386285;00860001013473;MESA CAFE SET 2 ACERO MDF 110X48X45 BLANCO  MB-199664;MB-199664;0;1;0;0;1;No;110;110;"215,21";;;;"0,38153431531992";"0,38153431531992";09/07/2025;09/07/2025;S;N;S;N;DROPSHIPPING 2;8424001996643;;110;110;"215,21"
ALMACEN REPARACIONES;ITEM INTERNACIONAL S.A.;NINGUNA;00001 - Muebles;00056 - Auxiliares;00001 - Mueble Auxiliar;00010 - Espejos; -;Mueble Auxiliar;6374869;00860001013224;ESPEJO HIERRO CRISTAL NEGRO 90X180  ES-195699;ES-195699;0;0;-1;0;-1;No;"75,95";"64,56";149;;;;"0,475720805369128";"0,475720805369128";21/10/2025;04/11/2025;S;N;S;N;OFERTA;;;0;0;0
ALMACEN REPARACIONES;ITEM INTERNACIONAL S.A.;NINGUNA;00001 - Muebles;00056 - Auxiliares;00001 - Mueble Auxiliar;00010 - Espejos; -;Mueble Auxiliar;6394796;00860001013612;ESPEJO HIERRO CRISTAL 90X2X150 VENTANA DORADO  ES-198820;ES-198820;0;0;-1;0;-1;No;"55,6";"47,26";109;;;;"0,475370642201835";"0,475370642201835";29/01/2026;26/01/2026;S;N;S;N;DROPSHIPPING 2;8424001988204;;0;0;0
ALMACEN REPARACIONES;ITEM INTERNACIONAL S.A.;NINGUNA;00001 - Muebles;00056 - Auxiliares;00001 - Mueble Auxiliar;00010 - Espejos; -;Mueble Auxiliar;;00860001014030;ESPEJO HIERRO CRISTAL 90X2X90 VENTANA NEGRO;ES-195696;0;0;-1;0;-1;No;"35,95";"32,36";"70,89";;;;"0,447656933276908";"0,447656933276908";10/02/2026;10/02/2026;S;N;S;N;OFERTA;8424001956968;;0;0;0
ALMACEN REPARACIONES;ITEM INTERNACIONAL S.A.;NINGUNA;00001 - Muebles;00057 - Asientos;00002 - Sofás;00001 - Sillas; -;Asientos;6384748;00860001013319;SILLA ABETO POLIESTER 46X61X86 BEIGE  MB-203402;MB-203402;0;3;3;0;6;No;"96,81";"119,9";199;;"144,52";169;"0,270959798994975";"-0,003867976750623";10/02/2026;18/06/2025;S;S;N;N;LIQUIDACION;8424002034023;2;"290,43";"359,7";597
ALMACEN REPARACIONES;ITEM INTERNACIONAL S.A.;NINGUNA;00001 - Muebles;00057 - Asientos;00002 - Sofás;00002 - Butacas; -;Asientos;6354776;00860001012263;SILLON POLIESTER METAL 81X75X73 VERDE  MB-179547;MB-179547;0;0;-1;0;-1;No;"169,95";"169,95";349;;229;489;"0,410775071633238";"0,102010917030568";;04/07/2025;S;S;N;N;LIQUIDACION;8424001795475;3;0;0;0
ALMACEN REPARACIONES;ITEM INTERNACIONAL S.A.;NINGUNA;00001 - Muebles;00058 - Terraza y Jardín;00001 - Terraza y Jardin;00002 - Conjuntos; -;Terraza y Jardín;6394595;00860001013550;MESA SET 4 RATAN SINTETICO POLIESTER 124X72X75  MB-200896;MB-200896;0;1;0;0;1;No;"155,97";"254,98";"269,39";;309;519;"-0,145275622703144";"0,001534627831715";;19/01/2026;S;N;N;N;LIQUIDACION;8435676708226;"3,49";"155,97";"254,98";"269,39"
ALMACEN REPARACIONES;ITEM INTERNACIONAL S.A.;NINGUNA;00001 - Muebles;00058 - Terraza y Jardín;00001 - Terraza y Jardin;00004 - Parasoles; -;Terraza y Jardín;;00860001014998;PARASOL ACERO 350X290X250 180 GSM. ARTICULADO + BASE PARASOL MB-218327 + MB-218378;MB-218327 + MB-218378;0;2;2;0;4;No;"135,52";"115,19";229;;159;229;"0,391354148471616";"0,123396855345912";26/03/2025;28/10/2025;S;N;N;N;LIQUIDACION;8424002183257;3;"271,04";"230,38";458
ALMACEN REPARACIONES;ITEM INTERNACIONAL S.A.;NINGUNA;00001 - Muebles;00058 - Terraza y Jardín;00001 - Terraza y Jardin;00004 - Parasoles; -;Terraza y Jardín;;00860001015591;PARASOL ACERO 350X290X250 180 GSM. ARTICULADO;MB-218327;0;1;1;0;2;No;"76,48";"76,48";"129,24";;159;229;"0,28396162178892";"0,417982389937107";;;S;N;N;N;LIQUIDACION;8424002183257;3;"76,48";"76,48";"129,24"
ALMACEN REPARACIONES;"IXIA REGAL, S.A.";NINGUNA;00001 - Muebles;00052 - Salón;00001 - Convencional;00004 - Vitrinas; -;Salón;6364187;00784001011730;VITRINA BLANCO ROZADO MADERA DE MANGO 120 X 40 X 1  600996;600996;0;0;-1;0;-1;No;"625,5";"606,85";"1220,65";;;;"0,398444681112522";"0,398444681112522";06/02/2026;11/11/2025;S;N;S;N;DROPSHIPPING 2;8445146009968;;0;0;0
ALMACEN REPARACIONES;"IXIA REGAL, S.A.";NINGUNA;00001 - Muebles;00052 - Salón;00002 - Salón comedor;00101 - Mesas de centro; -;Mueble Auxiliar;;00784001012689;MESA CENTRO NATURAL MADERA DE MANGO 120 X 60 X 40 CM    612706;612706;0;1;1;0;2;No;"256,5";"252,66";509;;459;509;"0,399374066797642";"0,333946405228758";25/06/2025;14/04/2025;S;N;S;N;DROPSHIPPING 2;8445146127068;;"256,5";"252,66";509
ALMACEN REPARACIONES;"IXIA REGAL, S.A.";NINGUNA;00001 - Muebles;00052 - Salón;00002 - Salón comedor;00104 - Aparadores; -;Mueble Auxiliar;;00784001012701;"APARADOR MIEL MADERA DE MANGO SALÓN 171 X 45 X 62,50 CM    612843";612843;0;0;-1;0;-1;No;"526,5";"513,34";1029;;;;"0,396364042759961";"0,396364042759961";11/02/2026;17/11/2025;S;N;S;S;VENDER;8445146128430;;0;0;0
ALMACEN REPARACIONES;"IXIA REGAL, S.A.";NINGUNA;00001 - Muebles;00053 - Decoración;00002 - Decoracion;00001 - Decoracion; -;Decoración;;00784001012258;ACCESORIO MOBILIARIO  C INVENTARIABLE;784INV;0;3;3;0;6;No;0;0;0;;;;;;27/01/2025;;S;N;S;S;VENDER;;;0;0;0
ALMACEN REPARACIONES;"IXIA REGAL, S.A.";NINGUNA;00001 - Muebles;00053 - Decoración;00002 - Decoracion;00001 - Decoracion; -;Mueble Auxiliar;;00784001012451;S/2 MESA CENTRO NEGRO METAL-CRISTAL 89 X 80 X 51 CM    611479;611479;0;0;-1;0;-1;No;"130,5";"126,15";259;;;;"0,410650579150579";"0,410650579150579";18/06/2025;01/09/2025;S;N;S;S;VENDER;8445146114792;;0;0;0
ALMACEN REPARACIONES;"IXIA REGAL, S.A.";NINGUNA;00001 - Muebles;00053 - Decoración;00002 - Decoracion;00003 - Espejos; -;Decoración;6336199;00784001010559;ESPEJO VENTANA METAL-CRISTAL DECORACION 90 X 3 X 1  153404;153404;0;4;0;0;4;No;"71,95";"77,28";"131,89";;;;"0,291009174311927";"0,291009174311927";27/01/2026;19/01/2026;S;N;S;N;DROPSHIPPING 2;8424346534043;;"287,8";"309,12";"527,56"
ALMACEN REPARACIONES;"IXIA REGAL, S.A.";NINGUNA;00001 - Muebles;00053 - Decoración;00002 - Decoracion;00003 - Espejos; -;Decoración;6350268;00784001011057;ESPEJO VENTANA METAL-CRISTAL DECORACION 90 X 3 X 1  153405;153405;0;3;0;0;3;No;"112,5";"124,86";"206,21";;;;"0,267345909509723";"0,267345909509723";02/01/2026;02/12/2025;S;N;S;N;DROPSHIPPING 2;8424346534050;;"337,5";"374,58";"618,63"
ALMACEN REPARACIONES;"IXIA REGAL, S.A.";NINGUNA;00001 - Muebles;00053 - Decoración;00002 - Decoracion;00003 - Espejos; -;Decoración;6355586;00784001011128;ESPEJO VENTANA ORO METAL-CRISTAL 90 X 3 X 180 CM  600433;600433;0;1;0;0;1;No;"121,5";"145,05";"237,44";;;;"0,260821681266846";"0,260821681266846";25/06/2025;02/02/2026;S;N;N;N;LIQUIDACION;;;"121,5";"145,05";"237,44"
ALMACEN REPARACIONES;"IXIA REGAL, S.A.";NINGUNA;00001 - Muebles;00053 - Decoración;00002 - Decoracion;00003 - Espejos; -;Decoración;;00784001013105;ESPEJO NEGRO PU-MDF DECORACIÓN 85 X 170 X 10   613829;613829;0;0;-1;0;-1;No;"193,5";"193,5";"354,69";;;;"0,339888353209845";"0,339888353209845";23/10/2025;;S;N;S;N;DROPSHIPPING 2;8445146138293;;0;0;0
ALMACEN REPARACIONES;"IXIA REGAL, S.A.";NINGUNA;00001 - Muebles;00056 - Auxiliares;00001 - Mueble Auxiliar;00006 - Mesas; -;Mueble Auxiliar;;00784001012679;ESCRITORIO TRANSPARENTE CRISTAL MODERNO 110 X 55 X 76 CM  605761;605761;0;1;1;0;2;No;"85,75";"52,26";"169,04";;;;"0,625919309039281";"0,625919309039281";26/11/2025;15/12/2025;S;N;S;N;DROPSHIPPING 2;8445146057617;;"85,75";"52,26";"169,04"
ALMACEN REPARACIONES;"IXIA REGAL, S.A.";NINGUNA;00001 - Muebles;00056 - Auxiliares;00001 - Mueble Auxiliar;00008 - Tocador; -;Mueble Auxiliar;6343164;00784001010809;TOCADOR NATURAL-BLANCO MADERA ESPEJO 80X40X129  601199;601199;0;1;1;0;2;No;135;135;269;;;;"0,39275092936803";"0,39275092936803";18/02/2022;;S;S;S;S;VENDER;8445146007216;;135;135;269
ALMACEN REPARACIONES;"IXIA REGAL, S.A.";NINGUNA;00001 - Muebles;00056 - Auxiliares;00001 - Mueble Auxiliar;00018 - Consolas; -;Mueble Auxiliar;;00784001012916;CONSOLA NATURAL DM-MADERA 115 X 37 X 80 CM  611305;611305;0;1;0;0;1;No;"100,13";"98,88";199;;;;"0,398769849246231";"0,398769849246231";16/12/2024;21/08/2025;S;N;S;N;DROPSHIPPING 2;8445146113054;;"100,13";"98,88";199
ALMACEN REPARACIONES;"IXIA REGAL, S.A.";NINGUNA;00001 - Muebles;00057 - Asientos;00002 - Sofás;00001 - Sillas; -;Asientos;;00784001012873;SILLA NATURAL-BEIGE TEJIDO-MADERA 613830;613830;0;0;-1;0;-1;No;"76,5";"76,5";"158,99";;;;"0,417793571922762";"0,417793571922762";04/02/2026;04/02/2026;S;N;S;N;DROPSHIPPING 2;8445146138309;;0;0;0
ALMACEN REPARACIONES;"IXIA REGAL, S.A.";NINGUNA;00001 - Muebles;00057 - Asientos;00002 - Sofás;00001 - Sillas; -;Asientos;;00784001013166;SILLA AMARILLO PP-METAL CONTRACT 51 X 46 X 80 CM 615537;615537;0;1;1;0;2;No;"29,65";"28,98";"59,81";;;;"0,41371342584852";"0,41371342584852";22/01/2026;23/01/2026;S;N;S;N;DROPSHIPPING 2;8445146155375;;"29,65";"28,98";"59,81"
ALMACEN REPARACIONES;"IXIA REGAL, S.A.";NINGUNA;00001 - Muebles;00057 - Asientos;00002 - Sofás;00005 - Taburetes; -;Asientos;;00784001012319;"TABURETE TAUPE TEJIDO-METAL SALÓN 45,50 X 45 X 105,50 CM";609575;0;1;1;0;2;No;"32,62";"31,96";"65,9";;;;"0,413177541729894";"0,413177541729894";02/07/2025;08/07/2025;S;N;S;N;DROPSHIPPING 2;8445146095756;;"32,62";"31,96";"65,9"
ALMACEN REPARACIONES;"IXIA REGAL, S.A.";NINGUNA;00001 - Muebles;00057 - Asientos;00002 - Sofás;00005 - Taburetes; -;Asientos;;00784001012457;TABURETE CREMA TEJIDO-METAL SALON 45 X 55 X 92 CM    611010;611010;0;2;1;0;3;No;"38,48";"37,46";"77,9";;;;"0,41814377406932";"0,41814377406932";10/04/2025;04/11/2025;S;N;N;N;LIQUIDACION;8445146110107;;"76,96";"74,92";"155,8"
ALMACEN REPARACIONES;"IXIA REGAL, S.A.";NINGUNA;00001 - Muebles;00057 - Asientos;00002 - Sofás;00005 - Taburetes; -;Asientos;;00784001012459;TABURETE CREMA TEJIDO-METAL SALON 50 X 55 X 95 CM    611013;611013;0;3;3;0;6;No;"51,08";"48,53";109;;;;"0,46127247706422";"0,46127247706422";10/04/2025;28/08/2024;S;N;N;N;LIQUIDACION;8445146110138;;"153,24";"145,59";327
ALMACEN REPARACIONES;"IXIA REGAL, S.A.";NINGUNA;00001 - Muebles;00060 - Iluminacion;00002 - Pared;00001 - Lamparas; -;Iluminación;;00784001012431;LAMPARA SUELO CRISTAL ILUMINACION 39 X 39 X 143 CM    611588;611588;0;0;-1;0;-1;No;"109,76";"109,76";"219,51";;;;"0,394972438613275";"0,394972438613275";20/01/2026;04/11/2025;S;N;S;S;VENDER;8445146115881;;0;0;0
ALMACEN REPARACIONES;JANCOR NEGOCIOS S.L.;10 3;00001 - Muebles;00057 - Asientos;00002 - Sofás;00001 - Sillas; -;Asientos;;04596000000006;TABURETE COCINA TAPIZADO BLANCO 10 3 MBXSIL0000012;MBXSIL0000012;0;1;0;0;1;No;"10,58";"9,92";"22,9";;;;"0,475842794759825";"0,475842794759825";15/12/2025;30/01/2026;S;N;S;N;IMPORTACION;;;"10,58";"9,92";"22,9"
ALMACEN REPARACIONES;JANCOR NEGOCIOS S.L.;20 3;00001 - Muebles;00057 - Asientos;00002 - Sofás;00001 - Sillas; -;Asientos;;04596000000005;SILLA COCINA TAPIZADO BLANCO 20 3 MBXSIL0000013;MBXSIL0000013;0;12;2;0;14;No;"10,5";"38,33";"23,9";;"20,9";"23,9";"-0,940556485355649";"-1,21910526315789";15/12/2025;05/02/2026;S;N;S;N;IMPORTACION;;;126;"459,96";"286,8"
ALMACEN REPARACIONES;JANCOR NEGOCIOS S.L.;BAHAMAS;00001 - Muebles;00057 - Asientos;00002 - Sofás;00002 - Butacas; -;Asientos;;04596000000032;"SILLON RELAX ELECTRICO BAHAMAS HD-1858,#ACABADO EN WIND 90 GRIS";HD-1858;0;0;-3;0;-3;No;"135,9";"131,55";289;;;;"0,449219723183391";"0,449219723183391";22/12/2025;10/02/2026;S;N;S;N;IMPORTACION;;;0;0;0
ALMACEN REPARACIONES;JANCOR NEGOCIOS S.L.;BAHAMAS;00001 - Muebles;00057 - Asientos;00002 - Sofás;00004 - Sofás; -;Asientos;;04596000000030;"SOFA 3PZ.C/2 RELAX ELECTRICOS BAHAMAS HD-1858 ,#ACABADO EN WIND 90 GRIS";HD-1858;0;1;-3;0;-2;No;"278,54";"268,62";599;;;;"0,457378631051753";"0,457378631051753";22/12/2025;29/01/2026;S;N;S;N;IMPORTACION;;;"278,54";"268,62";599
ALMACEN REPARACIONES;JANCOR NEGOCIOS S.L.;BAHAMAS;00001 - Muebles;00057 - Asientos;00002 - Sofás;00004 - Sofás; -;Asientos;;04596000000031;"SOFA 2PZ.C/2 RELAX ELECTRICOS BAHAMAS HD-1858,#ACABADO EN WIND 90 GRIS";HD-1858;0;1;0;0;1;No;"218,37";"210,62";469;;;;"0,456609381663113";"0,456609381663113";22/12/2025;11/02/2026;S;N;S;N;IMPORTACION;;;"218,37";"210,62";469
ALMACEN REPARACIONES;JANCOR NEGOCIOS S.L.;BORA BORA;00001 - Muebles;00058 - Terraza y Jardín;00001 - Terraza y Jardin;00002 - Conjuntos; -;Terraza y Jardín;;04596000000100;SET JARDIN BORA BORA JH-003 (MESA ALTA + SOFA 3 PLAZAS + 2 SILLONES+BANQUETA) COLOR GRIS;JH-003;0;1;1;0;2;No;425;425;869;;579;869;"0,408227848101266";"0,111830742659758";21/04/2025;16/12/2025;S;N;S;N;IMPORTACION;;6;425;425;869
ALMACEN REPARACIONES;JANCOR NEGOCIOS S.L.;BORA BORA;00001 - Muebles;00058 - Terraza y Jardín;00001 - Terraza y Jardin;00002 - Conjuntos; -;Terraza y Jardín;;04596000000101;SET JARDIN BORA BORA JH-003 (MESA ALTA + SOFA 3 PLAZAS + 2 SILLONES+BANQUETA) COLOR BLANCO;JH-003;0;1;0;0;1;No;425;425;869;;579;869;"0,408227848101266";"0,111830742659758";21/04/2025;09/02/2026;S;N;S;N;IMPORTACION;;6;425;425;869
ALMACEN REPARACIONES;JANCOR NEGOCIOS S.L.;CALIFORNIA;00001 - Muebles;00058 - Terraza y Jardín;00001 - Terraza y Jardin;00002 - Conjuntos; -;Terraza y Jardín;;04596000000111;SET JARDIN 4 PIEZAS SDS013-1 CALIFORNIA (MESA ALTA+4 SILLAS);SFS013-1;0;0;-1;0;-1;No;145;"141,53";299;;199;299;"0,427253177257525";"0,139440703517588";12/05/2025;07/02/2026;S;N;S;N;IMPORTACION;;3;0;0;0
ALMACEN REPARACIONES;JANCOR NEGOCIOS S.L.;CARIBE;00001 - Muebles;00057 - Asientos;00002 - Sofás;00002 - Butacas; -;Asientos;;04596000000036;"SILLON RELAX MANUAL CARIBE HS 8001,#ACABADO EN WIND 05 BEIG";HS 8001;0;1;-4;0;-3;No;"114,41";"109,65";249;;229;249;"0,46716265060241";"0,420626637554585";05/01/2026;12/02/2026;S;N;S;N;IMPORTACION;;;"114,41";"109,65";249
ALMACEN REPARACIONES;JANCOR NEGOCIOS S.L.;CARIBE;00001 - Muebles;00057 - Asientos;00002 - Sofás;00004 - Sofás; -;Asientos;;04596000000034;"SOFA 3 PL.C/2 RELAX MANUAL CARIBE HS 8001,#ACABADO EN WIND 05 BEIG";HS 8001;0;0;-4;0;-4;No;"232,47";"222,62";499;;;;"0,46017995991984";"0,46017995991984";05/01/2026;09/02/2026;S;N;S;N;IMPORTACION;;;0;0;0
ALMACEN REPARACIONES;JANCOR NEGOCIOS S.L.;CARIBE;00001 - Muebles;00057 - Asientos;00002 - Sofás;00004 - Sofás; -;Asientos;;04596000000035;"SOFA 2 PL.C/2 RELAX MANUAL CARIBE HS 8001,#ACABADO EN WIND 05 BEIG";HS 8001;0;0;-2;0;-2;No;"171,87";"164,78";369;;;;"0,459664498644986";"0,459664498644986";10/02/2026;12/02/2026;S;N;S;N;IMPORTACION;;;0;0;0
ALMACEN REPARACIONES;JANCOR NEGOCIOS S.L.;CONTOI;00001 - Muebles;00058 - Terraza y Jardín;00001 - Terraza y Jardin;00002 - Conjuntos; -;Terraza y Jardín;;04596000000088;SET JARDIN CONTOI JH-023 (MESA ALTA + RINCONERA 3+2 PLAZAS + 3 PUF);JH-023;0;3;2;0;5;No;"354,5";"354,5";719;;479;719;"0,403414464534075";"0,104498956158664";11/12/2025;28/10/2025;S;N;S;N;IMPORTACION;;5;"1063,5";"1063,5";2157
ALMACEN REPARACIONES;JANCOR NEGOCIOS S.L.;CUBA;00001 - Muebles;00058 - Terraza y Jardín;00001 - Terraza y Jardin;00002 - Conjuntos; -;Terraza y Jardín;;04596000000072;SET JARDIN 4 PIEZAS CUBA JH-193 (SOFA 3 PLAZAS + 2 SILLONES + MESA BAJA) COLOR GRIS;JH-193;0;1;1;0;2;No;"189,5";"189,5";389;;259;389;"0,410552699228792";"0,11469111969112";24/04/2025;14/06/2025;S;N;S;N;IMPORTACION;;3;"189,5";"189,5";389
ALMACEN REPARACIONES;JANCOR NEGOCIOS S.L.;EDGAR 2;00001 - Muebles;00057 - Asientos;00002 - Sofás;00002 - Butacas; -;Asientos;;04596000000056;SILLON RELAX MANUAL EDGAR 2 HS8002 TELA FL08-5 GRIS;HS8002;0;1;1;0;2;No;"111,86";"111,86";229;;199;229;"0,408949344978166";"0,319846231155779";02/12/2025;23/01/2026;S;N;N;N;LIQUIDACION;;;"111,86";"111,86";229
ALMACEN REPARACIONES;JANCOR NEGOCIOS S.L.;EDGAR 2;00001 - Muebles;00057 - Asientos;00002 - Sofás;00004 - Sofás; -;Asientos;;04596000000057;SOFA 2 PL.C/2 RELAX MANUAL EDGAR 2 HS8002 TELA FL08-5 GRIS;HS8002;0;0;-1;0;-1;No;"171,88";"171,88";349;;"279,2";349;"0,404083667621777";"0,255104584527221";08/07/2025;06/08/2025;S;N;N;N;LIQUIDACION;;;0;0;0
ALMACEN REPARACIONES;JANCOR NEGOCIOS S.L.;EDGAR 2;00001 - Muebles;00057 - Asientos;00002 - Sofás;00004 - Sofás; -;Asientos;;04596000000058;SOFA 3 PL.C/2 RELAX MANUAL EDGAR 2 HS8002 TELA FL08-5 GRIS;HS8002-3;0;0;-2;0;-2;No;"231,36";"231,36";469;;;;"0,403101066098081";"0,403101066098081";21/02/2025;22/08/2025;S;N;N;N;LIQUIDACION;;;0;0;0
ALMACEN REPARACIONES;JANCOR NEGOCIOS S.L.;ERIC;00001 - Muebles;00057 - Asientos;00002 - Sofás;00002 - Butacas; -;Asientos;;04596000000048;SILLON RELAX ELECTRICO ERIC TELA UF920 - 01 BEIGE;;0;2;1;0;3;No;"149,9";"149,9";309;"114,9";279;309;"0,413012944983819";"0,34989605734767";19/03/2025;11/02/2026;S;N;N;N;LIQUIDACION;;;"299,8";"299,8";618
ALMACEN REPARACIONES;JANCOR NEGOCIOS S.L.;FILIPINAS;00001 - Muebles;00058 - Terraza y Jardín;00001 - Terraza y Jardin;00002 - Conjuntos; -;Terraza y Jardín;;04596000000080;SET JARDIN 7 PIEZAS FILIPINAS JH-209 (MESA ALTA + 6 SILLAS) COLOR MARRON;JH-209;10;2;12;0;24;No;"164,5";"164,5";339;;229;339;"0,412846607669617";"0,130807860262009";25/04/2025;30/09/2025;S;N;S;N;IMPORTACION;;3;329;329;678
ALMACEN REPARACIONES;JANCOR NEGOCIOS S.L.;FLORA 2;00001 - Muebles;00057 - Asientos;00002 - Sofás;00001 - Sillas; -;Asientos;;04596000000119;SILLA FLORA 2 TELA UF860-1B BEIG;;0;4;2;0;6;No;"13,5";"13,5";"29,9";;"25,9";"29,9";"0,453678929765886";"0,369305019305019";11/11/2025;10/02/2026;S;N;S;N;IMPORTACION;;;54;54;"119,6"
ALMACEN REPARACIONES;JANCOR NEGOCIOS S.L.;FLORA 2;00001 - Muebles;00057 - Asientos;00002 - Sofás;00001 - Sillas; -;Asientos;;04596000000120;SILLA FLORA 2 TELA UF860-19B GRIS OSCURO;;0;2;-4;0;-2;No;"13,5";"13,5";"29,9";;"25,9";"29,9";"0,453678929765886";"0,369305019305019";11/11/2025;11/02/2026;S;N;S;N;IMPORTACION;;;27;27;"59,8"
ALMACEN REPARACIONES;JANCOR NEGOCIOS S.L.;FORMENTERA;00001 - Muebles;00058 - Terraza y Jardín;00001 - Terraza y Jardin;00002 - Conjuntos; -;Terraza y Jardín;;04596000000112;SET JARDIN FORMENTERA JH-85 (MESA ALTA + SOFA 3 PLAZAS + 2 SILLONES+2 PUFS) COLOR GRIS;JH-85;0;1;1;0;2;No;375;375;769;;509;769;"0,409947984395319";"0,108546168958743";21/04/2025;04/10/2025;S;N;S;N;IMPORTACION;;5;375;375;769
ALMACEN REPARACIONES;JANCOR NEGOCIOS S.L.;GIJON;00001 - Muebles;00058 - Terraza y Jardín;00001 - Terraza y Jardin;00002 - Conjuntos; -;Terraza y Jardín;;04596000000105;SET JARDIN GIJON JH-315 (MESA ALTA CON BAUL+SOFA 2 PLAZAS + 2 SILLONES + 2 PUF MAS MESA RINCON) COLOR MARRON;JH-315;0;2;0;0;2;No;325;325;659;;439;659;"0,403262518968134";"0,104214123006834";26/04/2025;19/09/2025;S;N;S;N;IMPORTACION;;4;650;650;1318
ALMACEN REPARACIONES;JANCOR NEGOCIOS S.L.;HAWAI;00001 - Muebles;00057 - Asientos;00002 - Sofás;00013 - Sofás cama; -;Asientos;;04596000000010;SOFA CAMA 182X81X84 HAWAI 1610;1610;0;1;0;0;1;No;"95,5";"95,56";219;;209;229;"0,472020091324201";"0,446757894736842";03/02/2026;10/02/2026;S;N;S;N;IMPORTACION;;;"95,5";"95,56";219
ALMACEN REPARACIONES;JANCOR NEGOCIOS S.L.;JOEL;00001 - Muebles;00057 - Asientos;00002 - Sofás;00002 - Butacas; -;Asientos;;04596000000046;SILLON RELAX ELECTRICO JOEL TELA UF920- 10 GRIS CLARO;;0;0;-1;0;-1;No;"149,9";"149,9";309;"114,9";199;309;"0,413012944983819";"0,088547738693467";17/03/2025;05/02/2026;S;N;N;N;LIQUIDACION;;;0;0;0
ALMACEN REPARACIONES;JANCOR NEGOCIOS S.L.;JOEL;00001 - Muebles;00057 - Asientos;00002 - Sofás;00002 - Butacas; -;Asientos;;04596000000047;SILLON RELAX ELECTRICO JOEL TELA UF920- 10 GRIS OSCURO;;0;2;0;0;2;No;"149,9";"149,9";309;"114,9";199;309;"0,413012944983819";"0,088547738693467";09/02/2026;12/02/2026;S;N;N;N;LIQUIDACION;;;"299,8";"299,8";618
ALMACEN REPARACIONES;JANCOR NEGOCIOS S.L.;LANZAROTE;00001 - Muebles;00058 - Terraza y Jardín;00001 - Terraza y Jardin;00002 - Conjuntos; -;Terraza y Jardín;;04596000000104;SET JARDIN LANZAROTE JH-300 (MESA ALTA + 4 SILLAS) COLOR BLANCO;JH-300;0;0;-1;0;-1;No;"197,5";"197,5";399;;269;399;"0,401065162907268";"0,111617100371747";21/04/2025;24/10/2025;S;N;S;N;IMPORTACION;;3;0;0;0
ALMACEN REPARACIONES;JANCOR NEGOCIOS S.L.;LIQUIDACION;00001 - Muebles;00057 - Asientos;00002 - Sofás;00002 - Butacas; -;Asientos;;04596000000144;"SILLON RELAX MANUAL CARIBE HS 8001,#ACABADO EN WIND 05 BEIG (LIQUIDACION TARA EN TELA)";HS 8001;0;1;1;0;2;No;"111,03";"111,03";249;;"124,5";249;"0,460456626506024";"-0,079086746987952";;03/02/2026;S;N;N;N;LIQUIDACION;;3;"111,03";"111,03";249
ALMACEN REPARACIONES;JANCOR NEGOCIOS S.L.;LORCA 2;00001 - Muebles;00057 - Asientos;00002 - Sofás;00013 - Sofás cama; -;Asientos;;04596000000013;"SOFA CAMA 209X86 LORCA 2 ,#ACABADO EN WIND 76 AZUL";;0;0;-1;0;-1;No;"172,5";"172,5";"372,02";;289;"372,02";"0,438941454760497";"0,277768166089965";20/01/2026;12/02/2026;S;N;S;N;IMPORTACION;;;0;0;0
ALMACEN REPARACIONES;JANCOR NEGOCIOS S.L.;LORCA 2;00001 - Muebles;00057 - Asientos;00002 - Sofás;00013 - Sofás cama; -;Asientos;;04596000000014;"SOFA CAMA 209X86 LORCA 2 ,#ACABADO EN WIND 80 BEIG";;0;1;0;0;1;No;"172,5";"172,5";"372,02";;289;"372,02";"0,438941454760497";"0,277768166089965";20/01/2026;11/02/2026;S;N;S;N;IMPORTACION;;;"172,5";"172,5";"372,02"
ALMACEN REPARACIONES;JANCOR NEGOCIOS S.L.;LORCA 2;00001 - Muebles;00057 - Asientos;00002 - Sofás;00013 - Sofás cama; -;Asientos;;04596000000121;"SOFA CAMA 209X86 LORCA 2 ,#ACABADO EN WIND 89 GRIS OSCURO";;0;1;0;0;1;No;"172,5";"172,5";399;;289;399;"0,47687969924812";"0,277768166089965";20/01/2026;12/02/2026;S;N;S;N;IMPORTACION;;;"172,5";"172,5";399
ALMACEN REPARACIONES;JANCOR NEGOCIOS S.L.;MAR;00001 - Muebles;00057 - Asientos;00002 - Sofás;00015 - Sillas despacho; -;Asientos;;04596000000040;SILLA DE OFICINA MAR NEGRO 0900;SGIOFI0000001;0;0;-1;0;-1;No;"34,5";"35,85";"78,9";;;;"0,450209125475285";"0,450209125475285";13/02/2025;22/12/2025;S;N;S;N;IMPORTACION;;;0;0;0
ALMACEN REPARACIONES;JANCOR NEGOCIOS S.L.;MILCA;00001 - Muebles;00057 - Asientos;00002 - Sofás;00001 - Sillas; -;Asientos;;04596000000097;"SILLON ESTRUCTURA MADERA HAYA MILCA,#ACABADO EN TELA KKM336-1 BLANCO";XSDC002;0;4;4;0;8;No;"44,8";"44,8";"95,9";;;;"0,434744525547445";"0,434744525547445";14/08/2025;12/01/2026;S;N;S;N;IMPORTACION;;;"179,2";"179,2";"383,6"
ALMACEN REPARACIONES;JANCOR NEGOCIOS S.L.;MIRIAM;00001 - Muebles;00057 - Asientos;00002 - Sofás;00001 - Sillas; -;Asientos;;04596000000037;SILLA BLANCA PATAS MADERA HAYA MIRIAM;;0;1;-2;0;-1;No;"13,83";"12,83";"29,9";;"16,9";"29,9";"0,480792642140468";"0,081402366863905";29/05/2025;09/02/2026;S;N;N;N;LIQUIDACION;;1;"13,83";"12,83";"29,9"
ALMACEN REPARACIONES;JANCOR NEGOCIOS S.L.;NAIM;00001 - Muebles;00057 - Asientos;00002 - Sofás;00013 - Sofás cama; -;Asientos;;04596000000002;"SOFA CAMA CLIC CLAC PATAS MADERA NAIM 1725 ,#ACABADO EN TELA KKM336-2 VISON";1725;0;0;-1;0;-1;No;"71,91";"67,5";149;;139;149;"0,451845637583893";"0,412410071942446";03/02/2026;11/02/2026;S;N;S;N;IMPORTACION;;;0;0;0
ALMACEN REPARACIONES;JANCOR NEGOCIOS S.L.;NAIM;00001 - Muebles;00057 - Asientos;00002 - Sofás;00013 - Sofás cama; -;Asientos;;04596000000003;"SOFA CAMA CLIC CLAC PATAS MADERA NAIM 1725 ,#ACABADO EN TELA KKM336-6 MOSTAZA";1725;0;2;1;0;3;No;"71,91";"67,5";149;;139;149;"0,451845637583893";"0,412410071942446";03/02/2026;12/02/2026;S;N;S;N;IMPORTACION;;;"143,82";135;298
ALMACEN REPARACIONES;JANCOR NEGOCIOS S.L.;NAIM;00001 - Muebles;00057 - Asientos;00002 - Sofás;00013 - Sofás cama; -;Asientos;;04596000000064;SOFA CAMA CLIC CLAC PATAS MADERA NAIM 1725 #ACABADO EN TELA KKM336-8 VERDE;1725;0;0;-1;0;-1;No;"71,91";"67,5";149;;139;149;"0,451845637583893";"0,412410071942446";03/02/2026;09/02/2026;S;N;S;S;IMPORTACION;;;0;0;0
ALMACEN REPARACIONES;JANCOR NEGOCIOS S.L.;NEPTUNO;00001 - Muebles;00057 - Asientos;00002 - Sofás;00015 - Sillas despacho; -;Asientos;;04596000000045;SILLA DE OFICINA NEPTUNO NEGRO;;0;2;2;0;4;No;"49,5";"51,09";"109,9";;"98,9";"109,9";"0,437498635122839";"0,374935288169869";03/10/2025;30/01/2026;S;N;N;N;LIQUIDACION;;;99;"102,18";"219,8"
ALMACEN REPARACIONES;JANCOR NEGOCIOS S.L.;NINGUNA;00001 - Muebles;00052 - Salón;00001 - Convencional;00002 - Mesas de comedor; -;Salón;;04778001010108;BOLTON MESA TAPA ACABADO BLANCA BORDE BLANCO PATA BLANCA  MBLMES0000019;MBLMES0000019;0;1;1;0;2;No;"53,5";"53,5";"108,07";;;;"0,400990099009901";"0,400990099009901";04/02/2026;04/02/2026;S;N;S;S;VENDER;8435676724776;;"53,5";"53,5";"108,07"
ALMACEN REPARACIONES;JANCOR NEGOCIOS S.L.;NINGUNA;00001 - Muebles;00057 - Asientos;00002 - Sofás;00001 - Sillas; -;Asientos;;04596000000122;ACCESORIO C INVENTARIABLE;4596INV;0;5;5;0;10;No;0;0;0;;;;;;02/12/2025;24/10/2025;S;N;S;N;IMPORTACION;;;0;0;0
ALMACEN REPARACIONES;JANCOR NEGOCIOS S.L.;OTTO 2;00001 - Muebles;00057 - Asientos;00002 - Sofás;00001 - Sillas; -;Asientos;;04596000000008;"SILLA PATA HAYA OTTO 2 MBLSILXS2851WHI,#ACABADO EN BLANCO";MBLSILXS2851WHI;0;7;3;0;10;No;"11,25";"11,26";"23,9";;"20,9";"23,9";"0,429933054393305";"0,348105263157895";15/12/2025;12/02/2026;S;N;S;N;IMPORTACION;;;"78,75";"78,82";"167,3"
ALMACEN REPARACIONES;JANCOR NEGOCIOS S.L.;PLAY 2;00001 - Muebles;00057 - Asientos;00002 - Sofás;00008 - Chaise longues; -;Asientos;;04596000000016;"CHAISELONGUE CAMA 230 PLAY 2,#ACABADO EN WIND 89 GRIS OSCURO";;0;1;-2;0;-1;No;"187,5";"187,52";399;;359;399;"0,431330325814536";"0,367968802228412";02/01/2026;04/02/2026;S;N;S;N;IMPORTACION;;;"187,5";"187,52";399
ALMACEN REPARACIONES;JANCOR NEGOCIOS S.L.;PLAY 2;00001 - Muebles;00057 - Asientos;00002 - Sofás;00008 - Chaise longues; -;Asientos;;04596000000017;"CHAISELONGUE CAMA 230 PLAY 2,#ACABADO EN WIND 80 BEIG";;0;1;1;0;2;No;"187,5";"187,53";399;;359;399;"0,4313";"0,367935097493036";02/01/2026;04/02/2026;S;N;S;N;IMPORTACION;;;"187,5";"187,53";399
ALMACEN REPARACIONES;JANCOR NEGOCIOS S.L.;PLUTON;00001 - Muebles;00057 - Asientos;00002 - Sofás;00015 - Sillas despacho; -;Asientos;;04596000000041;SILLON DE OFICINA PLUTON NEGRO EN PU 9211H;9211H;0;1;1;0;2;No;"48,28";"46,83";"102,9";;"82,9";"102,9";"0,449326530612245";"0,316474065138721";13/02/2025;16/01/2026;S;N;S;N;IMPORTACION;;;"48,28";"46,83";"102,9"
ALMACEN REPARACIONES;JANCOR NEGOCIOS S.L.;TAILANDIA;00001 - Muebles;00058 - Terraza y Jardín;00001 - Terraza y Jardin;00002 - Conjuntos; -;Terraza y Jardín;;04596000000082;SET JARDIN 4 PIEZAS TAILANDIA AES01 SOFAS 2PL + 2 SILLONES + MESA CENTRO BAJA);AES01;0;0;-1;0;-1;No;"184,5";"180,09";379;;249;379;"0,425042480211082";"0,124863855421687";12/05/2025;05/02/2026;S;N;S;N;IMPORTACION;;3;0;0;0
ALMACEN REPARACIONES;JANCOR NEGOCIOS S.L.;VALENTINO;00001 - Muebles;00057 - Asientos;00002 - Sofás;00002 - Butacas; -;Asientos;;04596000000050;SILLON RELAX VALENTINO ELECTRICO TELA RM22613M-03 BEIGE;;0;3;5;0;8;No;"149,9";"149,9";319;"114,9";289;319;"0,431413793103448";"0,372391003460208";09/02/2026;12/02/2026;S;N;N;N;LIQUIDACION;;;"449,7";"449,7";957
ALMACEN REPARACIONES;JANCOR NEGOCIOS S.L.;VALENTINO;00001 - Muebles;00057 - Asientos;00002 - Sofás;00002 - Butacas; -;Asientos;;04596000000051;SILLON RELAX VALENTINO ELECTRICO TELA RM22613-20 GRIS;;0;1;0;0;1;No;"149,9";"149,9";319;"114,9";289;319;"0,431413793103448";"0,372391003460208";18/03/2025;02/02/2026;S;N;N;N;LIQUIDACION;;;"149,9";"149,9";319
ALMACEN REPARACIONES;JANCOR NEGOCIOS S.L.;VICTOR;00001 - Muebles;00057 - Asientos;00002 - Sofás;00013 - Sofás cama; -;Asientos;;04596000000022;"SOFA CAMA 216X76X83 VICTOR,#ACABADO EN KKM 331 COLOR 14 ROSA";;0;1;1;0;2;No;"118,26";"118,35";239;;159;259;"0,400822175732218";"0,099349056603774";15/10/2024;26/12/2025;S;N;N;N;LIQUIDACION;;3;"118,26";"118,35";239
ALMACEN REPARACIONES;JANCOR NEGOCIOS S.L.;VICTOR;00001 - Muebles;00057 - Asientos;00002 - Sofás;00013 - Sofás cama; -;Asientos;;04596000000023;"SOFA CAMA 216X76X83 VICTOR,#ACABADO EN KKM 331 COLOR 5 BEIG";;0;0;-2;0;-2;No;"118,26";"118,29";239;;;;"0,401125941422594";"0,401125941422594";15/10/2024;09/07/2025;S;N;N;N;LIQUIDACION;;6;0;0;0
ALMACEN REPARACIONES;JUAN LLORENTE ROMERO;ACUARIO;00001 - Muebles;00057 - Asientos;00002 - Sofás;00008 - Chaise longues; -;Asientos;6286841-47903;01319001010018;"CHAISELONGUE 295CM.IZQUIERDA ACUARIO TELA FLORA,#ACABADO EN TELA FLORA C/15 OCEANO CON HILO CONTRASTADO BLANCO";TELA FLORA;0;0;-2;0;-2;No;"365,65";"352,84";"737,52";;;;"0,421118884911596";"0,421118884911596";07/05/2025;29/07/2025;S;N;N;N;LIQUIDACION;8435676702187;;0;0;0
ALMACEN REPARACIONES;JUAN LLORENTE ROMERO;AMELIE;00001 - Muebles;00057 - Asientos;00002 - Sofás;00008 - Chaise longues; -;Asientos;;01319001010045;CHAISELONGUE DERECHA AMELIE TELA GUFO 15 SKY BLUE;TELA GUFO 15 SKY BLUE;0;0;-2;0;-2;No;"465,4";"453,68";"938,71";;;;"0,415205121922639";"0,415205121922639";07/05/2025;16/05/2025;S;N;N;N;LIQUIDACION;;;0;0;0
ALMACEN REPARACIONES;JUAN LLORENTE ROMERO;AVRIL;00001 - Muebles;00057 - Asientos;00002 - Sofás;00008 - Chaise longues; -;Asientos;;01319001010047;CHAISELONGUE IZQUIERDA AVRIL TELA VOLPE COLOR 01 MARFIL;;0;1;0;0;1;No;"397,4";"381,9";"801,55";;;;"0,423493231863265";"0,423493231863265";11/02/2025;19/05/2025;S;N;N;N;LIQUIDACION;;;"397,4";"381,9";"801,55"
ALMACEN REPARACIONES;JUAN LLORENTE ROMERO;AVRIL;00001 - Muebles;00057 - Asientos;00002 - Sofás;00008 - Chaise longues; -;Asientos;;01319001010048;CHAISELONGUE DERECHA AVRIL TELA VOLPE COLOR 01 MARFIL;;0;0;-1;0;-1;No;"397,4";"381,96";"801,55";;;;"0,423402657351382";"0,423402657351382";11/02/2025;15/12/2025;S;N;N;N;LIQUIDACION;;;0;0;0
ALMACEN REPARACIONES;JUAN LLORENTE ROMERO;AVRIL;00001 - Muebles;00057 - Asientos;00002 - Sofás;00008 - Chaise longues; -;Asientos;;01319001010049;CHAISELONGUE IZQUIERDA AVRIL TELA VOLPE COLOR 20 CENIZA;;0;0;-1;0;-1;No;413;"382,1";"833,02";;;;"0,444982113274591";"0,444982113274591";19/09/2024;04/04/2025;S;N;S;N;OFERTA;;;0;0;0
ALMACEN REPARACIONES;JUAN LLORENTE ROMERO;AVRIL;00001 - Muebles;00057 - Asientos;00002 - Sofás;00008 - Chaise longues; -;Asientos;;01319001010050;CHAISELONGUE DERECHA AVRIL TELA VOLPE COLOR 20 CENIZA;;0;0;-1;0;-1;No;"397,4";"382,1";"801,55";;;;"0,423191316823654";"0,423191316823654";27/12/2024;04/04/2025;S;N;N;N;LIQUIDACION;;;0;0;0
ALMACEN REPARACIONES;JUAN LLORENTE ROMERO;AVRIL;00001 - Muebles;00057 - Asientos;00002 - Sofás;00008 - Chaise longues; -;Asientos;;01319001010056;CHAISELONGUE DERECHA AVRIL TELA VOLPE COLOR 21 GRIS;;0;0;-1;0;-1;No;"397,4";"382,1";"801,55";;;;"0,423191316823654";"0,423191316823654";11/02/2025;21/06/2025;S;N;N;N;LIQUIDACION;;;0;0;0
ALMACEN REPARACIONES;JUAN LLORENTE ROMERO;AVRIL;00001 - Muebles;00057 - Asientos;00002 - Sofás;00008 - Chaise longues; -;Asientos;;01319001010060;CHAISELONGUE IZQUIERDA AVRIL TELA LYRA COLOR 1;;0;2;1;0;3;No;413;"395,76";"833,02";;629;833;"0,42514033276512";"0,238681081081081";03/02/2026;09/02/2026;S;N;S;N;OFERTA STOCK;;;826;"791,52";"1666,04"
ALMACEN REPARACIONES;JUAN LLORENTE ROMERO;AVRIL;00001 - Muebles;00057 - Asientos;00002 - Sofás;00008 - Chaise longues; -;Asientos;;01319001010061;CHAISELONGUE DERECHA AVRIL TELA LYRA COLOR 1;;0;0;-1;0;-1;No;413;"394,25";"833,02";;629;833;"0,427333677462726";"0,241585850556439";03/02/2026;11/02/2026;S;N;S;N;OFERTA STOCK;;;0;0;0
ALMACEN REPARACIONES;JUAN LLORENTE ROMERO;AVRIL;00001 - Muebles;00057 - Asientos;00002 - Sofás;00008 - Chaise longues; -;Asientos;;01319001010062;CHAISELONGUE DERECHA AVRIL TELA LYRA COLOR 8 GRIS;;0;2;2;0;4;No;413;"395,19";"830,36";;629;833;"0,424129413748254";"0,239777583465819";27/01/2026;11/02/2026;S;N;S;N;OFERTA STOCK;;;826;"790,38";"1660,72"
ALMACEN REPARACIONES;JUAN LLORENTE ROMERO;AVRIL;00001 - Muebles;00057 - Asientos;00002 - Sofás;00008 - Chaise longues; -;Asientos;;01319001010063;CHAISELONGUE IZQUIERDA AVRIL TELA LYRA COLOR 8 GRIS;;0;2;-1;0;1;No;413;"394,83";"833,02";;629;833;"0,42649120069146";"0,240470111287758";03/02/2026;11/02/2026;S;N;S;N;OFERTA STOCK;;;826;"789,66";"1666,04"
ALMACEN REPARACIONES;JUAN LLORENTE ROMERO;MANUELA;00001 - Muebles;00057 - Asientos;00002 - Sofás;00008 - Chaise longues; -;Asientos;;01319001010066;CHAISELONGUE 295CM. DERECHA MANUELA TELA GALA MAR;;0;3;0;0;3;No;484;"463,3";"976,53";;849;939;"0,425933663072307";"0,339702002355713";27/01/2026;04/02/2026;S;N;S;N;OFERTA STOCK;;;1452;"1389,9";"2929,59"
ALMACEN REPARACIONES;JUAN LLORENTE ROMERO;MANUELA;00001 - Muebles;00057 - Asientos;00002 - Sofás;00008 - Chaise longues; -;Asientos;;01319001010067;CHAISELONGUE 295CM. IZQUIERDA MANUELA TELA GALA MAR;;0;3;0;0;3;No;484;"460,86";"976,53";;849;939;"0,428957021289669";"0,343179505300353";27/01/2026;29/01/2026;S;N;S;N;OFERTA STOCK;;;1452;"1382,58";"2929,59"
ALMACEN REPARACIONES;JUAN LLORENTE ROMERO;MASERATTI;00001 - Muebles;00057 - Asientos;00002 - Sofás;00008 - Chaise longues; -;Asientos;6384410;01319001010012;CHAISELONGUE IZQUIERDA MASERATTI TELA FLORA COLOR GRIS;TELA FLORA COLOR GRIS;0;1;1;0;2;No;"375,1";362;759;;;;"0,422898550724638";"0,422898550724638";19/04/2024;20/01/2025;S;N;N;S;LIQUIDACION;8435676705362;;"375,1";362;759
ALMACEN REPARACIONES;JUAN LLORENTE ROMERO;NINGUNA;0 - SIN FAMILIA; -; -; -; -;Asientos;;01319001010028;ACCESORIO C INVENTARIABLE NINGUNA;1319INV;0;54;52;0;106;No;0;"18,21";0;;;;;;06/02/2026;06/02/2026;S;N;S;S;VENDER;;;0;"983,34";0
ALMACEN REPARACIONES;JUAN LLORENTE ROMERO;SOL;00001 - Muebles;00057 - Asientos;00002 - Sofás;00008 - Chaise longues; -;Asientos;6342864;01319001010009;CHAISELONGUE 295CM. DERECHA SOL TELA ORSO COLOR CEMENTO;TELA ORSO COLOR CEMENTO;0;1;1;0;2;No;"440,49";"425,17";889;;;;"0,421309673790776";"0,421309673790776";05/04/2024;19/08/2024;S;N;N;N;LIQUIDACION;;;"440,49";"425,17";889
ALMACEN REPARACIONES;JUAN LLORENTE ROMERO;SOL;00001 - Muebles;00057 - Asientos;00002 - Sofás;00008 - Chaise longues; -;Asientos;;01319001010042;CHAISELONGUE 295CM. DERECHA SOL TELA VOLPE COLOR 16 PLATA;TELA VOLPE COLOR 16 PLATA;0;0;-3;0;-3;No;484;"447,48";"976,22";;599;"938,71";"0,445359857409191";"0,096075459098498";11/02/2025;01/12/2025;S;N;S;N;OFERTA;;7;0;0;0
ALMACEN REPARACIONES;JUAN LLORENTE ROMERO;SOL;00001 - Muebles;00057 - Asientos;00002 - Sofás;00008 - Chaise longues; -;Asientos;;01319001010043;CHAISELONGUE 295CM. IZQUIERDA SOL TELA VOLPE COLOR 16 PLATA;TELA VOLPE COLOR 16 PLATA;0;1;0;0;1;No;484;"443,32";"976,22";;599;"938,71";"0,450516072196841";"0,104478797996661";11/02/2025;16/10/2025;S;N;S;N;OFERTA;;7;484;"443,32";"976,22"
ALMACEN REPARACIONES;JUAN LLORENTE ROMERO;VELLA;00001 - Muebles;00057 - Asientos;00002 - Sofás;00008 - Chaise longues; -;Asientos;;01319001010068;CHAISELONGUE 300CM. IZQUIERDA VELLA TELA MORET NEUTRO 8;;0;0;-1;0;-1;No;495;495;995;;779;995;"0,398040201005025";"0,231129653401797";03/02/2026;09/02/2026;S;N;S;N;OFERTA STOCK;;;0;0;0
ALMACEN REPARACIONES;JUAN LLORENTE ROMERO;VELLA;00001 - Muebles;00057 - Asientos;00002 - Sofás;00008 - Chaise longues; -;Asientos;;01319001010069;CHAISELONGUE 300CM. DERECHA VELLA TELA MORET NEUTRO 8;;0;0;-1;0;-1;No;495;495;995;;779;995;"0,398040201005025";"0,231129653401797";03/02/2026;06/02/2026;S;N;S;N;OFERTA STOCK;;;0;0;0
ALMACEN REPARACIONES;"JULIA GROUP FURNITURE SOLUTIONS, S.L.";KAVE HOME;00001 - Muebles;00052 - Salón;00002 - Salón comedor;00001 - Muebles tv; -;Salón;;03893013010598;MUEBLE TV ALGUEMA 3 CAJONES EN CHAPA DE ROBLE CON ACABADO NATURAL 200 X 51 CM M1000009MM40;M1000009MM40;0;0;-1;0;-1;No;"419,01";"410,63";849;;;;"0,414767608951708";"0,414767608951708";15/05/2025;16/10/2025;S;N;S;S;VENDER;8433840804576;"5,65";0;0;0
ALMACEN REPARACIONES;"JULIA GROUP FURNITURE SOLUTIONS, S.L.";KAVE HOME;00001 - Muebles;00052 - Salón;00002 - Salón comedor;00001 - Muebles tv; -;Salón;;03893013010629;MUEBLE TV VEDRANA 3 CAJONES DE CHAPA DE ROBLE Y PATAS DE ACERO NEGRO 195 X 35 CM M1000011MM40;M1000011MM40;0;0;-1;0;-1;No;"423,55";"415,08";859;;;;"0,415312223515716";"0,415312223515716";27/10/2025;10/11/2025;S;N;S;S;VENDER;8433840805603;"5,73";0;0;0
ALMACEN REPARACIONES;"JULIA GROUP FURNITURE SOLUTIONS, S.L.";KAVE HOME;00001 - Muebles;00052 - Salón;00002 - Salón comedor;00104 - Aparadores; -;Salón;;03893013010668;APARADOR ALTO SALAYA DE MADERA CONTRACHAPADA DE FRESNO FSC MIX CREDIT 100 X 134 CM M1200005MM50;M1200005MM50;0;0;-1;0;-1;No;"492,72";"476,16";999;;;;"0,42326966966967";"0,42326966966967";11/02/2026;09/01/2026;S;N;S;S;VENDER;8433840836225;"6,66";0;0;0
ALMACEN REPARACIONES;"JULIA GROUP FURNITURE SOLUTIONS, S.L.";KAVE HOME;00001 - Muebles;00052 - Salón;00002 - Salón comedor;00104 - Aparadores; -;Salón;;03893013014429;APARADOR ALTO NORLEN 4 PUERTAS Y 2 CAJONES DE CHAPA D;M00044MW09;0;0;-1;0;-1;No;"666,22";"643,83";"1354,99";;;;"0,425062694189625";"0,425062694189625";03/12/2025;15/01/2026;S;N;S;S;VENDER;8447305041666;"8,99";0;0;0
ALMACEN REPARACIONES;"JULIA GROUP FURNITURE SOLUTIONS, S.L.";KAVE HOME;00001 - Muebles;00053 - Decoración;00002 - Decoracion;00001 - Decoracion; -;Decoración;;03893013010094;JARRON PRIA DE PAPEL MACHE BLANCO 72 CM D1300321CP05;D1300321CP05;0;0;-1;0;-1;No;"58,97";"57,79";119;;;;"0,412387394957983";"0,412387394957983";03/12/2025;16/10/2025;S;N;S;S;VENDER;8433840946337;"0,79";0;0;0
ALMACEN REPARACIONES;"JULIA GROUP FURNITURE SOLUTIONS, S.L.";KAVE HOME;00001 - Muebles;00053 - Decoración;00002 - Decoracion;00001 - Decoracion; -;Decoración;;03893013010162;SET ARIF DE ESCULTURAS DE PIEDRA CON ACABADO BEIGE Y NEGRO 12 CM / 15 CM D00198PR87;D00198PR87;0;0;-1;0;-1;No;"29,48";"27,85";"59,99";;;;"0,438264710785131";"0,438264710785131";19/11/2024;05/12/2025;S;N;S;S;VENDER;8433840985565;"0,4";0;0;0
ALMACEN REPARACIONES;"JULIA GROUP FURNITURE SOLUTIONS, S.L.";KAVE HOME;00001 - Muebles;00053 - Decoración;00002 - Decoracion;00001 - Decoracion; -;Decoración;;03893013010913;SET DE 4 PANELES MURALES SILUNA DE PAPEL MACHE BLANCO D0700156CP05;D0700156CP05;0;0;-1;0;-1;No;"49,33";"48,34";"99,99";;;;"0,415027502750275";"0,415027502750275";04/02/2026;17/12/2025;S;N;S;S;VENDER;8433840905419;"0,67";0;0;0
ALMACEN REPARACIONES;"JULIA GROUP FURNITURE SOLUTIONS, S.L.";KAVE HOME;00001 - Muebles;00056 - Auxiliares;00001 - Mueble Auxiliar;00006 - Mesas; -;Mueble Auxiliar;;03893013011941;MESA EXTENSIBLE ARLEN CHAPA Y MADERA MACIZA DE ROBLE ACABADO NOGAL 200 (250) X 95 CM FSC M T0200005MM10;T0200005MM10;0;0;-2;0;-2;No;"640,71";"627,9";1299;;;;"0,415120092378753";"0,415120092378753";03/12/2025;15/01/2026;S;N;S;S;VENDER;8433840900322;"8,66";0;0;0
ALMACEN REPARACIONES;"JULIA GROUP FURNITURE SOLUTIONS, S.L.";KAVE HOME;00001 - Muebles;00056 - Auxiliares;00001 - Mueble Auxiliar;00006 - Mesas; -;Mueble Auxiliar;;03893013012078;MESA EXTENSIBLE LENON CHAPA Y  MADERA MACIZA DE ROBLE FSC MIX CREDIT NATURAL 160(200)X90 C T0200006MM40;T0200006MM40;0;1;1;0;2;No;"591,38";"579,55";1199;;;;"0,415133027522936";"0,415133027522936";21/01/2026;10/06/2025;S;N;S;S;VENDER;8433840905235;"7,99";"591,38";"579,55";1199
ALMACEN REPARACIONES;"JULIA GROUP FURNITURE SOLUTIONS, S.L.";KAVE HOME;00001 - Muebles;00056 - Auxiliares;00001 - Mueble Auxiliar;00006 - Mesas; -;Mueble Auxiliar;;03893013012205;MESA EXTENSIBLE YODALIA PORCELANICO Y PATAS DE ACERO ACABADO MARRON 130(190)X100 CM 1416T03002KK15;1416T03002KK15;0;1;1;0;2;No;"640,71";"627,9";1299;;;;"0,415120092378753";"0,415120092378753";01/09/2025;03/12/2025;S;N;S;S;VENDER;8433840768175;"8,66";"640,71";"627,9";1299
ALMACEN REPARACIONES;"JULIA GROUP FURNITURE SOLUTIONS, S.L.";KAVE HOME;00001 - Muebles;00056 - Auxiliares;00001 - Mueble Auxiliar;00006 - Mesas;00001 - Mesas de centro;Mueble Auxiliar;;03893013010327;ACCESORIO MOBILIARIO C INVENTARIABLE;3893INV;0;10;10;0;20;No;0;0;0;;;;;;28/01/2026;;S;N;S;S;VENDER;;;0;0;0
ALMACEN REPARACIONES;"JULIA GROUP FURNITURE SOLUTIONS, S.L.";KAVE HOME;00001 - Muebles;00056 - Auxiliares;00001 - Mueble Auxiliar;00006 - Mesas;00001 - Mesas de centro;Mueble Auxiliar;;03893013012228;MESA DE CENTRO ELEVABLE ALGUEMA EN CHAPA DE ROBLE CON ACABADO NATURAL 120 X 60 CM T0600042MM40;T0600042MM40;0;0;-2;0;-2;No;"320,35";"313,94";649;;;;"0,41468813559322";"0,41468813559322";24/12/2025;29/10/2025;S;N;S;S;VENDER;8433840904894;"4,32";0;0;0
ALMACEN REPARACIONES;"JULIA GROUP FURNITURE SOLUTIONS, S.L.";KAVE HOME;00001 - Muebles;00056 - Auxiliares;00001 - Mueble Auxiliar;00006 - Mesas;00001 - Mesas de centro;Mueble Auxiliar;;03893013014329;MESA DE CENTRO DRASI DE CEMENTO CON ACABADO EFECTO TRAVERTINO 140X70 CM O00030CE39;O00030CE39;0;0;-1;0;-1;No;"408,81";"400,63";829;;;;"0,41524451145959";"0,41524451145959";08/07/2025;16/10/2025;S;N;S;S;VENDER;8433840982045;"5,53";0;0;0
ALMACEN REPARACIONES;"JULIA GROUP FURNITURE SOLUTIONS, S.L.";KAVE HOME;00001 - Muebles;00056 - Auxiliares;00001 - Mueble Auxiliar;00006 - Mesas;00002 - Mesas auxiliares;Mueble Auxiliar;;03893013010128;"MESA AUXILIAR RACHELL DE METAL CON ACABADO PINTADO NEGRO BRILLANTE Ø 30,5 CM T0500029RR01";T0500029RR01;0;0;-1;0;-1;No;"63,5";"60,65";129;;;;"0,431112403100775";"0,431112403100775";12/02/2026;24/12/2025;S;N;S;S;VENDER;8433840793696;"0,86";0;0;0
ALMACEN REPARACIONES;"JULIA GROUP FURNITURE SOLUTIONS, S.L.";KAVE HOME;00001 - Muebles;00056 - Auxiliares;00001 - Mueble Auxiliar;00006 - Mesas;00002 - Mesas auxiliares;Mueble Auxiliar;;03893013012372;MESA AUXILIAR JEANETTE DE MADERA MACIZA DE TECA Ø 50 CM CC0623M47;CC0623M47;0;0;-1;0;-1;No;"147,42";"144,47";299;;;;"0,415355518394649";"0,415355518394649";28/01/2026;29/01/2026;S;N;S;S;VENDER;8433840458359;"1,99";0;0;0
ALMACEN REPARACIONES;"JULIA GROUP FURNITURE SOLUTIONS, S.L.";KAVE HOME;00001 - Muebles;00056 - Auxiliares;00001 - Mueble Auxiliar;00006 - Mesas;00002 - Mesas auxiliares;Mueble Auxiliar;;03893013012420;MESA AUXILIAR XORIGUER DE MADERA MACIZA DE EUCALIPTO Ø60 CM FSC 100% J0400025MM46;J0400025MM46;0;1;0;0;1;No;"108,3";"104,16";219;;;;"0,424504109589041";"0,424504109589041";10/07/2025;;S;N;S;S;VENDER;8433840882192;"1,45";"108,3";"104,16";219
ALMACEN REPARACIONES;"JULIA GROUP FURNITURE SOLUTIONS, S.L.";KAVE HOME;00001 - Muebles;00056 - Auxiliares;00001 - Mueble Auxiliar;00007 - Percheros; -;Mueble Auxiliar;;03893013012447;PERCHERO STEARN ACERO NEGRO 183 CM AA3053R01;AA3053R01;0;0;-1;0;-1;No;"19,84";"19,44";"39,99";;;;"0,411792948237059";"0,411792948237059";19/08/2025;23/08/2025;S;N;S;S;VENDER;8433840531762;"0,26";0;0;0
ALMACEN REPARACIONES;"JULIA GROUP FURNITURE SOLUTIONS, S.L.";KAVE HOME;00001 - Muebles;00056 - Auxiliares;00001 - Mueble Auxiliar;00010 - Espejos; -;Mueble Auxiliar;;03893013012458;ESPEJO IBRO DE MADERA 105 X 200 CM D0300027MM45;D0300027MM45;0;0;-1;0;-1;No;"196,75";"192,82";399;;;;"0,415257644110276";"0,415257644110276";17/09/2025;17/09/2025;S;N;S;S;VENDER;8433840927572;"2,66";0;0;0
ALMACEN REPARACIONES;"JULIA GROUP FURNITURE SOLUTIONS, S.L.";KAVE HOME;00001 - Muebles;00056 - Auxiliares;00001 - Mueble Auxiliar;00019 - Comodas; -;Mueble Auxiliar;;03893013012610;COMODA ONIX 3 CON CAJONES DE CHAPA DE NOGAL CON ACABADO OSCURO 100 X 78 CM FSC MIX CREDIT M0400027MM41;M0400027MM41;0;1;1;0;2;No;"428,65";"420,08";869;;;;"0,415078481012658";"0,415078481012658";14/01/2026;15/12/2025;S;N;S;S;VENDER;8433840969152;"5,79";"428,65";"420,08";869
ALMACEN REPARACIONES;"JULIA GROUP FURNITURE SOLUTIONS, S.L.";KAVE HOME;00001 - Muebles;00057 - Asientos;00002 - Sofás;00001 - Sillas; -;Asientos;;03893013010180;SILLA GRANITE DE CHENILLA VERDE Y MADERA MACIZA DE FRESNO CON ACABADO NOGAL FSC 100% C0100209CC19;C0100209CC19;0;1;1;0;2;No;"162,16";"158,44";329;;;;"0,417287537993921";"0,417287537993921";21/01/2026;24/12/2025;S;N;S;S;VENDER;8433840973326;"2,19";"162,16";"158,44";329
ALMACEN REPARACIONES;"JULIA GROUP FURNITURE SOLUTIONS, S.L.";KAVE HOME;00001 - Muebles;00057 - Asientos;00002 - Sofás;00001 - Sillas; -;Asientos;;03893013012911;SILLA YANET DE CUERDA NEGRO Y PATAS DE ACERO GALVANIZADO CC5117J01;CC5117J01;0;1;1;0;2;No;"53,86";"57,2";"108,94";;;;"0,364677804295943";"0,364677804295943";30/04/2025;08/05/2025;S;N;S;S;VENDER;8433840583457;"0,72";"53,86";"57,2";"108,94"
ALMACEN REPARACIONES;"JULIA GROUP FURNITURE SOLUTIONS, S.L.";KAVE HOME;00001 - Muebles;00057 - Asientos;00002 - Sofás;00004 - Sofás; -;Asientos;;03893013010189;SOFA GALA 4 PLAZAS CON CHAISE LONGUE IZQUIERDO BEIGE 300 CM S821_40_SE12;S821_40_SE12;0;1;1;0;2;No;"1247,97";"1189,94";"2531,06";;;;"0,431136598895324";"0,431136598895324";28/01/2026;27/10/2025;S;N;S;S;VENDER;8433840828183;"16,86";"1247,97";"1189,94";"2531,06"
ALMACEN REPARACIONES;"JULIA GROUP FURNITURE SOLUTIONS, S.L.";KAVE HOME;00001 - Muebles;00057 - Asientos;00002 - Sofás;00004 - Sofás; -;Asientos;;03893013010191;SOFA SINGA 3 PLAZAS CHAISE LONGUE IZQUIERDO CABECERO RECLINABLE ASIENTO EXTENSIBLE BEIGE 2 S800_41_SO12;S800_41_SO12;0;1;0;0;1;No;"986,01";"940,73";2000;;;;"0,43085835";"0,43085835";03/12/2025;10/12/2025;S;N;S;S;VENDER;8433840742595;"13,32";"986,01";"940,73";2000
ALMACEN REPARACIONES;"JULIA GROUP FURNITURE SOLUTIONS, S.L.";KAVE HOME;00001 - Muebles;00057 - Asientos;00002 - Sofás;00004 - Sofás; -;Asientos;;03893013013204;SOFA MODULAR MARTINA 3 PLAZAS DE CHENILLA CON CHAISE LONGUE IZQUIERDO CRUDO 287 CM S84341NR39;S84341NR39;0;0;-1;0;-1;No;"951,99";"932,95";1930;;;;"0,415093523316062";"0,415093523316062";17/09/2025;18/09/2025;S;N;S;S;VENDER;8433840974132;"12,86";0;0;0
ALMACEN REPARACIONES;"JULIA GROUP FURNITURE SOLUTIONS, S.L.";KAVE HOME;00001 - Muebles;00057 - Asientos;00002 - Sofás;00004 - Sofás; -;Asientos;;03893013014258;SOFA CAMA LAIRA 3 PLAZAS DE CHENILLA CON CHAISE LONGUE DERECHA CRUDO 246 CM FSC MIX CREDIT S00037LG39;S00037LG39;0;1;1;0;2;No;"887,35";"838,06";"1904,8";;;;"0,467633032339353";"0,467633032339353";25/02/2025;02/04/2025;S;N;S;S;VENDER;;"11,99";"887,35";"838,06";"1904,8"
ALMACEN REPARACIONES;"JULIA GROUP FURNITURE SOLUTIONS, S.L.";KAVE HOME;00001 - Muebles;00057 - Asientos;00002 - Sofás;00004 - Sofás; -;Asientos;;03893013014446;MODULO SOFA MARTINA 1 PLAZA TEJIDO PERSONALIZADO A NORDIC PIEDRA S843M90PERA;S843M90PERA;0;0;-1;0;-1;No;"290,3";"284,49";899;;;;"0,617093548387097";"0,617093548387097";05/11/2025;11/12/2025;S;N;S;S;VENDER;;"6,79";0;0;0
ALMACEN REPARACIONES;"JULIA GROUP FURNITURE SOLUTIONS, S.L.";KAVE HOME;00001 - Muebles;00057 - Asientos;00002 - Sofás;00005 - Taburetes; -;Asientos;;03893013013312;TABURETE KONNA BEIGE Y PATAS DE MADERA MACIZA DE FRESNO ACABADO OSCURO 65 CM C06004KY12;C06004KY12;0;0;-4;0;-4;No;"92,99";"91,13";"188,04";;;;"0,413596575196767";"0,413596575196767";27/10/2025;13/12/2025;S;N;S;S;VENDER;8433840962047;"1,26";0;0;0
ALMACEN REPARACIONES;"JULIA GROUP FURNITURE SOLUTIONS, S.L.";KAVE HOME;00001 - Muebles;00057 - Asientos;00002 - Sofás;00005 - Taburetes; -;Asientos;;03893013015611;TABURETE GRANITE DE CHENILLA TERRACOTA Y MADERA MACIZA DE FRESNO CON ACABADO TONO NATURAL  C00184FA59;C00184FA59;0;0;-2;0;-2;No;"201,85";"197,81";409;;;;"0,414791931540342";"0,414791931540342";27/10/2025;31/10/2025;S;N;S;S;VENDER;8447305050170;"2,72";0;0;0
ALMACEN REPARACIONES;"JULIA GROUP FURNITURE SOLUTIONS, S.L.";KAVE HOME;00001 - Muebles;00057 - Asientos;00002 - Sofás;00006 - Puffs y reposapiés; -;Asientos;;03893013013380;REPOSAPIES DE EXTERIOR AMEL DE MADERA MACIZA DE ACACIA FSC 100% J2200001MM43;J2200001MM43;0;1;1;0;2;No;"24,38";"22,57";"52,92";;;;"0,483943688586546";"0,483943688586546";08/07/2025;30/04/2025;S;N;S;S;VENDER;8433840780962;"0,34";"24,38";"22,57";"52,92"
ALMACEN REPARACIONES;"JULIA GROUP FURNITURE SOLUTIONS, S.L.";KAVE HOME;00001 - Muebles;00058 - Terraza y Jardín;00001 - Terraza y Jardin;00010 - Sillas; -;Terraza y Jardín;;03893013013696;SILLA APILABLE NINA DE MADERA MACIZA DE ACACIA Y CUERDA BEIGE FSC 100% CC0555S12;CC0555S12;0;1;1;0;2;No;"98,09";"115,58";"198,77";;;;"0,296413945766464";"0,296413945766464";27/10/2025;17/10/2025;S;N;S;S;VENDER;8433840451329;"1,33";"98,09";"115,58";"198,77"
ALMACEN REPARACIONES;"JULIA GROUP FURNITURE SOLUTIONS, S.L.";KAVE HOME;00001 - Muebles;00058 - Terraza y Jardín;00001 - Terraza y Jardin;00013 - Sofa; -;Terraza y Jardín;;03893013015525;SOFA AMBRA DE 3 PLAZAS DE MADERA MACIZA DE ACACIA CON ACABADO CLARO 249 CM FSC 100% S00045MA87;S00045MA87;0;1;1;0;2;No;"936,68";"917,95";1899;;;;"0,415102948920484";"0,415102948920484";13/11/2025;15/10/2025;S;N;S;S;VENDER;8433840979168;"12,65";"936,68";"917,95";1899
ALMACEN REPARACIONES;"JULIA GROUP FURNITURE SOLUTIONS, S.L.";KAVE HOME;00001 - Muebles;00059 - Descanso;00001 - Colchonería;00009 - Canapes; -;Descanso;;03893013013825;CANAPE ABATIBLE MATTERS BEIGE PARA COLCHON DE 150 X 190 CM D082VA12;D082VA12;0;0;-1;0;-1;No;"359,48";"352,29";729;;"656,1";729;"0,415266255144033";"0,350295839048925";27/10/2025;02/02/2026;S;N;S;S;VENDER;8433840487489;"4,86";0;0;0
ALMACEN REPARACIONES;"JULIA GROUP FURNITURE SOLUTIONS, S.L.";KAVE HOME;00001 - Muebles;00060 - Iluminacion;00009 - Hiper;00001 - Lampara; -;Iluminación;;03893013010110;LAMPARA DE TECHO MAUDE DE ACERO CON ACABADO NEGRO AA3882R01;AA3882R01;0;0;-3;0;-3;No;"27,22";"25,7";"54,99";;;;"0,434497181305692";"0,434497181305692";03/01/2025;;S;N;S;S;VENDER;8433840526621;"0,39";0;0;0
ALMACEN REPARACIONES;"JULIA GROUP FURNITURE SOLUTIONS, S.L.";KAVE HOME;00001 - Muebles;00060 - Iluminacion;00009 - Hiper;00001 - Lampara; -;Iluminación;;03893013010113;LAMPARA DE TECHO VITRI DE CRISTAL MARRON Ø 40 CM L0100081CC03;L0100081CC03;0;0;-1;0;-1;No;"108,3";"102,28";219;;;;"0,434891324200913";"0,434891324200913";07/11/2024;13/01/2026;S;N;S;S;VENDER;8433840921754;;0;0;0
ALMACEN REPARACIONES;"JULIA GROUP FURNITURE SOLUTIONS, S.L.";KAVE HOME;00001 - Muebles;00060 - Iluminacion;00009 - Hiper;00001 - Lampara; -;Iluminación;;03893013010114;LAMPARA DE TECHO VITRI DE CRISTAL VERDE Ø 40 CM L0100081CC06;L0100081CC06;0;0;-1;0;-1;No;"108,3";"102,28";219;;;;"0,434891324200913";"0,434891324200913";07/11/2024;13/01/2026;S;N;S;S;VENDER;8433840968803;;0;0;0
ALMACEN REPARACIONES;"JULIA GROUP FURNITURE SOLUTIONS, S.L.";KAVE HOME;00001 - Muebles;00060 - Iluminacion;00009 - Hiper;00001 - Lampara; -;Iluminación;;03893013010317;LAMPARA DE TECHO INDA DE METAL CON ACABADO NEGRO Ø 30 CM L0100082MM01;L0100082MM01;0;1;1;0;2;No;"44,23";"43,18";"89,99";;;;"0,419404378264252";"0,419404378264252";11/12/2025;13/01/2026;S;N;S;S;VENDER;8433840940182;"0,6";"44,23";"43,18";"89,99"
ALMACEN REPARACIONES;"JULIA GROUP FURNITURE SOLUTIONS, S.L.";KAVE HOME;00003 - Cocinas;00001 - Baño;00001 - Mobiliario;00004 - Modulos y Encimeras; -;Baño;;03893013015284;MUEBLE DE BAÑO SALAYA DE MADERA CONTRACHAPADA DE FRESNO CON ACABADO LACADO BEIGE 90 X 45CM M0800012MM05;M0800012MM05;0;0;-1;0;-1;No;"176,9";"173,36";359;;;;"0,415694707520891";"0,415694707520891";27/10/2025;31/10/2025;S;N;S;S;VENDER;8433840965611;"2,4";0;0;0
ALMACEN REPARACIONES;JUMASI CONFORT S L;BALI;00001 - Muebles;00057 - Asientos;00002 - Sofás;00004 - Sofás; -;Asientos;;01137001012449;"SOFA 3PZ.CON 3 ASIENTOS 250 CM BALI SERIE 6 BALI05+BALI04+BALI05,#ACABADO EN TELA OASIS 76";SERIE 6 BALI05+BALI04+BALI05;0;0;-1;0;-1;No;"949,44";"908,16";"1922,58";;;;"0,428438036388603";"0,428438036388603";05/12/2025;05/12/2025;S;N;S;S;VENDER;;;0;0;0
ALMACEN REPARACIONES;JUMASI CONFORT S L;BALI;00001 - Muebles;00057 - Asientos;00002 - Sofás;00008 - Chaise longues; -;Asientos;;01137001012450;"CHAISELONGUE 275 CM. IZQDA. BALI SERIE 2,#ACABADO EN TELA AURORA 1";SERIE 2;0;0;-1;0;-1;No;"802,47";"767,58";"1619,42";;;;"0,426478739301725";"0,426478739301725";19/12/2025;02/02/2026;S;N;S;S;VENDER;;;0;0;0
ALMACEN REPARACIONES;JUMASI CONFORT S L;DAURO;00001 - Muebles;00057 - Asientos;00002 - Sofás;00004 - Sofás; -;Asientos;6257011;04437001010304;"SOFA 3 PLAZAS DAURO T.OFERTA,#ACABADO EN TELA LYRA 15";T.OFERTA;0;0;-1;0;-1;No;"289,8";"277,2";"584,44";;;;"0,426096776401341";"0,426096776401341";02/02/2026;07/02/2026;S;N;S;S;VENDER;;"1,94";0;0;0
ALMACEN REPARACIONES;JUMASI CONFORT S L;DAURO;00001 - Muebles;00057 - Asientos;00002 - Sofás;00004 - Sofás; -;Asientos;6257012;04437001010294;"SOFA 2 PLAZAS DAURO T.OFERTA,#ACABADO EN TELA LYRA 8";T.OFERTA;0;0;-1;0;-1;No;"256,68";"245,52";"517,65";;;;"0,426100260793973";"0,426100260793973";12/08/2025;21/08/2025;S;N;S;S;VENDER;;"1,72";0;0;0
ALMACEN REPARACIONES;JUMASI CONFORT S L;DAURO;00001 - Muebles;00057 - Asientos;00002 - Sofás;00004 - Sofás; -;Asientos;6308203;01137001012438;"SOFA 3 PLAZAS 202 CM DAURO GRUPO 2,#ACABADO EN TELA GALIA TIERRA";GRUPO 2;0;0;-2;0;-2;No;"340,17";"325,38";"688,95";;;;"0,428536468539081";"0,428536468539081";03/12/2025;10/12/2025;S;N;S;S;VENDER;;;0;0;0
ALMACEN REPARACIONES;JUMASI CONFORT S L;DAURO;00001 - Muebles;00057 - Asientos;00002 - Sofás;00004 - Sofás; -;Asientos;;04437001010065;"CONJUNTO SOFA 3+2 PLAZAS DA02+DA03 DAURO SERIE 5,#ACABADO EN TELA MARINA 102";SERIE 5;0;0;-1;0;-1;No;"756,24";"694,43";"1525,11";;;;"0,449049380044718";"0,449049380044718";17/01/2024;18/01/2024;S;N;S;S;VENDER;;"5,06";0;0;0
ALMACEN REPARACIONES;JUMASI CONFORT S L;DAURO;00001 - Muebles;00057 - Asientos;00002 - Sofás;00004 - Sofás; -;Asientos;;04437001010111;"CONJUNTO SOFA 3+2 PLAZAS DA02+DA03 DAURO SERIE 5,#ACABADO EN TELA MARINA 114";SERIE 5;0;0;-1;0;-1;No;"756,24";"723,36";"1525,11";;;;"0,426096740562976";"0,426096740562976";29/01/2025;04/02/2025;S;N;S;S;VENDER;;"5,06";0;0;0
ALMACEN REPARACIONES;JUMASI CONFORT S L;FRAN;00001 - Muebles;00057 - Asientos;00002 - Sofás;00002 - Butacas; -;Asientos;6257016;04437001010166;"SILLON RELAX FRAN T.OFERTA,#ACABADO EN TELA LYRA 5";T.OFERTA;0;0;-1;0;-1;No;"173,88";"166,32";"350,66";;;;"0,426090229852279";"0,426090229852279";28/12/2024;18/01/2025;S;N;N;N;BAJA ROTACION;;"1,16";0;0;0
ALMACEN REPARACIONES;JUMASI CONFORT S L;FRAN;00001 - Muebles;00057 - Asientos;00002 - Sofás;00002 - Butacas; -;Asientos;6257016;04437001010203;"SILLON RELAX FRAN T.OFERTA,#ACABADO EN TELA TENZA 16";T.OFERTA;0;0;-1;0;-1;No;"173,88";"166,32";"350,66";;;;"0,426090229852279";"0,426090229852279";21/07/2025;22/07/2025;S;N;S;S;VENDER;;"1,16";0;0;0
ALMACEN REPARACIONES;JUMASI CONFORT S L;GENIL;00001 - Muebles;00057 - Asientos;00002 - Sofás;00004 - Sofás; -;Asientos;6257007;04437001010318;"CONJUNTO SOFA 3+2 PLAZAS GE02+GE04 GENIL T.OFERTA,#ACABADO EN TELA MORET NEUTRO 8";T.OFERTA;0;0;-1;0;-1;No;"699,41";669;"1410,5";;;;"0,426097128677774";"0,426097128677774";08/01/2026;12/01/2026;S;N;S;S;COLECCION;;"4,68";0;0;0
ALMACEN REPARACIONES;JUMASI CONFORT S L;GENIL;00001 - Muebles;00057 - Asientos;00002 - Sofás;00004 - Sofás; -;Asientos;6363506;01137001012554;"SOFA 3PL.214 GE04 GENIL TELA OFERTA,#ACABADO EN TELA LYRA 8";TELA OFERTA;0;0;-1;0;-1;No;"366,39";"350,46";"741,23";;;;"0,427901461084953";"0,427901461084953";02/02/2026;;S;N;S;S;VENDER;;;0;0;0
ALMACEN REPARACIONES;JUMASI CONFORT S L;GENIL;00001 - Muebles;00057 - Asientos;00002 - Sofás;00004 - Sofás; -;Asientos;;04437001010256;"CONJUNTO SOFA 2 PLAZAS + SOFA 2 PLAZAS GENIL T.OFERTA,#ACABADO EN TELA LOTO GO C/ 04 ARENA";T.OFERTA;0;0;-1;0;-1;No;"700,35";"638,88";"1412,4";;;;"0,452672897196262";"0,452672897196262";28/03/2025;01/04/2025;S;N;S;S;VENDER;;"2,24";0;0;0
ALMACEN REPARACIONES;JUMASI CONFORT S L;IRENE;00001 - Muebles;00057 - Asientos;00002 - Sofás;00004 - Sofás; -;Asientos;6294992;01137001011063;"CONJUNTO 3 PZ.+ 2PZ. IRENE TAP.TELA OFERTA,#ACABADO EN LOTO GO 02 CRUDO";TAP.TELA OFERTA;0;0;-2;0;-2;No;"476,1";"452,41";"960,77";;869;"960,77";"0,430231897332348";"0,370062025316456";02/02/2026;08/01/2026;S;N;S;S;COLECCION STOCK;;;0;0;0
ALMACEN REPARACIONES;JUMASI CONFORT S L;IRENE;00001 - Muebles;00057 - Asientos;00002 - Sofás;00004 - Sofás; -;Asientos;6295495;01137001012033;"SOFA 2 PZ. IRENE TAP.TELA BOXER COLOR 2-5-6-7,#ACABADO EN LOTO GO 02 CRUDO";TAP.TELA BOXER COLOR 2-5-6-7;0;0;-1;0;-1;No;"216,66";"207,24";"438,05";;;;"0,427553019061751";"0,427553019061751";28/03/2025;11/04/2025;S;N;S;S;VENDER;;;0;0;0
ALMACEN REPARACIONES;JUMASI CONFORT S L;MAXIMO;00001 - Muebles;00057 - Asientos;00002 - Sofás;00004 - Sofás; -;Asientos;6250928;01137001010099;SOFA 3 PLAZAS FIJO 212 CM  MAXIMO GRUPO 5 (ASIENTOS 75);GRUPO 5;0;0;-1;0;-1;No;"470,58";"450,12";"950,32";;;;"0,426882313326038";"0,426882313326038";11/11/2025;12/11/2025;S;N;S;S;VENDER;;;0;0;0
ALMACEN REPARACIONES;JUMASI CONFORT S L;MAXIMO;00001 - Muebles;00057 - Asientos;00002 - Sofás;00004 - Sofás; -;Asientos;6260532;01137001012464;"SOFA 2 PLAZAS (2 RELAX ELECTRICOS) MAXIMO GRUPO 5,#ACABADO EN TELA MARINA 102";GRUPO 5;0;0;-1;0;-1;No;"643,08";"615,12";"1305,77";;;;"0,429995175260574";"0,429995175260574";19/12/2025;22/12/2025;S;N;S;S;VENDER;;;0;0;0
ALMACEN REPARACIONES;JUMASI CONFORT S L;MAXIMO;00001 - Muebles;00057 - Asientos;00002 - Sofás;00008 - Chaise longues; -;Asientos;6247764;04437001010086;COMPOSICION CHAISELONGE DCHA(302)CM.COJIN 82 MAXIMO GRUPO 5;GRUPO 5;0;0;-1;0;-1;No;"958,41";"916,74";"1932,83";;;;"0,42609779442579";"0,42609779442579";10/02/2026;16/05/2025;S;N;S;S;COLECCION;8435676703320;"6,42";0;0;0
ALMACEN REPARACIONES;JUMASI CONFORT S L;MAXIMO;00001 - Muebles;00057 - Asientos;00002 - Sofás;00008 - Chaise longues; -;Asientos;6249402;01137001010094;COMPOSICION CHAISELONGE DCHA(302)CM.COJIN 82 MAXIMO GRUPO 6;GRUPO 6;0;0;-1;0;-1;No;"990,15";"947,1";"1995,78";;;;"0,425792923067673";"0,425792923067673";29/02/2024;01/03/2024;S;N;S;S;VENDER;;;0;0;0
ALMACEN REPARACIONES;JUMASI CONFORT S L;NERON;00001 - Muebles;00057 - Asientos;00002 - Sofás;00004 - Sofás; -;Asientos;6315538;01137001010391;SOFA 2 PLAZAS DESLIZANTE NERON SERIE 5;SERIE 5;0;0;-1;0;-1;No;"422,97";"369,39";"856,31";;;;"0,47803727622006";"0,47803727622006";20/05/2025;27/05/2025;S;N;S;S;VENDER;;;0;0;0
ALMACEN REPARACIONES;JUMASI CONFORT S L;NERON;00001 - Muebles;00057 - Asientos;00002 - Sofás;00004 - Sofás; -;Asientos;6356937;01137001011944;CONJUNTO SOFA 3 PZ (218) + 2 PZ. (188) NERON SERIE 3;SERIE 3;0;0;-1;0;-1;No;"834,9";"798,6";"1692,59";;;;"0,429096237127716";"0,429096237127716";10/03/2025;18/03/2025;S;N;S;S;VENDER;;;0;0;0
ALMACEN REPARACIONES;JUMASI CONFORT S L;NERON;00001 - Muebles;00057 - Asientos;00002 - Sofás;00004 - Sofás; -;Asientos;6361318;01137001012369;"SOFA 3 PLAZAS 208 CM NERON SERIE 3 NERON03,#ACABADO EN TELA BROOKLYN MOSTAZA";SERIE 3 NERON03;0;0;-1;0;-1;No;"416,76";"398,64";"845,79";;;;"0,429699570815451";"0,429699570815451";11/11/2025;12/11/2025;S;N;S;S;VENDER;;;0;0;0
ALMACEN REPARACIONES;JUMASI CONFORT S L;NERON;00001 - Muebles;00057 - Asientos;00002 - Sofás;00004 - Sofás; -;Asientos;6368878;01137001010726;SOFA 3 PLAZAS 218 CM NERON SERIE 6 NERON04;SERIE 6 NERON04;0;0;-1;0;-1;No;"500,94";"479,16";"1013,05";;;;"0,427685109323331";"0,427685109323331";08/01/2026;09/01/2026;S;N;S;S;VENDER;;;0;0;0
ALMACEN REPARACIONES;JUMASI CONFORT S L;NERON;00001 - Muebles;00057 - Asientos;00002 - Sofás;00004 - Sofás; -;Asientos;;01137001012341;"SOFA 3 PLAZAS 3 ASIENTOS 253 CM DESLIZANTES NERON SERIE 3 NERON05,#ACABADO EN LOIS 15 TURQUESA";SERIE 3 NERON05;0;0;-1;0;-1;No;"531,99";"508,86";"1075,77";;;;"0,427646615912323";"0,427646615912323";11/11/2025;14/11/2025;S;N;S;S;VENDER;;;0;0;0
ALMACEN REPARACIONES;JUMASI CONFORT S L;NERON;00001 - Muebles;00057 - Asientos;00002 - Sofás;00008 - Chaise longues; -;Asientos;6389082;01137001011848;CHAISELONGUE 298 CM IZDA PATA ALTA NERON GRUPO 3;GRUPO 3;0;0;-1;0;-1;No;"836,97";"800,58";"1692,59";;;;"0,427680773252826";"0,427680773252826";12/08/2025;20/08/2025;S;N;S;S;VENDER;;;0;0;0
ALMACEN REPARACIONES;JUMASI CONFORT S L;NINGUNA;00001 - Muebles;00057 - Asientos;00002 - Sofás;00004 - Sofás; -;Asientos;6365635;01137001010688;INCREMENTO PATA ALTA;;0;0;-1;0;-1;No;"55,2";"51,75";"113,95";;;;"0,450482667836771";"0,450482667836771";19/12/2025;02/02/2026;S;N;S;S;VENDER;;;0;0;0
ALMACEN REPARACIONES;JUMASI CONFORT S L;NINGUNA;00001 - Muebles;00057 - Asientos;00002 - Sofás;00004 - Sofás; -;Asientos;6400380;01137001010867;BATERIA PARA MECANISMO ELECTRICO;;0;1;1;0;2;No;69;"63,36";"145,32";;;;"0,472436003303055";"0,472436003303055";03/12/2025;09/12/2025;S;N;S;S;VENDER;;;69;"63,36";"145,32"
ALMACEN REPARACIONES;JUMASI CONFORT S L;NINGUNA;00001 - Muebles;00057 - Asientos;00002 - Sofás;00004 - Sofás; -;Asientos;;04437001010214;ACCESORIO C INVENTARIABLE;4437INV;0;1;1;0;2;No;0;"72,6";0;;;;;;02/02/2026;10/07/2025;S;N;S;S;VENDER;;"2,45";0;"72,6";0
ALMACEN REPARACIONES;JUMASI CONFORT S L;NINGUNA;00001 - Muebles;00057 - Asientos;00002 - Sofás;00099 - Acc Asientos; -;Asientos;;01137001011004;ACCESORIO MOBILIARIO C INVENTARIABLE;"""C""";0;6;6;0;12;No;0;"27,26";0;;;;;;10/02/2026;17/01/2026;S;N;S;S;VENDER;;;0;"163,56";0
ALMACEN REPARACIONES;JUMASI CONFORT S L;OLIMPIA;00001 - Muebles;00057 - Asientos;00002 - Sofás;00004 - Sofás; -;Asientos;6360898;01137001011073;"COMPOSICION 306 CM. COJIN 80 CHAIS.IZDA. OLIMPIA TELA PROMO BABEL,#ACABADO EN TELA  BABEL SAND";TELA PROMO BABEL;0;0;-1;0;-1;No;1035;990;"2089,86";;;;"0,426803709339382";"0,426803709339382";30/01/2025;31/01/2025;S;N;S;S;VENDER;;;0;0;0
ALMACEN REPARACIONES;JUMASI CONFORT S L;OLIMPIA;00001 - Muebles;00057 - Asientos;00002 - Sofás;00004 - Sofás; -;Asientos;;01137001011349;COMPOSICION 300 CM. COJIN 80 CHAIS.DCHA. OLIMPIA GRUPO 6;GRUPO 6-125;0;0;-1;0;-1;No;"1248,9";"1194,6";"2518,49";;;;"0,426058471544457";"0,426058471544457";19/12/2025;19/12/2025;S;N;S;S;VENDER;;;0;0;0
ALMACEN REPARACIONES;JUMASI CONFORT S L;VALENTIN;00001 - Muebles;00057 - Asientos;00002 - Sofás;00008 - Chaise longues; -;Asientos;6394554-54316;04437001010040;"CHAISELONGUE 274CM. IZDA. PATA ALTA NEGRA VALENTIN T.OFERTA,#ACABADO EN TELA TENZA 13";T.OFERTA;0;0;-1;0;-1;No;"673,44";"639,21";"1358,13";;;;"0,430508051512005";"0,430508051512005";02/02/2026;07/02/2026;S;N;S;S;VENDER;;"4,37";0;0;0
ALMACEN REPARACIONES;JUMASI CONFORT S L;VICTORIA;00001 - Muebles;00057 - Asientos;00002 - Sofás;00002 - Butacas; -;Asientos;6394516-54359;04437001010028;"SILLON RELAX ELECTRICO VICTORIA T.OFERTA,#ACABADO EN TELA TENZA 12";T.OFERTA;0;0;-1;0;-1;No;"358,8";"339,84";"723,59";;659;"723,59";"0,431713539435316";"0,376014567526555";02/02/2026;07/02/2026;S;N;S;S;COLECCION STOCK;;"2,4";0;0;0
ALMACEN REPARACIONES;JUMASI CONFORT S L;VICTORIA;00001 - Muebles;00057 - Asientos;00002 - Sofás;00002 - Butacas; -;Asientos;;01137001011701;"SILLON RELAX POWER LIFE 2 MOTORES VICTORIA SERIE OFERTA,#ACABADO EN TELA TENZA 12";SERIE OFERTA;0;0;-1;0;-1;No;"496,8";"475,2";"1002,59";;;;"0,426493382140257";"0,426493382140257";27/12/2024;30/12/2024;S;N;S;S;VENDER;;;0;0;0
ALMACEN REPARACIONES;JUMASI CONFORT S L;VICTORIA;00001 - Muebles;00057 - Asientos;00002 - Sofás;00002 - Butacas; -;Asientos;;01137001012461;"SILLON RELAX ELECTRICO VICTORIA GRUPO 2,#ACABADO EN TELA HOMERO ORO";GRUPO 2;0;0;-1;0;-1;No;"417,45";"399,3";"845,78";;;;"0,42874861074984";"0,42874861074984";19/12/2025;26/12/2025;S;N;S;S;VENDER;;;0;0;0
ALMACEN REPARACIONES;JUMASI CONFORT S L;XENA;00001 - Muebles;00057 - Asientos;00002 - Sofás;00008 - Chaise longues; -;Asientos;6395357;01137001011624;"CHAISELONGUE 312 CM COJIN 80 CM RELAX ELEC. DRCHA.SIN ARCON XENA SERIE 2,#ACABADO EN TELA GALIA MAR";SERIE 2;0;0;-1;0;-1;No;"905,28";"831,28";"1825,29";;;;"0,448937538692482";"0,448937538692482";05/12/2025;12/12/2025;S;N;S;S;COLECCION;;;0;0;0
ALMACEN REPARACIONES;JUMASI CONFORT S L;XENA;00001 - Muebles;00057 - Asientos;00002 - Sofás;00008 - Chaise longues; -;Asientos;6395365;01137001011049;"CHAISELONGUE 312 CM COJIN 80 CM RELAX ELEC. IZDA. CON ARCÓN XENA SERIE 2,#ACABADO EN TELA GALIA MOSTAZA";SERIE 2;0;0;-1;0;-1;No;"974,28";"931,92";"1964,41";;;;"0,425973600215841";"0,425973600215841";12/03/2025;22/03/2025;S;N;S;S;VENDER;;;0;0;0
ALMACEN REPARACIONES;JUMASI CONFORT S L;XENA;00001 - Muebles;00057 - Asientos;00002 - Sofás;00008 - Chaise longues; -;Asientos;6401173;01137001012206;"CHAISELONGUE 312 CM COJIN 80 CM RELAX ELEC. IZDA. XENA SERIE 6,#ACABADO EN TELA DAYTONA 156";SERIE 6;0;0;-1;0;-1;No;"1124,01";"1075,14";"2267,59";;;;"0,426298669512566";"0,426298669512566";02/07/2025;31/07/2025;S;N;S;S;VENDER;;;0;0;0
ALMACEN REPARACIONES;JUMASI CONFORT S L;XENA;00001 - Muebles;00057 - Asientos;00002 - Sofás;00008 - Chaise longues; -;Asientos;;01137001012004;"CHAISELONGUE 297 CM COJIN 75 CM RELAX ELEC. DCHA. XENA SERIE 5,#ACABADO EN TELA MARINA 115";SERIE 5;0;0;-1;0;-1;No;"1077,09";"1030,26";"2173,5";;;;"0,426448309178744";"0,426448309178744";28/03/2025;02/04/2025;S;N;S;S;VENDER;;;0;0;0
ALMACEN REPARACIONES;JUMASI CONFORT S L;XENA;00001 - Muebles;00057 - Asientos;00002 - Sofás;00008 - Chaise longues; -;Asientos;;01137001012437;"CHAISELONGUE 282 CM COJIN 70 CM RELAX ELEC. DERECHA. XENA SERIE 6,#ACABADO EN TELA MYSTIC 136";SERIE 6;0;0;-2;0;-2;No;"1124,01";"1032,13";"2267,59";;;;"0,449249070599182";"0,449249070599182";03/12/2025;10/12/2025;S;N;S;S;VENDER;;;0;0;0
ALMACEN REPARACIONES;KALENDA LINVING S.L.U.;BOLONIA;00001 - Muebles;00057 - Asientos;00002 - Sofás;00013 - Sofás cama; -;Asientos;6316191;01190001010006;SOFA CAMA 140CM.C/ESPUMA TOTAL 200CM.BR.18CM. BOLONIA TAP.SERIE ESPECIAL BRISA C/2;TAP.SERIE ESPECIAL BRISA C/2;0;1;1;0;2;No;343;"275,64";699;;;;"0,522854935622318";"0,522854935622318";;;S;S;N;N;LIQUIDACION;8435676701944;;343;"275,64";699
ALMACEN REPARACIONES;KALENDA LINVING S.L.U.;CRETONA;00001 - Muebles;00057 - Asientos;00002 - Sofás;00013 - Sofás cama; -;Asientos;6277070;01190001010001;SOFA CAMA LIBRO 190CM.C/ESPUMA CRETONA TAP.SERIE ESPECIAL LIBERTY;TAP.SERIE ESPECIAL LIBERTY;0;1;1;0;2;No;116;"96,27";239;;;;"0,512607949790795";"0,512607949790795";;;S;S;N;N;LIQUIDACION;2000062770703;;116;"96,27";239
ALMACEN REPARACIONES;KETER IBERICA S.L.U.;CURVER;00001 - Muebles;00054 - Menaje;00003 - Servicio de Hogar;00005 - Cubos; -;Menage;6165721;01093001010002;DECOBIN 40L CURVER 181125;181125;0;1;1;0;2;No;"20,66";"20,66";"30,3";;;;"0,174963696369637";"0,174963696369637";22/08/2025;04/02/2026;S;N;S;N;OFERTA;3253922150002;;"20,66";"20,66";"30,3"
ALMACEN REPARACIONES;KETER IBERICA S.L.U.;NINGUNA;00001 - Muebles;00054 - Menaje;00003 - Servicio de Hogar;00005 - Cubos; -;Menage;;01093001010047;"CUBO PEDAL BIN CIERRE PEDAL 25L GRIS 34,2X29,1X43  260665";260665;0;1;1;0;2;No;"8,99";"8,99";"16,48";;;;"0,339933252427184";"0,339933252427184";22/08/2025;02/01/2026;S;N;S;N;OFERTA;3253924857688;;"8,99";"8,99";"16,48"
ALMACEN REPARACIONES;"KIT PERSONALIZACION SPORT, S.L. T";XIAOMI;00002 - Electrodomesticos;00013 - Telefonía;00001 - Telefonía Móvil;00004 - Móviles; -;Telefonía;6369685;01431001010051;TELEFONO MOVIL XIAOMI XIAOMI 12X PURPLE 8+256�XMI-MZB0AB0EU���;XIAOMI12XPURPLE8+256¿XMIMZB0AB0EU¿¿¿;0;0;-4;0;-4;No;550;"487,17";"842,6976";"78,17";99;"842,7";"0,300489641835933";"-4,9543";28/10/2024;10/11/2025;S;S;N;N;LIQUIDACION;6934177763427;;0;0;0
ALMACEN REPARACIONES;KURBIN LANE S.L.;20;00002 - Electrodomesticos;00006 - Gran Electrodoméstico;00003 - Lavado;00001 - Lavadoras; -;Gran Electrodoméstico;6302399;04441001010006;LAVADORA 9 KG.1400 RPM. A+++ CORBERO CLT1490;CLT1490;0;1;1;0;2;No;220;220;"380,16";;"280,28";"380,16";"0,299768518518519";"0,050235478806907";;;S;N;N;N;LIQUIDACION;8436555982164;;220;220;"380,16"
ALMACEN REPARACIONES;KURBIN LANE S.L.;20;00002 - Electrodomesticos;00006 - Gran Electrodoméstico;00008 - Calentadores de Agua;00001 - Calentadores; -;Gran Electrodoméstico;6315391;04441001010008;CALENTADOR ESTANCO 11 L.NATURAL + KIT CCK102 CORBERO CCVEST11NOXGN;CCVEST11NOXGN;0;1;1;0;2;No;195;195;"336,96";;"248,43";"336,96";"0,299768518518519";"0,050235478806907";;;S;S;N;N;LIQUIDACION;8436555983925;;195;195;"336,96"
ALMACEN REPARACIONES;LAN MOBEL S.COOP;KIBUC;0 - SIN FAMILIA; -; -; -; -;Dormitorios;;02441006002184;"MESITA KUBO 2CJ.BOX.60X52,7X42";K4929;0;0;-1;0;-1;No;"143,88";"142,44";331;"139,56";;;"0,479297885196375";"0,479297885196375";04/02/2026;09/01/2026;S;N;S;S;VENDER;;;0;0;0
ALMACEN REPARACIONES;LAN MOBEL S.COOP;KIBUC;09999 - KIBUC;00004 - Juveniles; -; -; -;Juvenil;;02441003000624;SMART ESTANTERIA BACK 2 DIV.150;2081;0;0;-1;0;-1;No;"60,54";"58,13";140;"58,72";;;"0,497590714285714";"0,497590714285714";23/09/2025;04/11/2025;S;N;S;S;VENDER;;;0;0;0
ALMACEN REPARACIONES;LAN MOBEL S.COOP;KIBUC;09999 - KIBUC;00004 - Juveniles; -; -; -;Juvenil;;02441003001678;SMART LITERA ARO MAXI IZQUIERDA ARR.FIJO;3740;0;0;-1;0;-1;No;"814,02";"805,88";1873;"789,6";;;"0,47938344901228";"0,47938344901228";05/11/2025;06/11/2025;S;N;S;S;VENDER;;;0;0;0
ALMACEN REPARACIONES;LAN MOBEL S.COOP;KIBUC;09999 - KIBUC;00004 - Juveniles; -; -; -;Juvenil;;02441003001974;SMART BANCADA ELEVABLE LAM.190X135;4206;0;0;-1;0;-1;No;"405,72";"401,66";934;"393,55";;;"0,47964817987152";"0,47964817987152";18/10/2025;29/11/2025;S;N;S;S;VENDER;;;0;0;0
ALMACEN REPARACIONES;LAN MOBEL S.COOP;KIBUC;09999 - KIBUC;00004 - Juveniles; -; -; -;Juvenil;;02441003003922;SMART MODULO 2P.EL.HU.KIBUC 180X34X32;K8570;0;0;-1;0;-1;No;"145,54";"144,08";335;"141,17";;;"0,479591641791045";"0,479591641791045";19/01/2026;29/10/2025;S;N;S;S;VENDER;;;0;0;0
ALMACEN REPARACIONES;LAN MOBEL S.COOP;NINGUNA;0 - SIN FAMILIA; -; -; -; -;;;02441000000001;ACCESORIO C INVENTARIABLE;2441INV;0;3;3;0;6;No;0;"11,99";0;;;;;;19/01/2026;29/11/2025;S;N;S;S;VENDER;;;0;"35,97";0
ALMACEN REPARACIONES;LAN MOBEL S.COOP.;ADAPT;00001 - Muebles;00051 - Camas juveniles;00001 - Convencional;00024 - Dormitorios completos; -;Dormitorios Juveniles;6383197;00009003013767;DORMITORIO JUVENIL CON ARMARIO ADAPT LMALB03;LMALB03;0;0;-1;0;-1;No;"1879,57";"1086,03";"3668,13";;"3301,32";"3668,13";"0,641753073091739";"0,601948220711715";;24/01/2026;S;S;S;S;VENDER;;;0;0;0
ALMACEN REPARACIONES;LAN MOBEL S.COOP.;ADAPT;00001 - Muebles;00051 - Camas juveniles;00001 - Convencional;00034 - Compactos; -;Dormitorios Juveniles;6369317;00009003013876;"BALDA OPC. ARM. PARA HUECO 40 ADAPT 6926,#ACABADO EN COLOR JAZMIN";6926;0;1;1;0;2;No;"13,3";"12,06";"26,76";;"24,08";"26,76";"0,454686098654709";"0,393995016611296";08/08/2023;16/10/2023;S;N;S;S;VENDER;;;"13,3";"12,06";"26,76"
ALMACEN REPARACIONES;LAN MOBEL S.COOP.;ADAPT;00001 - Muebles;00051 - Camas juveniles;00001 - Convencional;00034 - Compactos; -;Dormitorios Juveniles;6369317;00009003014742;"BALDA OPC. ARM. PARA HUECO 40 ADAPT 6926,#ACABADO EN COLOR VULCANO";6926;0;1;0;0;1;No;"13,3";"12,74";"26,76";;"24,08";"26,76";"0,423938714499253";"0,359825581395349";04/02/2026;05/02/2026;S;N;S;S;VENDER;;;"13,3";"12,74";"26,76"
ALMACEN REPARACIONES;LAN MOBEL S.COOP.;ADAPT;00001 - Muebles;00051 - Camas juveniles;00001 - Convencional;00035 - Nidos; -;Dormitorios Juveniles;6372934;00009003013151;NID(L)+2 CAJ.190*90 ADAPT 2678;2678;0;0;-1;0;-1;No;"332,55";"318,53";"650,1";;"585,09";"650,1";"0,407135363790186";"0,341261515322429";05/11/2025;11/11/2025;S;N;S;S;VENDER;;;0;0;0
ALMACEN REPARACIONES;LAN MOBEL S.COOP.;ADAPT;00001 - Muebles;00051 - Camas juveniles;00001 - Convencional;00099 - Acc. Dormitorio; -;Dormitorios Juveniles;;00009003014512;"PANEL ALISTONADO TIPO A ANCHO 60 CM ADAPT 1027 LISTON BASE,#ACABADO EN CANELA NUDE";1027 LISTON BASE;0;0;-1;0;-1;No;"200,86";"192,4";"391,72";;"352,55";"391,72";"0,405687736138058";"0,339656786271451";19/06/2025;21/10/2025;S;S;S;S;VENDER;;;0;0;0
ALMACEN REPARACIONES;LAN MOBEL S.COOP.;ADAPT;00001 - Muebles;00051 - Camas juveniles;00002 - Modular;00001 - Armarios; -;Dormitorios Juveniles;6370188;00009003010406;"ARM.RIN.PLE.D.101*133*2,4 ADAPT 5849";5849;0;0;-1;0;-1;No;"598,59";"556,52";"1177,23";;"1059,51";"1177,23";"0,427988413479099";"0,364433370142802";26/03/2025;24/04/2025;S;N;S;S;VENDER;;;0;0;0
ALMACEN REPARACIONES;LAN MOBEL S.COOP.;ADAPT;00001 - Muebles;00051 - Camas juveniles;00002 - Modular;00001 - Armarios; -;Dormitorios Juveniles;6370269;00009003010487;"ARM.RINC.ANG.PLE.D.103*151*2,4 ADAPT 5954";5954;0;0;-1;0;-1;No;"638,5";"611,58";"1249,59";;"1124,63";"1249,59";"0,407796317192039";"0,3419953229062";02/10/2025;14/10/2025;S;N;S;S;VENDER;;;0;0;0
ALMACEN REPARACIONES;LAN MOBEL S.COOP.;ADAPT;00001 - Muebles;00051 - Camas juveniles;00002 - Modular;00001 - Armarios; -;Dormitorios Juveniles;6370694;00009003014696;"ARM.1 P.IZ-HUE-4CAJ.DE 52*240 ADAPT 5537,#ACABADO EN SAND BAMBU";5537;0;0;-2;0;-2;No;"360,49";"345,29";"712,13";;"640,92";"712,13";"0,413308103857442";"0,348123166697872";17/12/2025;24/12/2025;S;N;S;S;VENDER;;;0;0;0
ALMACEN REPARACIONES;LAN MOBEL S.COOP.;ADAPT;00001 - Muebles;00051 - Camas juveniles;00002 - Modular;00001 - Armarios; -;Dormitorios Juveniles;6370719;00009003010937;ARM.1 PUE.I.Y 3CAJ.DE 52*220 ADAPT 4525;4525;0;0;-2;0;-2;No;"276,68";"265,02";"546,74";;"492,07";"546,74";"0,413479533233347";"0,348315890015648";20/11/2025;13/12/2025;S;N;S;S;VENDER;;;0;0;0
ALMACEN REPARACIONES;LAN MOBEL S.COOP.;ADAPT;00001 - Muebles;00051 - Camas juveniles;00002 - Modular;00001 - Armarios; -;Dormitorios Juveniles;6370817;00009003011035;ARM.2 PUE.Y 2 CAJ.DE 82*240 ADAPT 5568;5568;0;0;-1;0;-1;No;"293,98";"281,59";"577,77";;"519,99";"577,77";"0,410277619121796";"0,344749129790958";04/12/2025;16/12/2025;S;N;S;S;VENDER;;;0;0;0
ALMACEN REPARACIONES;LAN MOBEL S.COOP.;ADAPT;00001 - Muebles;00051 - Camas juveniles;00002 - Modular;00001 - Armarios; -;Dormitorios Juveniles;6370869;00009003014415;"ARM.3 PUE.112*240 ADAPT 5434,#ACABADO EN ESTRUC.JAZMIN. INTERIOR CANELA .TIRADOR ASA MUSTARD";5434;0;0;-1;0;-1;No;"385,76";"358,65";"753,47";;"678,12";"753,47";"0,424042762153769";"0,360044682357105";26/03/2025;24/04/2025;S;N;S;S;VENDER;;;0;0;0
ALMACEN REPARACIONES;LAN MOBEL S.COOP.;ADAPT;00001 - Muebles;00051 - Camas juveniles;00002 - Modular;00001 - Armarios; -;Dormitorios Juveniles;6370871;00009003011089;ARM.3 PUE.122*240 ADAPT 5435;5435;0;0;-1;0;-1;No;"399,06";"382,24";"784,48";;"706,03";"784,48";"0,410424230063227";"0,344913955497642";05/11/2025;11/11/2025;S;N;S;S;VENDER;;;0;0;0
ALMACEN REPARACIONES;LAN MOBEL S.COOP.;ADAPT;00001 - Muebles;00051 - Camas juveniles;00002 - Modular;00001 - Armarios; -;Dormitorios Juveniles;6370875;00009003011093;ARM.3 PUE.142*240 ADAPT 5437;5437;0;0;-1;0;-1;No;"425,66";"407,72";"836,16";;"752,54";"836,16";"0,409991867585151";"0,344431923884445";18/10/2025;21/10/2025;S;N;S;S;VENDER;;;0;0;0
ALMACEN REPARACIONES;LAN MOBEL S.COOP.;ADAPT;00001 - Muebles;00051 - Camas juveniles;00002 - Modular;00001 - Armarios; -;Dormitorios Juveniles;6370913;00009003011131;ARM.5 PUE.212*240 ADAPT 5472;5472;0;0;-1;0;-1;No;"638,5";"611,58";"1249,59";;"1124,63";"1249,59";"0,407796317192039";"0,3419953229062";16/07/2025;26/07/2025;S;N;S;S;VENDER;;;0;0;0
ALMACEN REPARACIONES;LAN MOBEL S.COOP.;ADAPT;00001 - Muebles;00051 - Camas juveniles;00002 - Modular;00001 - Armarios; -;Dormitorios Juveniles;6370946;00009003011164;ARMAR.ESTANT.IZQ.CURV.240 ADAPT 6102;6102;0;0;-1;0;-1;No;"259,39";"248,45";"505,43";;"454,89";"505,43";"0,405210414894248";"0,33912704170239";04/12/2025;16/12/2025;S;N;S;S;VENDER;;;0;0;0
ALMACEN REPARACIONES;LAN MOBEL S.COOP.;ADAPT;00001 - Muebles;00051 - Camas juveniles;00002 - Modular;00002 - Camas; -;Dormitorios Juveniles;6369820;00009003014722;"ADAPT S1 CONF.+2C.190*90 ADAPT 3082,#ACABADO EN COLOR JAZMIN";3082;0;0;-2;0;-2;No;"529,42";"507,11";"1032,53";;"929,28";"1032,53";"0,405728550260041";"0,339700520833333";19/01/2026;27/01/2026;S;N;S;S;VENDER;;;0;0;0
ALMACEN REPARACIONES;LAN MOBEL S.COOP.;ADAPT;00001 - Muebles;00051 - Camas juveniles;00002 - Modular;00002 - Camas; -;Dormitorios Juveniles;6369836;00009003010055;ADAPT S1 UP+2C.190*90 ADAPT 3076;3076;0;0;-1;0;-1;No;"525,43";"503,28";"1032,54";;"929,29";"1032,54";"0,410222557963856";"0,344694551754565";20/11/2025;13/12/2025;S;N;S;S;VENDER;;;0;0;0
ALMACEN REPARACIONES;LAN MOBEL S.COOP.;ADAPT;00001 - Muebles;00051 - Camas juveniles;00002 - Modular;00002 - Camas; -;Dormitorios Juveniles;6369838;00009003014383;"ADAPT S1 UP+2C.200*90 ADAPT 3078,#ACABADO EN JAZMIN";3078;0;0;-1;0;-1;No;"538,73";"500,87";"1053,21";;"947,89";"1053,21";"0,424566135908318";"0,36062971441834";26/03/2025;24/04/2025;S;N;S;S;VENDER;;;0;0;0
ALMACEN REPARACIONES;LAN MOBEL S.COOP.;ADAPT;00001 - Muebles;00051 - Camas juveniles;00002 - Modular;00002 - Camas; -;Dormitorios Juveniles;6369840;00009003014252;"ADAPT S1+2C.190*90 ADAPT 3070,#ACABADO EN CANELA JAZMIN";3070;0;0;-1;0;-1;No;"485,52";"419,8";"949,85";;"854,87";"949,85";"0,465222929936306";"0,405806730847965";06/11/2024;09/11/2024;S;N;S;S;VENDER;;;0;0;0
ALMACEN REPARACIONES;LAN MOBEL S.COOP.;ADAPT;00001 - Muebles;00051 - Camas juveniles;00002 - Modular;00002 - Camas; -;Dormitorios Juveniles;6369855;00009003010074;ADAPT S2 CONF.UP+2 CJ.190*90 ADAPT 3172;3172;0;0;-1;0;-1;No;"595,93";"570,81";"1166,89";;"1050,2";"1166,89";"0,408101791942685";"0,342334698152733";29/11/2025;11/12/2025;S;N;S;S;VENDER;;;0;0;0
ALMACEN REPARACIONES;LAN MOBEL S.COOP.;ADAPT;00001 - Muebles;00051 - Camas juveniles;00002 - Modular;00002 - Camas; -;Dormitorios Juveniles;6369921-44671;00009003013794;"ADAPT S3 UP+3C.200*105 ADAPT 3271,#ACABADO EN NORD";3271;0;1;0;0;1;No;"711,66";"625,95";"1394,3";;"1214,1";1349;"0,456788711181238";"0,376163825055597";;;S;N;N;N;LIQUIDACION;;;"711,66";"625,95";"1394,3"
ALMACEN REPARACIONES;LAN MOBEL S.COOP.;ADAPT;00001 - Muebles;00051 - Camas juveniles;00002 - Modular;00002 - Camas; -;Dormitorios Juveniles;6371347;00009003014698;"C.AB.190*105 A 240 F.64 ADAPT 4017,#ACABADO EN SAND BAMBU";4017;0;0;-1;0;-1;No;"780,83";"747,92";"1528,65";;"1375,79";"1528,65";"0,407985346547607";"0,342208331213339";17/12/2025;24/12/2025;S;N;S;S;VENDER;;;0;0;0
ALMACEN REPARACIONES;LAN MOBEL S.COOP.;ADAPT;00001 - Muebles;00051 - Camas juveniles;00002 - Modular;00002 - Camas; -;Dormitorios Juveniles;6371357;00009003011574;C.AB.190*90+EST-PUE.A 240 ADAPT 3992;3992;0;0;-1;0;-1;No;"884,58";"847,29";"1735,36";;"1561,82";"1735,36";"0,409217165314402";"0,343572946946511";05/11/2025;06/11/2025;S;N;S;S;VENDER;;;0;0;0
ALMACEN REPARACIONES;LAN MOBEL S.COOP.;ADAPT;00001 - Muebles;00051 - Camas juveniles;00002 - Modular;00002 - Camas; -;Dormitorios Juveniles;6371589-46486;00009003013853;"CAMA ABAT.BAJA HORIZ.190*135 ADAPT 3973,#ACABADO EN SAND";3973;0;0;-1;0;-1;No;"718,31";"651,24";"1404,62";;"1264,16";"1404,62";"0,438993891586337";"0,376660865713201";25/07/2023;28/10/2025;S;N;N;N;BAJA ROTACION;;8;0;0;0
ALMACEN REPARACIONES;LAN MOBEL S.COOP.;ADAPT;00001 - Muebles;00051 - Camas juveniles;00002 - Modular;00003 - Elementos; -;Dormitorios Juveniles;6372044;00009003014676;"ENCIM.RECTA 150*50 ADAPT 1647,#ACABADO EN COLOR JAZMIN";1647;0;0;-1;0;-1;No;"38,57";"36,95";"75,34";;"67,81";"75,34";"0,406563578444385";"0,340665093644005";17/12/2025;30/12/2025;S;N;S;S;VENDER;;;0;0;0
ALMACEN REPARACIONES;LAN MOBEL S.COOP.;ADAPT;00001 - Muebles;00051 - Camas juveniles;00002 - Modular;00003 - Elementos; -;Dormitorios Juveniles;6372175;00009003012392;EST.SOBRE ARCON 100X142 ADAPT 2135;2135;0;0;-1;0;-1;No;"194,21";"186,02";"381,39";;"343,25";"381,39";"0,409831930569758";"0,34425579024035";04/12/2025;17/12/2025;S;N;S;S;VENDER;;;0;0;0
ALMACEN REPARACIONES;LAN MOBEL S.COOP.;ADAPT;00001 - Muebles;00051 - Camas juveniles;00002 - Modular;00003 - Elementos; -;Dormitorios Juveniles;6372215;00009003014695;"ESTANT.PARED.100 HERR.OCULTO ADAPT 2039,#ACABADO EN BAMBU";2039;0;0;-1;0;-1;No;"35,92";"34,4";"70,2";;"63,18";"70,2";"0,407065527065527";"0,341183918961697";04/02/2026;24/12/2025;S;N;S;S;VENDER;;;0;0;0
ALMACEN REPARACIONES;LAN MOBEL S.COOP.;ADAPT;00001 - Muebles;00051 - Camas juveniles;00002 - Modular;00003 - Elementos; -;Dormitorios Juveniles;6372230;00009003012447;ESTANTE COLUMN.50CM S/TRAS. ADAPT 2512;2512;0;4;0;0;4;No;"18,62";"17,67";"37,1";;"33,39";"37,1";"0,423700808625337";"0,359667565139263";16/07/2025;26/07/2025;S;N;S;S;VENDER;;;"74,48";"70,68";"148,4"
ALMACEN REPARACIONES;LAN MOBEL S.COOP.;ADAPT;00001 - Muebles;00051 - Camas juveniles;00002 - Modular;00003 - Elementos; -;Dormitorios Juveniles;6372339-44671;00009003013798;"INC.LATERAL ADAPT S3 ADAPT 9263,#ACABADO EN NORD";9263;0;1;0;0;1;No;"19,95";"17,55";"39,18";;"34,11";"37,9";"0,458001531393568";"0,377440633245383";;;S;N;N;N;LIQUIDACION;;;"19,95";"17,55";"39,18"
ALMACEN REPARACIONES;LAN MOBEL S.COOP.;ADAPT;00001 - Muebles;00051 - Camas juveniles;00002 - Modular;00003 - Elementos; -;Dormitorios Juveniles;6372358;00009003014731;"JUEGO 4 PATAS MADERA ADAPT 1108,#ACABADO EN COLOR DUNA";1108;0;6;6;0;12;No;"70,5";"67,53";"143,67";;"129,3";"143,67";"0,431257047400292";"0,368048723897912";17/12/2025;;S;N;S;S;VENDER;;;423;"405,18";"862,02"
ALMACEN REPARACIONES;LAN MOBEL S.COOP.;ADAPT;00001 - Muebles;00051 - Camas juveniles;00002 - Modular;00003 - Elementos; -;Dormitorios Juveniles;6372366;00009003014160;"KIT TABLA SUST.DESPL.190*90 ADAPT 3048,#ACABADO EN COLOR JAZMIN";3048;0;0;-1;0;-1;No;"54,54";"52,24";"112,66";;"101,39";"112,66";"0,438927747203977";"0,376561791103659";16/07/2025;18/07/2025;S;N;S;S;VENDER;;;0;0;0
ALMACEN REPARACIONES;LAN MOBEL S.COOP.;ADAPT;00001 - Muebles;00051 - Camas juveniles;00002 - Modular;00003 - Elementos; -;Dormitorios Juveniles;6372367-44671;00009003013799;"KIT TABLA SUST.DESPL.200*105 ADAPT 3051,#ACABADO EN NORD";3051;0;1;0;0;1;No;"54,54";"47,97";"112,66";;"98,1";109;"0,484788744896148";"0,408321100917431";;;S;N;N;N;LIQUIDACION;;;"54,54";"47,97";"112,66"
ALMACEN REPARACIONES;LAN MOBEL S.COOP.;ADAPT;00001 - Muebles;00051 - Camas juveniles;00002 - Modular;00003 - Elementos; -;Dormitorios Juveniles;6373383-44671;00009003013800;"TAPA ARCON 118*39 ADAPT 1979,#ACABADO EN NORD";1979;0;1;0;0;1;No;"25,27";"22,23";"49,51";;"43,11";"47,9";"0,456709755604928";"0,376054279749478";;;S;N;N;N;LIQUIDACION;;;"25,27";"22,23";"49,51"
ALMACEN REPARACIONES;LAN MOBEL S.COOP.;ADAPT;00001 - Muebles;00051 - Camas juveniles;00002 - Modular;00003 - Elementos; -;Dormitorios Juveniles;6373386-44671;00009003013801;"TAPETA PARA CIERRES 270 ADAPT 7333,#ACABADO EN NORD";7333;0;1;0;0;1;No;"9,31";"8,19";"18,5";;"16,11";"17,9";"0,46432972972973";"0,384860335195531";05/07/2023;15/07/2023;S;N;N;N;LIQUIDACION;;;"9,31";"8,19";"18,5"
ALMACEN REPARACIONES;LAN MOBEL S.COOP.;ADAPT;00001 - Muebles;00051 - Camas juveniles;00002 - Modular;00004 - Modulos; -;Dormitorios Juveniles;6369321;00009003014339;"SOP.MET.MESA ESTUD.75*57 BLANC ADAPT 1545,#ACABADO EN COLOR VULCANO";1545;0;2;1;0;3;No;"63,85";"61,16";"133,32";;"119,99";"133,32";"0,444917491749175";"0,383251937661472";19/01/2026;13/12/2025;S;N;S;S;VENDER;;;"127,7";"122,32";"266,64"
ALMACEN REPARACIONES;LAN MOBEL S.COOP.;ADAPT;00001 - Muebles;00051 - Camas juveniles;00002 - Modular;00004 - Modulos; -;Dormitorios Juveniles;6369995-44671;00009003013795;"ARC.2 CAJ.116*75*37 ADAPT 1955,#ACABADO EN NORD";1955;0;1;0;0;1;No;"154,3";"135,72";"309,03";;"269,1";299;"0,468591398893311";"0,389739130434783";;;S;N;N;N;LIQUIDACION;;;"154,3";"135,72";"309,03"
ALMACEN REPARACIONES;LAN MOBEL S.COOP.;ADAPT;00001 - Muebles;00051 - Camas juveniles;00002 - Modular;00004 - Modulos; -;Dormitorios Juveniles;6372152;00009003012369;ESCRIT.GIRATO.ARCON 200X50CM ADAPT 1853;1853;0;0;-2;0;-2;No;"133,02";"127,41";"267,69";;"240,92";"267,69";"0,424087190406814";"0,360094222148431";20/11/2025;02/12/2025;S;N;S;S;VENDER;;;0;0;0
ALMACEN REPARACIONES;LAN MOBEL S.COOP.;ADAPT;00001 - Muebles;00051 - Camas juveniles;00002 - Modular;00004 - Modulos; -;Dormitorios Juveniles;6373394;00009003013611;TERMIN.3 ZAPATEROS 240 ADAPT 6097;6097;0;0;-1;0;-1;No;"219,48";"210,23";"433,07";;"389,76";"433,07";"0,41261620523241";"0,347346315681445";08/10/2025;09/10/2025;S;N;S;S;VENDER;;;0;0;0
ALMACEN REPARACIONES;LAN MOBEL S.COOP.;BOHO;00001 - Muebles;00050 - Dormitorios Matrimonio;00001 - Dormitorio;00016 - Módulo; -;Dormitorios matrimonio;6301915;00009001012557;TOMA USB METALICO BOHO 5418;5418;0;1;1;0;2;No;"31,23";"24,13";"60,9";;;;"0,520569786535304";"0,520569786535304";;;S;S;N;N;LIQUIDACION;2000063019153;;"31,23";"24,13";"60,9"
ALMACEN REPARACIONES;LAN MOBEL S.COOP.;ETERNAL;00001 - Muebles;00050 - Dormitorios Matrimonio;00001 - Dormitorio;00001 - Camas; -;Dormitorios matrimonio;;00009005011546;BANC.CANAPE RECTA 135X190   ETERNAL BASE 3647;3647;0;0;-1;0;-1;No;"362,48";"347,2";"712,12";;;;"0,410054485199124";"0,410054485199124";05/11/2025;05/11/2025;S;N;S;S;VENDER;;;0;0;0
ALMACEN REPARACIONES;LAN MOBEL S.COOP.;ETERNAL;00001 - Muebles;00050 - Dormitorios Matrimonio;00001 - Dormitorio;00003 - Armarios; -;Dormitorios matrimonio;;00009005013497;A.2 PU.COR.VAC.(65-65) 132*240   ETERNAL BASE 7241;7241;0;0;-1;0;-1;No;"478,87";"458,69";"939,51";;;;"0,409250673223276";"0,409250673223276";17/12/2025;18/12/2025;S;N;S;S;VENDER;;;0;0;0
ALMACEN REPARACIONES;LAN MOBEL S.COOP.;ETERNAL;00001 - Muebles;00050 - Dormitorios Matrimonio;00001 - Dormitorio;00003 - Armarios; -;Dormitorios matrimonio;;00009005013613;DIST.N12 -EST-4CAJ-HUE.80 220   ETERNAL BASE 7612;7612;0;0;-1;0;-1;No;"205,51";"196,86";"402,03";;;;"0,407505410044027";"0,407505410044027";31/07/2025;06/08/2025;S;N;S;S;VENDER;;;0;0;0
ALMACEN REPARACIONES;LAN MOBEL S.COOP.;ETERNAL;00001 - Muebles;00050 - Dormitorios Matrimonio;00001 - Dormitorio;00003 - Armarios; -;Dormitorios matrimonio;;00009005015568;ARM.2 PUE.102*220   ETERNAL LACADO 5524;5524;0;0;-1;0;-1;No;"311,26";"298,15";"608,75";;;;"0,407373305954825";"0,407373305954825";23/09/2025;30/09/2025;S;N;S;S;VENDER;;;0;0;0
ALMACEN REPARACIONES;LAN MOBEL S.COOP.;ETERNAL;00001 - Muebles;00050 - Dormitorios Matrimonio;00001 - Dormitorio;00003 - Armarios; -;Dormitorios matrimonio;;00009005015578;ARM.3 PUE.152*220   ETERNAL LACADO 5538;5538;0;0;-1;0;-1;No;"516,11";"459,76";"1011,84";;;;"0,450200031625553";"0,450200031625553";06/05/2025;30/08/2025;S;N;S;S;VENDER;;;0;0;0
ALMACEN REPARACIONES;LAN MOBEL S.COOP.;ETERNAL;00001 - Muebles;00050 - Dormitorios Matrimonio;00001 - Dormitorio;00003 - Armarios; -;Dormitorios matrimonio;;00009005015592;ARM.4 PUE.202*220   ETERNAL LACADO 5565;5565;0;0;-1;0;-1;No;"638,5";"568,77";"1249,59";;;;"0,449249993998031";"0,449249993998031";06/05/2025;30/08/2025;S;N;S;S;VENDER;;;0;0;0
ALMACEN REPARACIONES;LAN MOBEL S.COOP.;ETERNAL;00001 - Muebles;00050 - Dormitorios Matrimonio;00001 - Dormitorio;00005 - Mesitas de noche; -;Dormitorios matrimonio;;00009005015253;MES.THIN 2 CJ.60 COLGAR   ETERNAL LACADO 4413;4413;0;0;-1;0;-1;No;"137,01";"127,37";"267,69";;;;"0,424267996563189";"0,424267996563189";15/10/2024;18/08/2025;S;N;S;S;VENDER;;;0;0;0
ALMACEN REPARACIONES;LAN MOBEL S.COOP.;ETERNAL;00001 - Muebles;00050 - Dormitorios Matrimonio;00001 - Dormitorio;00006 - Cómodas; -;Dormitorios matrimonio;;00009005015238;SEMAN.THIN 1 PUE.IZQ.50X114X42   ETERNAL LACADO 4396;4396;0;0;-1;0;-1;No;"158,29";"151,62";"309,03";;;;"0,406335307251723";"0,406335307251723";19/06/2025;01/07/2025;S;N;S;S;VENDER;;;0;0;0
ALMACEN REPARACIONES;LAN MOBEL S.COOP.;ETERNAL;00001 - Muebles;00050 - Dormitorios Matrimonio;00001 - Dormitorio;00006 - Cómodas; -;Dormitorios matrimonio;;00009005015294;SEMAN.THIN 1 PUE.IZQ.50X114X42   ETERNAL LACADO 4468;4468;0;0;-2;0;-2;No;"158,29";"151,62";"309,03";;;;"0,406335307251723";"0,406335307251723";23/09/2025;23/10/2025;S;N;S;S;VENDER;;;0;0;0
ALMACEN REPARACIONES;LAN MOBEL S.COOP.;ETERNAL;00001 - Muebles;00050 - Dormitorios Matrimonio;00001 - Dormitorio;00017 - Elementos; -;Dormitorios matrimonio;;00009005012402;JUEGO REMATES EMBELLECEDOR   ETERNAL BASE 5327;5327;0;0;-4;0;-4;No;"9,98";"9,56";"19,53";;;;"0,407700972862263";"0,407700972862263";23/09/2025;05/11/2025;S;N;S;S;VENDER;;;0;0;0
ALMACEN REPARACIONES;LAN MOBEL S.COOP.;ETERNAL;00001 - Muebles;00050 - Dormitorios Matrimonio;00001 - Dormitorio;00017 - Elementos; -;Dormitorios matrimonio;;00009005013838;"BALDA 3,5CM ARM.PARA HUECO 50   ETERNAL BASE 7918";7918;0;0;-1;0;-1;No;"18,62";"17,84";"37,1";;;;"0,418156334231806";"0,418156334231806";08/01/2026;22/10/2025;S;N;S;S;VENDER;;;0;0;0
ALMACEN REPARACIONES;LAN MOBEL S.COOP.;ETERNAL;00001 - Muebles;00051 - Camas juveniles;00002 - Modular;00006 - Cabeceros; -;Dormitorios matrimonio;;00009005010463;CAB. DYLAN 2 S/LUZ 150 MES.45   ETERNAL BASE 1715;1715;0;0;-1;0;-1;No;"226,13";"216,6";"443,4";;;;"0,408917456021651";"0,408917456021651";16/07/2025;09/08/2025;S;N;S;S;VENDER;;;0;0;0
ALMACEN REPARACIONES;LAN MOBEL S.COOP.;ETERNAL;00001 - Muebles;00051 - Camas juveniles;00002 - Modular;00006 - Cabeceros; -;Dormitorios matrimonio;;00009005010479;CAB. DYLAN 2 C/LUZ 135 MES.50   ETERNAL BASE 1735;1735;0;0;-1;0;-1;No;"315,93";"302,61";"619,11";;;;"0,408573436061443";"0,408573436061443";20/10/2025;22/10/2025;S;N;S;S;VENDER;;;0;0;0
ALMACEN REPARACIONES;LAN MOBEL S.COOP.;ETERNAL;00001 - Muebles;00051 - Camas juveniles;00002 - Modular;00006 - Cabeceros; -;Dormitorios matrimonio;;00009005010847;CAB.BONO 1 C/LUZ 180 MES.60   ETERNAL BASE 2251;2251;0;0;-1;0;-1;No;"325,9";"302,99";"639,79";;;;"0,426971506275497";"0,426971506275497";15/10/2024;18/08/2025;S;N;S;S;VENDER;;;0;0;0
ALMACEN REPARACIONES;LAN MOBEL S.COOP.;ETERNAL;00001 - Muebles;00051 - Camas juveniles;00002 - Modular;00006 - Cabeceros; -;Dormitorios matrimonio;;00009005014754;CAB. ELTON 2 S/LUZ 160 MES.50   ETERNAL LACADO 1530;1530;0;0;-1;0;-1;No;"301,96";"289,23";"598,44";;;;"0,415199017445358";"0,415199017445358";15/05/2025;22/05/2025;S;N;S;S;VENDER;;;0;0;0
ALMACEN REPARACIONES;LAN MOBEL S.COOP.;INDIVIDUAL;00001 - Muebles;00052 - Salón;00001 - Convencional;00002 - Mesas de comedor; -;Salón;6328099;00009002011830;"MESA TOTEM EXT. 90X140 1,9CM INDIVIDUAL 4301,#ACABADO EN PATAS PETROL TAPA CANELA";4301;0;0;-1;0;-1;No;"456,88";"425,73";"899,01";;579;"899,01";"0,426999365969233";"0,11030518134715";12/06/2025;30/01/2026;S;S;N;N;LIQUIDACION;;6;0;0;0
ALMACEN REPARACIONES;LAN MOBEL S.COOP.;INDIVIDUAL;00001 - Muebles;00052 - Salón;00001 - Convencional;00002 - Mesas de comedor; -;Salón;6328101;00009002011948;"MESA TOTEM EXT. 90X160 1,9CM INDIVIDUAL 4302,#ACABADO EN NOMADA HUMO";4302;0;0;-1;0;-1;No;"463,32";"414,05";909;;;;"0,448844334433443";"0,448844334433443";05/12/2024;01/09/2025;S;N;N;N;LIQUIDACION;;;0;0;0
ALMACEN REPARACIONES;LAN MOBEL S.COOP.;INDIVIDUAL;00001 - Muebles;00052 - Salón;00002 - Salón comedor;00002 - Elementos; -;Salón;6328161;00009002010107;CONJ.4 TIRAS LED ESTAN.60CM INDIVIDUAL 3567;3567;0;0;-2;0;-2;No;"91,38";"85,75";179;;;;"0,420349162011173";"0,420349162011173";06/11/2024;13/06/2025;S;N;N;N;LIQUIDACION;;;0;0;0
ALMACEN REPARACIONES;LAN MOBEL S.COOP.;INDIVIDUAL;00001 - Muebles;00052 - Salón;00002 - Salón comedor;00002 - Elementos; -;Salón;6328190;00009002010136;INC.H.COLGAR H.47 MOD.150-181 INDIVIDUAL 9005;9005;0;0;-1;0;-1;No;"30,89";"30,58";"60,9";;;;"0,392417077175698";"0,392417077175698";23/07/2025;31/07/2025;S;S;N;N;LIQUIDACION;;;0;0;0
ALMACEN REPARACIONES;LAN MOBEL S.COOP.;INDIVIDUAL;00001 - Muebles;00052 - Salón;00002 - Salón comedor;00002 - Elementos; -;Salón;6328351;00009002011932;"BASE/TAPA  240X44X2 INDIVIDUAL 1255,#ACABADO EN CANELA";1255;0;1;1;0;2;No;"43,76";"43,32";"85,9";;;;"0,38978812572759";"0,38978812572759";31/07/2025;25/06/2025;S;S;N;N;LIQUIDACION;;;"43,76";"43,32";"85,9"
ALMACEN REPARACIONES;LAN MOBEL S.COOP.;INDIVIDUAL;00001 - Muebles;00052 - Salón;00002 - Salón comedor;00002 - Elementos; -;Salón;6328351;00009002011947;"BASE/TAPA  240X44X2 INDIVIDUAL 1255,#ACABADO EN NOMADA";1255;0;1;1;0;2;No;"43,76";"43,32";"85,9";;;;"0,38978812572759";"0,38978812572759";31/07/2025;20/06/2025;S;S;N;N;LIQUIDACION;;;"43,76";"43,32";"85,9"
ALMACEN REPARACIONES;LAN MOBEL S.COOP.;INDIVIDUAL;00001 - Muebles;00052 - Salón;00002 - Salón comedor;00002 - Elementos; -;Salón;6328363;00009002012174;"ZOCALO  180X39X13 INDIVIDUAL 1229,#ACABADO EN COLOR NORD";1229;0;0;-1;0;-1;No;"46,33";"45,87";"90,9";;;;"0,389409240924092";"0,389409240924092";29/12/2025;10/12/2025;S;N;S;S;VENDER;;;0;0;0
ALMACEN REPARACIONES;LAN MOBEL S.COOP.;INDIVIDUAL;00001 - Muebles;00052 - Salón;00002 - Salón comedor;00003 - Modulos; -;Salón;6328778-50735;00009002011634;"BAJ.EST/CJ.IZ.PUSH 180X31X45 INDIVIDUAL 2012,#ACABADO EN CANELA PETROL";2012;0;1;1;0;2;No;"145,43";"136,28";289;;;;"0,429415916955017";"0,429415916955017";;;S;N;N;N;LIQUIDACION;;;"145,43";"136,28";289
ALMACEN REPARACIONES;LAN MOBEL S.COOP.;INDIVIDUAL;00001 - Muebles;00052 - Salón;00002 - Salón comedor;00003 - Modulos; -;Salón;6328820;00009002010762;BAJ.1 CAJ.PUSH 180X31X44 LACA INDIVIDUAL 2007;2007;0;0;-1;0;-1;No;"200,77";"198,76";399;;;;"0,397244110275689";"0,397244110275689";31/07/2025;09/08/2025;S;N;N;N;LIQUIDACION;;;0;0;0
ALMACEN REPARACIONES;LAN MOBEL S.COOP.;INDIVIDUAL;00001 - Muebles;00052 - Salón;00002 - Salón comedor;00003 - Modulos; -;Salón;6329315;00009002011256;LOOK CHIC 184X36 INDIVIDUAL 1344;1344;0;0;-1;0;-1;No;"59,2";"54,51";119;;;;"0,445738655462185";"0,445738655462185";06/05/2025;19/05/2025;S;N;N;N;LIQUIDACION;;;0;0;0
ALMACEN REPARACIONES;LAN MOBEL S.COOP.;INDIVIDUAL;00001 - Muebles;00052 - Salón;00002 - Salón comedor;00003 - Modulos; -;Salón;6329350;00009002012136;"LOOK THIN 302X33 INDIVIDUAL 1268,#ACABADO EN COLOR NORD";1268;0;1;1;0;2;No;"66,92";"66,25";139;;;;"0,423291366906475";"0,423291366906475";09/10/2025;24/07/2025;S;N;N;N;LIQUIDACION;;;"66,92";"66,25";139
ALMACEN REPARACIONES;LAN MOBEL S.COOP.;INDIVIDUAL;00001 - Muebles;00052 - Salón;00002 - Salón comedor;00003 - Modulos; -;Salón;6329402-15175;00009002011643;"LOOK TOTAL THIN 302X34 INDIVIDUAL 1288,#ACABADO EN CANELA";1288;0;1;1;0;2;No;"114,54";"102,24";229;;;;"0,459779912663755";"0,459779912663755";22/11/2024;16/04/2025;S;S;N;N;LIQUIDACION;;;"114,54";"102,24";229
ALMACEN REPARACIONES;LAN MOBEL S.COOP.;INDIVIDUAL;00001 - Muebles;00052 - Salón;00002 - Salón comedor;00003 - Modulos; -;Salón;6329414;00009002011355;M.COL.PUE.ABAT.MAD.120X32X37 LACA INDIVIDUAL 3012;3012;0;0;-2;0;-2;No;"115,83";"114,67";229;;;;"0,394101746724891";"0,394101746724891";04/06/2025;20/06/2025;S;N;N;N;LIQUIDACION;;;0;0;0
ALMACEN REPARACIONES;LAN MOBEL S.COOP.;INDIVIDUAL;00001 - Muebles;00056 - Auxiliares;00001 - Mueble Auxiliar;00006 - Mesas; -;Mueble Auxiliar;6328133-53979;00009002011620;"MES.CENTR.GEU 110X61 INDIVIDUAL 4230,#ACABADO EN CANELA METAL PETROL";4230;0;0;-1;0;-1;No;"166,02";"131,71";329;;;;"0,515595440729483";"0,515595440729483";09/04/2025;24/04/2025;S;N;N;N;LIQUIDACION;;;0;0;0
ALMACEN REPARACIONES;LAN MOBEL S.COOP.;INDIVIDUAL 2.0;00001 - Muebles;00052 - Salón;00002 - Salón comedor;00003 - Modulos; -;Salón;;00009006010298;LOOK THIN 182X47X45CM  INDIVIDUAL  1464;1464 BASE;0;0;-1;0;-1;No;"43,89";"42,05";"85,67";;;;"0,406087311777752";"0,406087311777752";05/11/2025;08/11/2025;S;N;S;S;VENDER;;;0;0;0
ALMACEN REPARACIONES;LAN MOBEL S.COOP.;INDIVIDUAL 2.0;00001 - Muebles;00052 - Salón;00002 - Salón comedor;00003 - Modulos; -;Salón;;00009006010372;"TAPA/BASE 240X45X3,5CM  INDIVIDUAL  1566";1566 BASE;0;0;-1;0;-1;No;"44,56";"42,69";"86,98";;;;"0,406128995171304";"0,406128995171304";02/10/2025;06/10/2025;S;N;S;S;VENDER;;;0;0;0
ALMACEN REPARACIONES;LAN MOBEL S.COOP.;INDIVIDUAL 2.0;00001 - Muebles;00052 - Salón;00002 - Salón comedor;00003 - Modulos; -;Salón;;00009006011266;"MOD.BAJO 120CM, ALT.15,6CM, F.44CM- 2 CAJONES  LACADO  INDIVIDUAL  1003";1003 LACADO;0;0;-1;0;-1;No;"148,99";"142,7";"290,83";;;;"0,406295774163601";"0,406295774163601";08/10/2025;29/11/2025;S;N;S;S;VENDER;;;0;0;0
ALMACEN REPARACIONES;LAN MOBEL S.COOP.;INDIVIDUAL 2.0;00001 - Muebles;00052 - Salón;00002 - Salón comedor;00003 - Modulos; -;Salón;;00009006011287;"MOD.BAJO 180CM, ALT.31CM, F.44CM- 1 FRENTE, 2 CONTENEDORES  LACADO  INDIVIDUAL  1039";1039 LACADO;0;0;-1;0;-1;No;"216,82";"207,68";"423,23";;;;"0,406250029534768";"0,406250029534768";02/10/2025;06/10/2025;S;N;S;S;VENDER;;;0;0;0
ALMACEN REPARACIONES;LAN MOBEL S.COOP.;INDIVIDUAL 2.0;00001 - Muebles;00052 - Salón;00002 - Salón comedor;00003 - Modulos; -;Salón;;00009006011718;"MODULO PARED 120CM, PUERTA ELEVABLE, ALTURA 32CM  LACADO  INDIVIDUAL  1680";1680 LACADO;0;0;-1;0;-1;No;"124,37";"119,14";"242,77";;;;"0,406189397371998";"0,406189397371998";08/10/2025;11/11/2025;S;N;S;S;VENDER;;;0;0;0
ALMACEN REPARACIONES;LAN MOBEL S.COOP.;INDIVIDUAL 2.0;00001 - Muebles;00052 - Salón;00002 - Salón comedor;00003 - Modulos; -;Salón;;00009006012239;"PANEL ALISTONADO 3,4CM, ANCHO 60CM, ALTO 260CM, (INICIO/CENTRAL)  LACADO  INDIVIDUAL  3094";3094 LACADO;0;0;-1;0;-1;No;"217,48";"208,33";"424,52";;;;"0,406201592386696";"0,406201592386696";04/12/2025;17/12/2025;S;N;S;S;VENDER;;;0;0;0
ALMACEN REPARACIONES;LAN MOBEL S.COOP.;INDIVIDUAL 2.0;00001 - Muebles;00052 - Salón;00002 - Salón comedor;00003 - Modulos; -;Salón;;00009006012303;"DIVISOR AMARRE SUELO-TECHO, LAMAS CENTRALES MOVILES, ANCHO 150CM  LACADO  INDIVIDUAL  3220";3220 LACADO;0;0;-1;0;-1;No;"309,28";"296,24";"603,71";;;;"0,406253996123967";"0,406253996123967";05/11/2025;26/11/2025;S;N;S;S;VENDER;;;0;0;0
ALMACEN REPARACIONES;LAN MOBEL S.COOP.;INDIVIDUAL 2.0;00001 - Muebles;00052 - Salón;00002 - Salón comedor;00003 - Modulos; -;Salón;;00009006012530;"MODULO PARED 150CM, VITRINA ELEVABLE, ALTURA 32CM  LACADO  INDIVIDUAL  1695,#ACABADO EN ARMAZON BLANCO, PERFIL BLANCO CRSITAL TRANSPARENTE";1695 LACADO;0;0;-1;0;-1;No;"205,51";"196,86";"401,16";;;;"0,406220460664074";"0,406220460664074";08/10/2025;11/11/2025;S;N;S;S;VENDER;;;0;0;0
ALMACEN REPARACIONES;LAN MOBEL S.COOP.;LIQUIDACION;00001 - Muebles;00052 - Salón;00002 - Salón comedor;00004 - Comedores completos; -;Salón;;00009002012138;COMPOSICION DE SALON INDIVIDUAL LMCHS01 (LIQUIDACION ULTIMA UNIDAD);LMCHS01-4;0;1;0;0;1;No;"749,03";"749,03";1879;;999;1879;"0,517654976051091";"0,092766466466467";;23/08/2025;S;N;N;N;LIQUIDACION;;12;"749,03";"749,03";1879
ALMACEN REPARACIONES;LAN MOBEL S.COOP.;LIVE;00001 - Muebles;00052 - Salón;00002 - Salón comedor;00003 - Modulos; -;Salón;6401346;00009004010022;M.P.ABAT.140X32X37 CAN-FR.CANE LIVE 1027;1027;0;0;-1;0;-1;No;"103,75";"99,39";"205,66";;;;"0,415239229796752";"0,415239229796752";09/09/2025;17/09/2025;S;N;S;S;VENDER;;;0;0;0
ALMACEN REPARACIONES;LAN MOBEL S.COOP.;NINGUNA;00001 - Muebles;00050 - Dormitorios Matrimonio;00001 - Dormitorio;00099 - Acc. Dormitorios; -;Dormitorios matrimonio;;00009001012850;ACCESORIO C INVENTARIABLE;"""C""";0;77;77;0;154;No;0;"23,62";0;;;;;;04/02/2026;17/12/2025;S;N;S;S;VENDER;;;0;"1818,74";0
ALMACEN REPARACIONES;LAUSON S.L.;LAUSON;00002 - Electrodomesticos;00011 - Electrónica de consumo;00011 - Alta Fidelidad;00016 - Auriculares; -;Electrónica de consumo;6277635;00943001010019;AURICULARES BLUETOOH LAUSON PH202;PH202;0;1;0;0;1;No;"18,5";"17,26";"31,97";;"21,1";"31,97";"0,346743822333438";"0,010208530805687";;;S;N;N;N;LIQUIDACION;8422926059634;;"18,5";"17,26";"31,97"
ALMACEN REPARACIONES;LAUSON S.L.;LAUSON;00002 - Electrodomesticos;00011 - Electrónica de consumo;00013 - Baja Frecuencia;00005 - Tocadiscos; -;Electrónica de consumo;6336094;00943001010027;TOCADISCOS VINILO LAUSON XIVX22;XIVX22;0;1;0;0;1;No;"142,79";"130,13";"246,8";;"159,04";"246,8";"0,362004457050243";"0,009951584507042";;02/01/2025;S;S;N;N;LIQUIDACION;8422926063716;6;"142,79";"130,13";"246,8"
ALMACEN REPARACIONES;"LD CAMAS DE DISEÑO, S L U";MIKONOS;00001 - Muebles;00050 - Dormitorios Matrimonio;00001 - Dormitorio;00002 - Cabezales; -;Dormitorios matrimonio;6328672-50812;01034001010251;"CABECERO 150 MIKONOS SERIE A,#ACABADO EN TELA LIA MENTA";SERIE A;0;1;1;0;2;No;210;151;"414,53";;159;339;"0,559235760982317";"-0,149119496855346";27/08/2024;02/09/2024;S;S;N;S;LIQUIDACION;;"1,59";210;151;"414,53"
ALMACEN REPARACIONES;"LD CAMAS DE DISEÑO, S L U";PADUA;00001 - Muebles;00050 - Dormitorios Matrimonio;00001 - Dormitorio;00002 - Cabezales; -;Dormitorios matrimonio;;01034001010319;"CABECERO 135 CM PADUA SERIE C,#ACABADO EN TELA MADONE AGUA MARINA";SERIE c;0;1;1;0;2;No;140;"115,2";"272,35";;;;"0,488187993390857";"0,488187993390857";15/05/2024;19/04/2024;S;N;S;S;VENDER;;;140;"115,2";"272,35"
ALMACEN REPARACIONES;"LD CAMAS DE DISEÑO, S L U";PALERMO;00001 - Muebles;00050 - Dormitorios Matrimonio;00001 - Dormitorio;00002 - Cabezales; -;Dormitorios matrimonio;;01034001010431;"CAMA CON CANAPE PATAS 180CM  NAXOS SERIE C,#ACABADO EN TELA A ELEGIR";SERIE C;0;0;-2;0;-2;No;791;"618,34";"1543,72";;;;"0,515332184593061";"0,515332184593061";24/11/2025;26/11/2025;S;N;S;S;VENDER;;;0;0;0
ALMACEN REPARACIONES;LG ELECTRONICS ESPAÑA S.A.U.;LG;00002 - Electrodomesticos;00006 - Gran Electrodoméstico;00002 - Frio;00001 - Frigorificos; -;Gran Electrodoméstico;6354704;04370001010009;FRIGORIFICO LG 1 PUERTA 186 X 60 CLASE-E INOX ANTIHUELLA TOTAL NF  (10 A MOTOR INVERTER) (CONJUNTO CON CONGELADOR GTF41PZGSZ) GLT51PZGSZ;GLT51PZGSZ;0;0;-1;0;-1;No;"543,41";"538,02";"996,07";;839;"996,07";"0,346427259128375";"0,224071275327771";11/02/2026;11/02/2026;S;N;S;S;COLECCION;8806091035165;;0;0;0
ALMACEN REPARACIONES;LG ELECTRONICS ESPAÑA S.A.U.;LG;00002 - Electrodomesticos;00006 - Gran Electrodoméstico;00002 - Frio;00003 - Combinados; -;Gran Electrodoméstico;;04370001010079;FRIGORIFICO LG COMBI 203  X 60 CLASE-D INOX DISPLAY EXTERIOR INVERTER GBV3210DPY;GBV3210DPY;0;1;1;0;2;No;"475,5";"475,19";"885,28";"375,19";"477,99";"885,28";"0,350510685884692";"-0,202911985606393";23/07/2025;03/10/2025;S;N;S;N;OFERTA;8806087984705;;"475,5";"475,19";"885,28"
ALMACEN REPARACIONES;LG ELECTRONICS ESPAÑA S.A.U.;LG;00002 - Electrodomesticos;00006 - Gran Electrodoméstico;00002 - Frio;00003 - Combinados; -;Gran Electrodoméstico;;04370001010088;FRIGORIFICO COMBI 186X60 CM INOX 344 LITROS CLASE D  LG GBV3100DPY;GBV3100DPY;0;1;1;0;2;No;"419,67";"419,67";"781,84";;"719,1";"781,85";"0,350505602169242";"0,293838548185232";24/09/2025;20/01/2026;S;N;S;N;OFERTA;8806084135261;;"419,67";"419,67";"781,84"
ALMACEN REPARACIONES;LG ELECTRONICS ESPAÑA S.A.U.;LG;00002 - Electrodomesticos;00006 - Gran Electrodoméstico;00003 - Lavado;00001 - Lavadoras; -;Gran Electrodoméstico;6344887;04370001010003;"LAVASECADORA 9+6 KG. 1400 RPM. CLASE E,B LG F4DV5009S1W";F4DV5009S1W;0;0;-1;0;-1;No;"424,39";"416,7";782;;"530,45";782;"0,355234015345269";"0,049473088886794";09/10/2024;09/06/2025;S;N;N;N;ULTIMAS UNIDADES;8806091069696;;0;0;0
ALMACEN REPARACIONES;LG ELECTRONICS ESPAÑA S.A.U.;LG;00002 - Electrodomesticos;00006 - Gran Electrodoméstico;00003 - Lavado;00001 - Lavadoras; -;Gran Electrodoméstico;;04370001010046;LAVADORA LG 10 KG 1400 RPM CLASE-A FUNCION VAPOR TURBOWASH DIRECT DRIVE (10 A. MOTOR)  F4WR6010A1W;F4WR6010A1W;0;0;-1;0;-1;No;"335,64";"332,02";"618,55";;529;619;"0,350506507153827";"0,240559168241966";05/02/2026;12/02/2026;S;N;S;S;COLECCION;8806084392008;;0;0;0
ALMACEN REPARACIONES;LG ELECTRONICS ESPAÑA S.A.U.;LG;00002 - Electrodomesticos;00006 - Gran Electrodoméstico;00003 - Lavado;00001 - Lavadoras; -;Gran Electrodoméstico;;04370001010047;LAVADORA 13KG 1400RPM CLASE A-10%  LG F4WR6013AGW;F4WR6013AGW;0;0;-3;0;-3;No;"428,12";"400,2";"750,83";;629;"750,83";"0,355057736105377";"0,230139904610493";08/01/2026;12/02/2026;S;N;S;S;COLECCION;8806084361530;;0;0;0
ALMACEN REPARACIONES;LG ELECTRONICS ESPAÑA S.A.U.;LG;00002 - Electrodomesticos;00006 - Gran Electrodoméstico;00003 - Lavado;00001 - Lavadoras; -;Gran Electrodoméstico;;04370001010049;LAVADORA LG 9 KG 1400 RPM CLASE-A FUNCION VAPOR DIRECT DRIVE (10 A. MOTOR)  F4WR5009A6W;F4WR5009A6W;0;0;-2;0;-2;No;"320,12";"319,93";"595,42";;499;"595,42";"0,349844983373081";"0,224217835671343";04/02/2026;09/02/2026;S;N;N;N;LIQUIDACION;8806084135209;;0;0;0
ALMACEN REPARACIONES;LG ELECTRONICS ESPAÑA S.A.U.;LG;00002 - Electrodomesticos;00006 - Gran Electrodoméstico;00003 - Lavado;00001 - Lavadoras; -;Gran Electrodoméstico;;04370001010055;LAVADORA LG 10 KG 1400 RPM CLASE-A FUNCION VAPOR INOX TURBOWASH 360º DIRECT DRIVE (10 A. MOTOR)  F4WR7010AGS;F4WR7010AGS;0;0;-1;0;-1;No;"398,12";"397,98";"737,06";;639;"737,06";"0,346653189699617";"0,246391549295775";03/02/2026;04/02/2026;S;N;S;S;COLECCION;8806084222947;0;0;0;0
ALMACEN REPARACIONES;LG ELECTRONICS ESPAÑA S.A.U.;LG;00002 - Electrodomesticos;00011 - Electrónica de consumo;00001 - Televisión;00001 - Televisores;"00003 - Televisor entre 37"" y 39""";Electrónica de consumo;;04366001010155;"PANTALLA QNED  55"" LG 55QNED80T6A";55QNED80T6A;0;1;1;0;2;No;"384,05";"389,6";689;;"477,29";689;"0,315796806966618";"0,012306983175847";10/10/2025;21/10/2025;S;N;N;N;LIQUIDACION;8806091951274;;"384,05";"389,6";689
ALMACEN REPARACIONES;LG ELECTRONICS ESPAÑA S.A.U.;LG;00002 - Electrodomesticos;00011 - Electrónica de consumo;00001 - Televisión;00001 - Televisores;"00004 - Televisor entre 40"" y 49""";Electrónica de consumo;;04366001010152;PANTALLA QNED 65  65QNED86T6A.AEU   LG;65QNED86T6A;0;0;-1;0;-1;No;"579,43";"541,48";979;;"661,8";979;"0,330755056179775";"0,009986702931399";15/05/2025;21/07/2025;S;N;N;N;LIQUIDACION;8806096003824;;0;0;0
ALMACEN REPARACIONES;LG ELECTRONICS ESPAÑA S.A.U.;LG;00002 - Electrodomesticos;00011 - Electrónica de consumo;00001 - Televisión;00001 - Televisores;"00004 - Televisor entre 40"" y 49""";Electrónica de consumo;;04366001010191;"TELEVISOR LG 48"" (121CM) OLED EVO 4K, 144HZ OLED48C46LA";OLED48C46LA;0;0;-2;0;-2;No;"545,68";"663,88";"899,01";"545,87";949;899;"0,106467336292144";"0,153535511064278";28/05/2025;07/02/2026;S;N;N;N;OFERTA;8806091908223;;0;0;0
ALMACEN REPARACIONES;LG ELECTRONICS ESPAÑA S.A.U.;LG;00002 - Electrodomesticos;00015 - Climatización;00001 - Climatización;00001 - Acondicionadores; -;Climatización;6339278;04367001010002;SPLIT INVERTER A++ 2250 FR. R-32  CONFORT WIFI LG 32CONFWF09.SET;32CONFWF09.SET;0;1;1;0;2;No;"335,24";"361,2";"704,34";;"460,17";"704,34";"0,379487179487179";"0,050237955538171";;05/07/2023;S;N;N;N;LIQUIDACION;8435002984225;0;"335,24";"361,2";"704,34"
ALMACEN REPARACIONES;LG ELECTRONICS ESPAÑA S.A.U.;LG;00002 - Electrodomesticos;00015 - Climatización;00001 - Climatización;00001 - Acondicionadores; -;Climatización;6352803;04367001010004;SPLIT INVERTER A++ 3300 FR. DUAL CONFORT R-32 LG 32CONFWF12W.SET;32CONFWF12W.SET;0;1;1;0;2;No;"327,06";"327,06";"637,77";;"416,67";"637,77";"0,379490098311303";"0,050225358197134";;;S;S;N;N;ULTIMAS UNIDADES;8435002986373;;"327,06";"327,06";"637,77"
ALMACEN REPARACIONES;LG ELECTRONICS ESPAÑA S.A.U.;LG;00002 - Electrodomesticos;00015 - Climatización;00001 - Climatización;00001 - Acondicionadores; -;Climatización;;04367001010018;AIRE ACONDICIONADO SPLIT INVERTER 2250 FR.A++/A+++ LG W 09TE;W09TE;0;0;-2;0;-2;No;"323,4";"323,4";"630,63";;"460,52";"630,63";"0,379487179487179";"0,150277946668983";30/04/2024;02/07/2025;S;N;S;N;OFERTA;8806091866561;0;0;0;0
ALMACEN REPARACIONES;LG ELECTRONICS ESPAÑA S.A.U.;LG;00002 - Electrodomesticos;00015 - Climatización;00001 - Climatización;00001 - Acondicionadores; -;Climatización;;04367001010019;AIRE ACONDICIONADO SPLIT INVERTER 3000 FR.A++/A+++ LG W12TE;W12TE;0;0;-2;0;-2;No;"348,88";"348,88";"680,31";;"496,81";"680,31";"0,379481706868927";"0,15028924538556";15/02/2024;24/01/2025;S;N;S;N;OFERTA;8806091866677;0;0;0;0
ALMACEN REPARACIONES;LG ELECTRONICS ESPAÑA S.A.U.;LG;00002 - Electrodomesticos;00015 - Climatización;00001 - Climatización;00001 - Acondicionadores; -;Climatización;;04367001010021;"Split inverter 2,250fg A+++ wifi , control de presencia MAGNA09L.SET";MAGNA09L.SET;0;1;0;0;1;No;"606,82";"606,82";"1183,3";"396,45";499;1183;"0,379487703878983";"-0,471447294589178";27/06/2024;30/12/2025;S;N;N;N;ULTIMAS UNIDADES;8806096096581;10;"606,82";"606,82";"1183,3"
ALMACEN REPARACIONES;LG ELECTRONICS ESPAÑA S.A.U.;OUTLET;00002 - Electrodomesticos;00006 - Gran Electrodoméstico;00003 - Lavado;00001 - Lavadoras; -;Gran Electrodoméstico;;04370001010093;LAVADORA 13KG 1400RPM CLASE A-10%  LG F4WR6013AGW ***OUTLET***;;0;0;-1;0;-1;No;"353,3";"353,3";610;;;;"0,299191803278689";"0,299191803278689";;17/07/2025;S;N;N;N;ULTIMAS UNIDADES;;;0;0;0
ALMACEN REPARACIONES;"LONGWAY MOBILIARIO, S.L.";ELEGANT;00001 - Muebles;00052 - Salón;00001 - Convencional;00002 - Mesas de comedor; -;Salón;;04727000000128;"MESA EXTENSIBLE ELEGANT (120X75) CHAPA NATURAL TAPA RECTANGULAR C/BATERIA,#ACABADO EN TAPA ROBLE NUDO C/101 BARNIZADO - PATA ANTRACITA 7";ELEGANTMRR;0;0;-1;0;-1;No;"723,23";"723,23";"1415,48";;;;"0,381758626049114";"0,381758626049114";22/01/2026;22/01/2026;S;N;S;S;VENDER;;;0;0;0
ALMACEN REPARACIONES;"LONGWAY MOBILIARIO, S.L.";LONG WAY;00001 - Muebles;00052 - Salón;00002 - Salón comedor;00101 - Mesas de centro; -;Salón;;04727000000117;"MESA CENTRO LONG WAY (120X75) EXTENSIBLE MELAMINA TAPA OVALADA,#VARIABLES ROBLE NATURAL";LONG WAY;0;0;-1;0;-1;No;"627,65";"627,65";"1228,41";;;;"0,381756498237559";"0,381756498237559";23/12/2025;29/12/2025;S;N;S;S;VENDER;;;0;0;0
ALMACEN REPARACIONES;"LONGWAY MOBILIARIO, S.L.";NINGUNA;00001 - Muebles;00052 - Salón;00002 - Salón comedor;00101 - Mesas de centro; -;Salón;;04727000000014;"MESA CENTRO LONG WAY (120X75) EXTENSIBLE MELAMINA,#ACABADO EN PARA COLOR 8 NEGRO, MELAMINA BOREAL";LONG WAY;0;0;-1;0;-1;No;"627,65";"567,44";"1228,41";;;;"0,441064139823023";"0,441064139823023";24/04/2025;26/04/2025;S;N;S;S;VENDER;;;0;0;0
ALMACEN REPARACIONES;"LONGWAY MOBILIARIO, S.L.";NINGUNA;00001 - Muebles;00052 - Salón;00002 - Salón comedor;00101 - Mesas de centro; -;Salón;;04727000000058;MESA CENTRO LONG WAY (120X75) EXTENSIBLE MELAMINA;LONG WAY;0;0;-1;0;-1;No;"627,65";"596,27";"1228,41";;;;"0,412666210792813";"0,412666210792813";18/11/2025;10/12/2025;S;N;S;S;VENDER;;;0;0;0
ALMACEN REPARACIONES;"LONGWAY MOBILIARIO, S.L.";NINGUNA;00001 - Muebles;00052 - Salón;00002 - Salón comedor;00101 - Mesas de centro; -;Salón;;04727000000085;"MESA CENTRO LONG WAY (120X75) EXTENSIBLE MELAMINA,#ACABADO EN GALES PATA ANTRACITA";LONG WAY;0;0;-1;0;-1;No;"627,65";"627,65";"1228,41";;;;"0,381756498237559";"0,381756498237559";15/01/2026;20/01/2026;S;N;S;S;VENDER;;;0;0;0
ALMACEN REPARACIONES;"LONGWAY MOBILIARIO, S.L.";NINGUNA;00001 - Muebles;00052 - Salón;00002 - Salón comedor;00101 - Mesas de centro; -;Salón;;04727000000098;"MESA CENTRO LONG WAY (120X75) EXTENSIBLE MELAMINA,#ACABADO EN ROBLE NATURAL/ARENA";LONG WAY;0;0;-1;0;-1;No;"627,65";"596,27";"1228,41";;;;"0,412666210792813";"0,412666210792813";20/11/2025;22/11/2025;S;N;S;S;VENDER;;;0;0;0
ALMACEN REPARACIONES;LOZANO IMPORT S.L.;NINGUNA;00001 - Muebles;00053 - Decoración;00002 - Decoracion;00003 - Espejos; -;Decoración;;01001001011812;"ESPEJO REDONDO PLATA AROS METAL 80D CMS.   11-165";11-165;0;0;-1;0;-1;No;33;"29,7";"64,4";;;;"0,441972049689441";"0,441972049689441";05/11/2025;05/11/2025;S;N;S;N;DROPSHIPPING 2;8435650624382;;0;0;0
ALMACEN REPARACIONES;LOZANO IMPORT S.L.;NINGUNA;00001 - Muebles;00056 - Auxiliares;00001 - Mueble Auxiliar;00006 - Mesas; -;Mueble Auxiliar;6319795;01001001010610;MESA CENTRO  33-92;33-92;0;1;0;0;1;No;"112,5";"110,1";219;;;;"0,391684931506849";"0,391684931506849";21/11/2025;26/11/2025;S;N;S;S;VENDER;2000063197950;;"112,5";"110,1";219
ALMACEN REPARACIONES;"LUIZ DOS SANTOS PEREIRA, LDA";KIBUC;00001 - Muebles;00050 - Dormitorios Matrimonio;00001 - Dormitorio; -; -;Dormitorios;;03896004000200;CABEZAL OSAKA ML CHAPA/LACA MATE;AOO100LM;0;0;"-1,5";0;"-1,5";No;"201,5";"187,24";463;"184,39";;;"0,5106686825054";"0,5106686825054";29/12/2025;05/01/2026;S;N;S;S;VENDER;;;0;0;0
ALMACEN REPARACIONES;"LUIZ DOS SANTOS PEREIRA, LDA";KIBUC;00001 - Muebles;00050 - Dormitorios Matrimonio;00001 - Dormitorio; -; -;Dormitorios;;03896004001781;"ARMARIO PTA BATIENTE GIFU 150X240X57,6 CHAPA/LACA MATE";A22212;0;0;-1;0;-1;No;"863,16";"778,02";1985;"789,87";;;"0,525740957178841";"0,525740957178841";24/11/2025;04/12/2025;S;N;S;S;VENDER;;;0;0;0
ALMACEN REPARACIONES;"LUIZ DOS SANTOS PEREIRA, LDA";KIBUC;00001 - Muebles;00052 - Salón;00002 - Salón comedor; -; -;Auxiliar;;03896035000117;SOBRE CANTO RÚSTIC 160X100X6  CHAPA/ LACA MATE;TMSKT160100CL;0;1;0;0;1;No;"454,67";"402,37";1046;"416,06";;;"0,534543307839388";"0,534543307839388";02/10/2024;29/10/2024;S;N;S;S;VENDER;;;"454,67";"402,37";1046
ALMACEN REPARACIONES;"LUIZ DOS SANTOS PEREIRA, LDA";KIBUC;00001 - Muebles;00052 - Salón;00002 - Salón comedor; -; -;Auxiliar;;03896035000118;SOBRE CANTO RÚSTIC 180X100X6  CHAPA/ LACA MATE;TMSKT180100CL;0;0;-1;0;-1;No;"476,61";"420,74";1096;"436,14";;;"0,535496897810219";"0,535496897810219";07/02/2025;16/09/2025;S;N;S;S;VENDER;;;0;0;0
ALMACEN REPARACIONES;"LUIZ DOS SANTOS PEREIRA, LDA";KIBUC;00001 - Muebles;00052 - Salón;00002 - Salón comedor; -; -;Salón;;03896001000171;"AIKO CAJON FRENTE MOLDURA 100X32,5X17,5CM CHAPA/LACA MATE";A100CJR35CL;0;0;-1;0;-1;No;"92,09";"83,01";212;"84,27";;;"0,526216509433962";"0,526216509433962";22/01/2026;21/11/2025;S;N;S;S;VENDER;;;0;0;0
ALMACEN REPARACIONES;"LUIZ DOS SANTOS PEREIRA, LDA";KIBUC;00001 - Muebles;00052 - Salón;00002 - Salón comedor; -; -;Salón;;03896001000268;"AIKO PUERTA VITRINA ABATIBLE ALUMINIO 70X35X2,0CM CHAPA/LACA MATE";A070PACAA2CL;0;0;-1;0;-1;No;"118,56";"107,96";273;"108,49";;;"0,521495970695971";"0,521495970695971";24/11/2025;04/12/2025;S;N;S;S;VENDER;;;0;0;0
ALMACEN REPARACIONES;"LUIZ DOS SANTOS PEREIRA, LDA";KIBUC;00001 - Muebles;00052 - Salón;00002 - Salón comedor; -; -;Salón;;03896001000425;"AIKO PUERTA MOLDURA BATIENTE 50X70X2,5CM CHAPA/LACA MATE";A050PRBA4CL;0;0;-2;0;-2;No;"74,7";"69,41";172;"68,36";;;"0,511708720930233";"0,511708720930233";29/12/2025;10/01/2026;S;N;S;S;VENDER;;;0;0;0
ALMACEN REPARACIONES;"LUIZ DOS SANTOS PEREIRA, LDA";KIBUC;00001 - Muebles;00052 - Salón;00002 - Salón comedor; -; -;Salón;;03896001000648;AIKO COLUMNA P/TAPA CON RESPALDO 1870X353X60 CHAPA/LACA MATE;3506M10CL;0;0;-1;0;-1;No;"104,45";"97,06";240;"95,58";;;"0,510655833333333";"0,510655833333333";16/07/2025;08/03/2025;S;N;S;S;VENDER;;;0;0;0
ALMACEN REPARACIONES;"LUIZ DOS SANTOS PEREIRA, LDA";KIBUC;00001 - Muebles;00052 - Salón;00002 - Salón comedor; -; -;Salón;;03896001000695;AIKO TAPA ML GROSOR 2 CHAPA/LACA MATE;A1MLTPA2F35CL;0;0;"-1,4";0;"-1,4";No;"28,08";"26,09";65;"25,7";;;"0,514324615384615";"0,514324615384615";16/07/2025;08/03/2025;S;N;S;S;VENDER;;;0;0;0
ALMACEN REPARACIONES;"LUIZ DOS SANTOS PEREIRA, LDA";KIBUC;00001 - Muebles;00052 - Salón;00002 - Salón comedor; -; -;Salón;;03896001000699;AIKO TAPA ML GROSOR 3 CHAPA/LACA MATE;A1MLTPA3F45CL;0;"2,02";"2,02";0;"4,04";No;"48,87";"45,41";112;"44,72";;;"0,509409821428571";"0,509409821428571";29/12/2025;19/01/2026;S;N;S;S;VENDER;;;"98,7174";"91,7282";"226,24"
ALMACEN REPARACIONES;"LUIZ DOS SANTOS PEREIRA, LDA";KIBUC;00001 - Muebles;00056 - Auxiliares; -; -; -;Auxiliar;;03896015000036;MESA COMEDOR GINZA 4 AGUAS CUADRADA 140X140X77 (1 EXT 60) GRUESO 6CM  CHAPA/ LACA MATE;AM4G-140/140CL;0;0;-1;0;-1;No;"839,57";"780,17";1931;"768,29";;;"0,511131175556706";"0,511131175556706";25/09/2025;03/10/2025;S;N;S;S;VENDER;;;0;0;0
ALMACEN REPARACIONES;"LUIZ DOS SANTOS PEREIRA, LDA";KIBUC;00001 - Muebles;00056 - Auxiliares;00001 - Mueble Auxiliar;00006 - Mesas;00001 - Mesas de centro;Auxiliar;;03896018000020;"MESA DE CENTRO TRANSFER ELEVABLE 120X70X37CM,#TAPIZADO EN ROBLE VIEJO NATURAL";T2812070;0;0;-1;0;-1;No;"289,62";"273,23";"665,86";;;;"0,503486768990478";"0,503486768990478";07/10/2025;21/10/2025;S;N;S;S;VENDER;;;0;0;0
ALMACEN REPARACIONES;"LUIZ DOS SANTOS PEREIRA, LDA";NINGUNA;0 - SIN FAMILIA; -; -; -; -;;;03896000000002;"ACCESORIO ""C"" INVENTARIABLE";"""c""";0;5;5;0;10;No;0;"24,81";0;;;;;;26/01/2026;04/12/2025;S;N;S;S;VENDER;;;0;"124,05";0
ALMACEN REPARACIONES;"LUMAMAR GRANADA, S.L.";BEST SELLER;00001 - Muebles;00052 - Salón;00001 - Convencional;00002 - Mesas de comedor; -;Salón;6330249;00669002010027;MESA EXTENSIBLE TAPA CRISTAL BEST SELLER DIVINITY;DIVINITY;0;1;1;0;2;No;"557,6";"434,6";1089;;;;"0,517111111111111";"0,517111111111111";;;S;S;S;S;VENDER;;;"557,6";"434,6";1089
ALMACEN REPARACIONES;"LUMAMAR GRANADA, S.L.";NINGUNA;00001 - Muebles;00057 - Asientos;00002 - Sofás;00099 - Acc Asientos; -;Asientos;;00669001010097;ACCESORIO MOBILIARIO  C INVENTARIABLE;669INV;0;1;1;0;2;No;0;0;0;;;;;;09/01/2026;;S;N;S;S;VENDER;;;0;0;0
ALMACEN REPARACIONES;"LUMAMAR GRANADA, S.L.";ROBERTA;00001 - Muebles;00057 - Asientos;00002 - Sofás;00015 - Sillas despacho; -;Asientos;6339668-235;00669001010067;"SILLON DE OFICINA SIN BRAZOS ROBERTA,#ACABADO EN VERDE";;0;1;1;0;2;No;"40,32";32;"81,9";;"38,9";119;"0,527228327228327";"0,004627249357326";;08/06/2024;S;N;N;N;LIQUIDACION;;2;"40,32";32;"81,9"
ALMACEN REPARACIONES;"LUMAMAR GRANADA, S.L.";SALOMON;00001 - Muebles;00057 - Asientos;00002 - Sofás;00015 - Sillas despacho; -;Asientos;6339665-155;00669001010063;"SILLON DE OFICINA CON BRAZOS SALOMON,#ACABADO EN NARANJA";;0;1;1;0;2;No;63;"55,79";129;;"75,9";139;"0,476698449612403";"0,110594202898551";;18/10/2024;S;S;N;N;LIQUIDACION;;2;63;"55,79";129
ALMACEN REPARACIONES;M.R.FABRICACION S.A.U.;KRONOS;00001 - Muebles;00050 - Dormitorios Matrimonio;00001 - Dormitorio;00002 - Cabezales; -;Dormitorios matrimonio;;00300001010797;"CABEZAL INDO 135 CM KRONOS DC3A,#ACABADO EN A ELEGIR";DC3A;0;0;-1;0;-1;No;"84,56";"81,65";"170,53";;;;"0,420650325455932";"0,420650325455932";11/10/2025;14/10/2025;S;N;S;S;VENDER;;;0;0;0
ALMACEN REPARACIONES;M.R.FABRICACION S.A.U.;KRONOS;00001 - Muebles;00050 - Dormitorios Matrimonio;00001 - Dormitorio;00002 - Cabezales; -;Dormitorios matrimonio;;00300001011197;"CABEZAL INDO 150 CM KRONOS DC3B,#ACABADO EN ROBLE NATURAL BLANCO";DC3B;0;1;1;0;2;No;"84,56";"81,65";"170,53";;;;"0,420650325455932";"0,420650325455932";06/10/2025;25/09/2025;S;N;S;S;VENDER;;;"84,56";"81,65";"170,53"
ALMACEN REPARACIONES;M.R.FABRICACION S.A.U.;KRONOS;00001 - Muebles;00050 - Dormitorios Matrimonio;00001 - Dormitorio;00003 - Armarios; -;Dormitorios matrimonio;;00300001010913;"ARMARIO 3 P.BATIENTES KRONOS DC-25 ANCHO 135 CM,#ACABADO EN ARTISAN";DC-25;0;0;-1;0;-1;No;"194,97";"188,24";"393,2";;;;"0,420726347914547";"0,420726347914547";06/10/2025;24/10/2025;S;S;S;S;VENDER;;;0;0;0
ALMACEN REPARACIONES;M.R.FABRICACION S.A.U.;KRONOS;00001 - Muebles;00050 - Dormitorios Matrimonio;00001 - Dormitorio;00003 - Armarios; -;Dormitorios matrimonio;;00300001011084;LUNA PARA PUERTAS BATIENTES KRONOS DC-39;DC-39;0;0;-2;0;-2;No;"32,89";"31,75";"66,33";;;;"0,420812603648425";"0,420812603648425";03/12/2025;20/01/2026;S;S;S;S;VENDER;;;0;0;0
ALMACEN REPARACIONES;M.R.FABRICACION S.A.U.;KRONOS;00001 - Muebles;00050 - Dormitorios Matrimonio;00001 - Dormitorio;00003 - Armarios; -;Dormitorios matrimonio;;00300001011249;"ARMARIO 2 P. BATIENTES 90X230X58 CM KRONOS DC- 24,#ACABADO EN ARTISAN";DC-24;0;0;-1;0;-1;No;"132,33";"127,76";"266,87";;;;"0,420730692846704";"0,420730692846704";29/10/2025;05/11/2025;S;S;S;S;VENDER;;;0;0;0
ALMACEN REPARACIONES;M.R.FABRICACION S.A.U.;KRONOS;00001 - Muebles;00050 - Dormitorios Matrimonio;00001 - Dormitorio;00003 - Armarios;00001 - Armario dormitorio puertas batientes;Dormitorios matrimonio;;00300001011297;"ARMARIO 5 PUERTAS 225X215X58 CM KRONOS DC-27,#ACABADO EN ACABADA ENTERA EN ARTISAN";DC-27;0;0;-1;0;-1;No;"303,02";"292,57";"611,1";;;;"0,420700867288496";"0,420700867288496";05/11/2025;12/11/2025;S;N;S;S;VENDER;;;0;0;0
ALMACEN REPARACIONES;M.R.FABRICACION S.A.U.;KRONOS;00001 - Muebles;00052 - Salón;00001 - Convencional;00002 - Mesas de comedor; -;Salón;6223073-617;00300001010434;"MESA RECTANGULAR EXT. 135X90X74,2 KRONOS M-300,#ACABADO EN ROBLE NATURAL";M-300;0;0;-1;0;-1;No;"124,5";"113,57";"251,08";;159;259;"0,452685598215708";"0,135725157232704";;26/05/2025;S;N;N;N;LIQUIDACION;;2;0;0;0
ALMACEN REPARACIONES;M.R.FABRICACION S.A.U.;KRONOS 4;00001 - Muebles;00050 - Dormitorios Matrimonio;00001 - Dormitorio;00005 - Mesitas de noche; -;Dormitorios matrimonio;6396623;00300001011340;"MESITA DE NOCHE 50 CM KRONOS 4 DC-11,#ACABADO EN COLOR ROBLE NATURAL Y TIRADORES ROBLE NATURAL";DC-11;0;0;-1;0;-1;No;"56,38";"54,43";"113,7";;;;"0,420753737906772";"0,420753737906772";26/12/2025;27/12/2025;S;N;S;S;VENDER;;;0;0;0
ALMACEN REPARACIONES;M.R.FABRICACION S.A.U.;KRONOS 4;00001 - Muebles;00050 - Dormitorios Matrimonio;00001 - Dormitorio;00005 - Mesitas de noche; -;Dormitorios matrimonio;;00300001010947;MESITA NOCHE 3 CAJ.50 KRONOS 4 DC-11 + DC33 #ACABADO EN ARTISAN- TIRADOR NEGRO;DC-11 + DC-33;0;3;-5;0;-2;No;"68,12";"64,89";"137,38";;119;129;"0,42846920949192";"0,340194117647059";19/01/2026;09/02/2026;S;N;S;S;VENDER;;;"204,36";"194,67";"412,14"
ALMACEN REPARACIONES;M.R.FABRICACION S.A.U.;KRONOS 4;00001 - Muebles;00050 - Dormitorios Matrimonio;00001 - Dormitorio;00005 - Mesitas de noche; -;Dormitorios matrimonio;;00300001011266;MESITA NOCHE 3 CAJ.50 KRONOS 4 DC-11 + DC33;DC-11 + DC-33;0;0;-1;0;-1;No;"68,12";"59,19";"137,38";;;;"0,478673023729801";"0,478673023729801";05/11/2025;18/11/2025;S;N;S;S;VENDER;;;0;0;0
ALMACEN REPARACIONES;M.R.FABRICACION S.A.U.;KRONOS 4;00001 - Muebles;00050 - Dormitorios Matrimonio;00001 - Dormitorio;00006 - Cómodas; -;Dormitorios matrimonio;;00300001010946;COMODA 4 CAJ.120 KRONOS 4 DC-16 + DC-33 #ACABADO EN ARTISAN- TIRADOR NEGRO;DC-16 + DC 33;0;0;-4;0;-4;No;"151,9";"145,45";"306,34";;259;287;"0,425492916367435";"0,320484555984556";19/01/2026;09/02/2026;S;N;S;S;VENDER;;;0;0;0
ALMACEN REPARACIONES;M.R.FABRICACION S.A.U.;KRONOS 4;00001 - Muebles;00050 - Dormitorios Matrimonio;00001 - Dormitorio;00099 - Acc. Dormitorios; -;Dormitorios matrimonio;;00300001010771;"JUEGO DE 4 PATAS DIAFANAS KRONOS 4 DC-33,#ACABADO EN NEGRO";DC-33;0;0;-1;0;-1;No;"11,74";"11,3";"23,68";;;;"0,422592905405405";"0,422592905405405";14/01/2026;22/11/2025;S;N;S;S;VENDER;;;0;0;0
ALMACEN REPARACIONES;M.R.FABRICACION S.A.U.;KRONOS 4;00001 - Muebles;00052 - Salón;00002 - Salón comedor;00002 - Elementos; -;Salón;6389017;00300001010331;JGO.5 PATAS. KRONOS 4 C-46;C-46;0;0;-1;0;-1;No;"14,09";"13,63";"28,42";;;;"0,41969387755102";"0,41969387755102";26/12/2025;09/01/2026;S;N;S;S;VENDER;;;0;0;0
ALMACEN REPARACIONES;M.R.FABRICACION S.A.U.;KRONOS 4;00001 - Muebles;00052 - Salón;00002 - Salón comedor;00003 - Modulos; -;Salón;6393925;00300001011313;"BAJO VITRINA 2 PUERTAS DCHA KRONOS 4 C-32D,#ACABADO EN ARTISAN";C-32D;0;0;-1;0;-1;No;"107,27";"103,57";"216,33";;;;"0,420701243470624";"0,420701243470624";03/12/2025;13/12/2025;S;N;S;S;VENDER;2000063939253;;0;0;0
ALMACEN REPARACIONES;M.R.FABRICACION S.A.U.;KRONOS 4;00001 - Muebles;00052 - Salón;00002 - Salón comedor;00004 - Comedores completos; -;Salón;6397104;00300001010552;COMPOSICION SALON 280 CM KRONOS 4 N 702 ROBLE;N 702-2;0;0;-1;0;-1;No;"333,56";"317,03";"672,69";;569;"628,99";"0,429742823588875";"0,325823725834798";22/12/2025;05/02/2026;S;N;S;S;COLECCION STOCK;;;0;0;0
ALMACEN REPARACIONES;M.R.FABRICACION S.A.U.;KRONOS 4;00001 - Muebles;00052 - Salón;00002 - Salón comedor;00101 - Mesas de centro; -;Salón;;00300001011290;"MESA DE CENTRO  100X50 CM ELEVABLE PATA CUADRADA M904 KRONOS 4,#ACABADO EN NUEZ";M904;0;0;1;0;1;No;"86,91";"75,53";"175,27";;159;"175,27";"0,478568494323044";"0,425211949685535";22/12/2025;;S;N;S;S;VENDER;;;0;0;0
ALMACEN REPARACIONES;M.R.FABRICACION S.A.U.;NEO.3;00001 - Muebles;00056 - Auxiliares;00001 - Mueble Auxiliar;00006 - Mesas; -;Mueble Auxiliar;6396578;00300001010902;"MESA CENTRO RECTANGULAR ELEVABLE 100 CM. X 50 CM. NEO.3 M604,#ACABADO EN ROBLE NATURAL TAPA POLAR";M604;0;0;-1;0;-1;No;"73,6";"63,95";"148,43";;;;"0,478680185946237";"0,478680185946237";27/03/2025;25/04/2025;S;N;S;S;VENDER;;;0;0;0
ALMACEN REPARACIONES;M.R.FABRICACION S.A.U.;NEO.4;00001 - Muebles;00052 - Salón;00002 - Salón comedor;00003 - Modulos; -;Salón;;00300001010849;BAJO 2 CAJONES 180*36*47 CM NEO.4 N56;N56;0;0;-1;0;-1;No;"131,54";"127,01";"265,28";;;;"0,420679659227986";"0,420679659227986";20/01/2026;28/01/2026;S;N;S;S;VENDER;;;0;0;0
ALMACEN REPARACIONES;M.R.FABRICACION S.A.U.;NEO.4;00001 - Muebles;00052 - Salón;00002 - Salón comedor;00003 - Modulos; -;Salón;;00300001010871;BAJO VITRINA 1 PUERTA CRISTAL IZQUIERDA 60*162*35 CM NEO.4 N74 I;N74 I;0;1;1;0;2;No;"98,66";"95,26";"198,97";;;;"0,420693571895261";"0,420693571895261";25/09/2025;08/09/2025;S;N;S;S;VENDER;;;"98,66";"95,26";"198,97"
ALMACEN REPARACIONES;M.R.FABRICACION S.A.U.;NEO.4;00001 - Muebles;00052 - Salón;00002 - Salón comedor;00003 - Modulos; -;Salón;;00300001010879;ALTO 1 PUERTA MADERA IZQUIERDA 30*160*35 CM NEO.4 N78 I;N78 I;0;0;-1;0;-1;No;"53,24";"51,41";"107,37";;;;"0,420637980814008";"0,420637980814008";23/07/2025;07/08/2025;S;N;S;S;VENDER;;;0;0;0
ALMACEN REPARACIONES;M.R.FABRICACION S.A.U.;NEO.4;00001 - Muebles;00052 - Salón;00002 - Salón comedor;00003 - Modulos; -;Salón;;00300001010890;ESTANTE COLGAR + PANEL 180*22*23 CM NEO.4 N85;N85;0;0;-1;0;-1;No;"25,06";"24,19";"50,53";;;;"0,420742133386107";"0,420742133386107";22/12/2025;26/01/2026;S;N;S;S;VENDER;;;0;0;0
ALMACEN REPARACIONES;M.R.FABRICACION S.A.U.;NEO.4;00001 - Muebles;00052 - Salón;00002 - Salón comedor;00004 - Comedores completos; -;Salón;;00300001010942;COMPOSICION SALON 270 CM NEO.4 N 346 POLAR-NUEZ;N 346;0;0;-1;0;-1;No;"388,37";"369,7";"783,22";;559;739;"0,428848854727918";"0,199754919499106";29/01/2026;10/02/2026;S;N;N;N;BAJA ROTACION;;;0;0;0
ALMACEN REPARACIONES;M.R.FABRICACION S.A.U.;NINGUNA;00001 - Muebles;00051 - Camas juveniles;00002 - Modular;00099 - Acc. Modulares; -;Dormitorios Juveniles;;00300001010502;ACCESORIO C INVENTARIABLE;C;0;7;0;0;7;No;0;"5,69";0;;;;;;20/01/2026;15/12/2025;S;N;S;S;VENDER;;;0;"39,83";0
ALMACEN REPARACIONES;M.R.FABRICACION S.A.U.;NINGUNA;00001 - Muebles;00056 - Auxiliares;00001 - Mueble Auxiliar;00006 - Mesas; -;Mueble Auxiliar;;00300001010573;"MESA RECTANGULAR FIJA 140X90 CM PATAS TRAPECIO METALICAS M802,#ACABADO EN ARTISAN";M802;0;1;1;0;2;No;"130,76";"126,25";"263,7";;;;"0,420695866514979";"0,420695866514979";25/04/2024;26/03/2024;S;N;S;S;VENDER;;;"130,76";"126,25";"263,7"
ALMACEN REPARACIONES;M.R.FABRICACION S.A.U.;NINGUNA;00001 - Muebles;00056 - Auxiliares;00001 - Mueble Auxiliar;00017 - Recibidores; -;Mueble Auxiliar;;00300001010735;COMPOSICION RECIBIDOR ARTISAN/EBANO DE 100CM Nº 202;COMPO202;0;0;-1;0;-1;No;"137,02";"132,3";"276,33";;;;"0,420681793507762";"0,420681793507762";12/02/2026;12/02/2026;S;N;S;S;VENDER;;;0;0;0
ALMACEN REPARACIONES;M.R.FABRICACION S.A.U.;NINGUNA;00001 - Muebles;00056 - Auxiliares;00001 - Mueble Auxiliar;00017 - Recibidores; -;Mueble Auxiliar;;00300001010736;COMPOSICION RECIBIDOR ARTISAN/BLANCO DE 120CM Nº 203;COMPO203;0;0;-1;0;-1;No;"140,16";"135,32";"282,66";;;;"0,420727375645652";"0,420727375645652";22/12/2025;16/01/2026;S;N;S;S;VENDER;;;0;0;0
ALMACEN REPARACIONES;MANUD S.L.;FLUXS;00001 - Muebles;00054 - Menaje;00002 - Servicio de Mesa;00099 - Acc. de Mesa; -;Menage;6339385;01392001010004;SET MENAJE  COPPER LINE  13  PIEZAS FLUXS 00063;63;0;2;0;0;2;No;"54,71";"54,71";119;;;;"0,443705042016807";"0,443705042016807";;28/10/2023;S;S;N;N;LIQUIDACION;8437013066181;;"109,42";"109,42";238
ALMACEN REPARACIONES;MANUD S.L.;SAN IGNACIO;00002 - Electrodomesticos;00007 - Pequeño Electrodoméstico;00001 - Cocina;00004 - Batidoras; -;Pequeño Electrodoméstico;6360594;01392001010017;BATIDORA VASO  1200W SAN IGNACIO 00183;183;0;3;0;0;3;No;"34,45";"34,45";"59,6";;"46,3";"59,6";"0,300595637583893";"0,099686825053996";03/06/2023;10/08/2024;S;N;N;N;LIQUIDACION;8437022254043;;"103,35";"103,35";"178,8"
ALMACEN REPARACIONES;MANUD S.L.;SAN IGNACIO;00002 - Electrodomesticos;00007 - Pequeño Electrodoméstico;00001 - Cocina;00005 - Cafeteras; -;Pequeño Electrodoméstico;6360598;01392001010019;CAFETERA EXPRESS SAN IGNACIO 00182;182;0;2;1;0;3;No;"39,9";"42,19";"68,95";;"56,7";"68,95";"0,259609862218999";"0,099649029982363";;10/02/2024;S;S;N;N;LIQUIDACION;8437022254036;"0,5";"79,8";"84,38";"137,9"
ALMACEN REPARACIONES;"MANUEL JACINTO DA MARTINHA & FILHOS, LDA";NINGUNA;00001 - Muebles;00053 - Decoración;00002 - Decoracion;00001 - Decoracion; -;Decoración;;04623001010000;PUFF PERA AZUL 85*110 IN;45501;0;1;0;0;1;No;24;24;"47,9";;;;"0,393736951983299";"0,393736951983299";04/09/2025;02/01/2026;S;N;S;S;VENDER;5603068455017;;24;24;"47,9"
ALMACEN REPARACIONES;"MANUEL JACINTO DA MARTINHA & FILHOS, LDA";NINGUNA;00001 - Muebles;00053 - Decoración;00002 - Decoracion;00001 - Decoracion; -;Decoración;;04623001010001;PUFF PERA TURQUESA 85*110 IN;42503;0;1;1;0;2;No;24;24;"47,9";;;;"0,393736951983299";"0,393736951983299";17/10/2025;29/01/2026;S;N;S;S;VENDER;5603068425034;;24;24;"47,9"
ALMACEN REPARACIONES;"MANUEL JACINTO DA MARTINHA & FILHOS, LDA";NINGUNA;00001 - Muebles;00053 - Decoración;00002 - Decoracion;00001 - Decoracion; -;Decoración;;04623001010002;PUFF PERA BEIGE 85*110 IN;48501;0;1;0;0;1;No;24;24;"47,9";;;;"0,393736951983299";"0,393736951983299";04/09/2025;03/01/2026;S;N;S;S;VENDER;5603068405029;;24;24;"47,9"
ALMACEN REPARACIONES;"MANUEL JACINTO DA MARTINHA & FILHOS, LDA";NINGUNA;00001 - Muebles;00053 - Decoración;00002 - Decoracion;00001 - Decoracion; -;Decoración;;04623001010007;PUFF PERA NEGRO 85*110 IN;42501;0;1;0;0;1;No;24;24;"47,9";;;;"0,393736951983299";"0,393736951983299";04/09/2025;05/02/2026;S;N;S;S;VENDER;5603068425010;;24;24;"47,9"
ALMACEN REPARACIONES;"MANUEL JACINTO DA MARTINHA & FILHOS, LDA";NINGUNA;00001 - Muebles;00057 - Asientos;00002 - Sofás;00006 - Puffs y reposapiés; -;Decoración;;04623001010010;PUFF PERA ROJO  85*110 IN;49501;0;0;-1;0;-1;No;24;24;"48,9";;;;"0,406134969325153";"0,406134969325153";03/04/2025;29/01/2026;S;N;S;S;VENDER;5603068495013;;0;0;0
ALMACEN REPARACIONES;MANUFACTURAS RUIZ S.A.;CARTAGO;00001 - Muebles;00058 - Terraza y Jardín;00001 - Terraza y Jardin; -; -;Terraza y Jardín;;01273001010101;SET CARTAGO-8 SOFA 3 PLAZAS PREMIUM;557-1672;0;0;-1;0;-1;No;"1873,92";"1873,92";"3239,26";;;;"0,300011978044368";"0,300011978044368";21/08/2025;21/08/2025;S;N;S;S;VENDER;;;0;0;0
ALMACEN REPARACIONES;MANUFACTURAS RUIZ S.A.;NINGUNA;00001 - Muebles;00058 - Terraza y Jardín;00001 - Terraza y Jardin;00099 - Acc. Terraza; -;Terraza y Jardín;;01273001010089;ACCESORIO  C INVENTARIABLE;12373INV;0;1;1;0;2;No;0;0;0;;;;;;09/10/2025;06/08/2025;S;N;S;S;VENDER;;;0;0;0
ALMACEN REPARACIONES;MANUFACTURAS RUIZ S.A.;SULAM-150/4;00001 - Muebles;00058 - Terraza y Jardín;00001 - Terraza y Jardin;00002 - Conjuntos; -;Terraza y Jardín;;01273001010034;SET COMEDOR ACERO ANTRACITA SULAM-150/4 SS155;SS155;0;2;2;0;4;No;"147,25";"147,25";259;;199;259;"0,31207528957529";"0,104660804020101";30/06/2025;20/12/2025;S;N;S;N;OFERTA STOCK;8435676708530;3;"294,5";"294,5";518
ALMACEN REPARACIONES;MANWAH MACAO COMERCIAL OFFSHORE LTD;DIXON;00001 - Muebles;00057 - Asientos;00002 - Sofás;00002 - Butacas; -;Asientos;6352303-52443;00869001010064;"SILLON RELAX GIRATORIO TELA DIXON UK50257M-L1-1SE,#ACABADO EN TELA MDS500 MDS413-27 MDS413-27";UK50257M-L1-1SE;0;2;2;0;4;No;"394,66";"381,06";1139;;499;1139;"0,595186479367867";"0,075986773547094";15/03/2024;29/09/2025;S;S;N;N;LIQUIDACION;;6;"789,32";"762,12";2278
ALMACEN REPARACIONES;MANWAH MACAO COMERCIAL OFFSHORE LTD;NINGUNA;00001 - Muebles;00057 - Asientos;00002 - Sofás;00099 - Acc Asientos; -;Asientos;;00869001010083;ACCESORIO MOBILIARIO  C INVENTARIABLE;0869INV;0;2;2;0;4;No;0;0;0;;;;;;04/02/2026;;S;N;S;S;VENDER;;;0;0;0
ALMACEN REPARACIONES;"MARCKERIC,S.L.";KIARA;00001 - Muebles;00051 - Camas juveniles;00001 - Convencional;00014 - Literas; -;Dormitorios Juveniles;6360861;00664001010051;LITERA 0.90 KIARA BLANCO/CERA BLANCO KIARA 13862;13862;0;0;-1;0;-1;No;252;"268,8";"508,21";;"446,35";"495,94";"0,360012593219338";"0,271316231656772";04/03/2024;14/03/2024;S;N;S;S;VENDER;8435178377227;;0;0;0
ALMACEN REPARACIONES;"MARCKERIC,S.L.";NINGUNA;00001 - Muebles;00052 - Salón;00001 - Convencional;00099 - Acc. Salón; -;Salón;;00664001010174;ACCESORIO  C INVENTARIABLE;664INV;0;2;2;0;4;No;0;0;0;;;;;;12/01/2026;;S;S;S;S;VENDER;;;0;0;0
ALMACEN REPARACIONES;"MARMOLES OGIJARES, S.L.";NINGUNA;00003 - Cocinas;00002 - Cocina;00002 - Mobiliario;00005 - Encimera; -;Cocinas;6316316;01294001010040;ENCIMERA NEOLITH MONT BLANC OGIJARES M.L 12MM;M.L 12MM;0;0;"-1,8";0;"-1,8";No;"325,05";"274,18";"524,4";;;;"0,367357360793288";"0,367357360793288";30/04/2024;30/04/2024;S;N;S;S;VENDER;;;0;0;0
ALMACEN REPARACIONES;"MARMOLES OGIJARES, S.L.";NINGUNA;00003 - Cocinas;00002 - Cocina;00002 - Mobiliario;00005 - Encimera; -;Cocinas;;01294001010218;ENCIMERA CUPASTONE CERATOP 12 MM M.L.;M.L;0;0;"-19,6";0;"-19,6";No;170;170;"274,26";;;;"0,249981769124189";"0,249981769124189";15/01/2026;15/01/2026;S;N;S;S;VENDER;;;0;0;0
ALMACEN REPARACIONES;"MARMOLES OGIJARES, S.L.";NINGUNA;00003 - Cocinas;00002 - Cocina;00002 - Mobiliario;00005 - Encimera; -;Cocinas;;01294001010239;ENCIMERA GRANITO IMPERIAL MIST  M.L;;0;0;-7;0;-7;No;175;175;"282,33";;;;"0,249991145113874";"0,249991145113874";29/09/2025;29/09/2025;S;N;S;S;VENDER;;;0;0;0
ALMACEN REPARACIONES;"MARSAN INDUSTRIAL, S.A.";NINGUNA;00002 - Electrodomesticos;00015 - Climatización;00001 - Climatización;00004 - Radiadores; -;Climatización;5756998;00083001010000;EMISOR TERMICO CRONO TERMO.DIGITAL SEMANAL HAVERLAND RC-4-E;RC4E;0;1;1;0;2;No;"122,74";"123,93";"164,46";;129;"164,46";"0,088195913900037";"-0,162444186046512";;;S;S;N;N;LIQUIDACION;2000057569985;;"122,74";"123,93";"164,46"
ALMACEN REPARACIONES;"MARSAN INDUSTRIAL, S.A.";NINGUNA;00002 - Electrodomesticos;00015 - Climatización;00001 - Climatización;00004 - Radiadores; -;Climatización;;00083001010041;RADIADOR SECA TOALLASR PROGRAMADOR LCD + Indicador de Consumo;TOD4;0;1;0;0;1;No;147;"135,46";"232,99";;141;"232,99";"0,296508004635392";"-0,162458156028369";31/01/2025;17/07/2025;S;S;N;N;ULTIMAS UNIDADES;8423055006209;;147;"135,46";"232,99"
ALMACEN REPARACIONES;MARTINEZ HUERTAS JUAN CARLOS;NINGUNA;00001 - Muebles;00057 - Asientos;00002 - Sofás;00099 - Acc Asientos; -;Asientos;;01300001010045;ACCESORIO MOBILIARIO  C INVENTARIABLE;1300INV;0;20;20;0;40;No;"0,3";"0,3";0;;;;;;07/11/2025;04/02/2026;S;N;S;S;VENDER;;;6;6;0
ALMACEN REPARACIONES;MARTINEZ HUERTAS JUAN CARLOS;Nº2;00001 - Muebles;00057 - Asientos;00002 - Sofás;00003 - Butacas; -;Asientos;6286483;01300001010103;"BUTACA N 2 SERIE D,#ACABADO EN TELA AQUACLEAN CAMILA 90";SERIE D;0;0;-1;0;-1;No;"218,5";"218,5";"448,99";;;;"0,411156150471057";"0,411156150471057";27/06/2025;31/03/2025;S;N;S;S;COLECCION;;;0;0;0
ALMACEN REPARACIONES;MEPSA LOJÝSTÝK DIÞ TÝC. ÝNÞ. SAN.;AURE 2;00001 - Muebles;00057 - Asientos;00002 - Sofás;00013 - Sofás cama; -;Asientos;6367124;01469001010000;SOFA CAMA CON ARCON TELA 298578 MARRON AURE 2;;0;2;2;0;4;No;"191,46";"191,46";559;;239;559;"0,585569588550984";"0,030683682008368";;03/12/2024;S;N;N;N;LIQUIDACION;8435676703283;5;"382,92";"382,92";1118
ALMACEN REPARACIONES;MEPSA LOJÝSTÝK DIÞ TÝC. ÝNÞ. SAN.;AURE 2;00001 - Muebles;00057 - Asientos;00002 - Sofás;00013 - Sofás cama; -;Asientos;6367125;01469001010001;SOFA CAMA CON ARCON TELA 298526 GRIS AURE 2;;0;3;3;0;6;No;"143,61";"143,6";309;;;;"0,43768284789644";"0,43768284789644";22/02/2024;11/12/2024;S;N;N;N;LIQUIDACION;8435676703276;5;"430,83";"430,8";927
ALMACEN REPARACIONES;MEPSA LOJÝSTÝK DIÞ TÝC. ÝNÞ. SAN.;NINGUNA;00001 - Muebles;00057 - Asientos;00002 - Sofás;00099 - Acc Asientos; -;Asientos;;01469001010002;ACCESORIO MOBILIARIO  C INVENTARIABLE;1469INV;0;1;1;0;2;No;0;0;0;;;;;;03/06/2025;27/06/2024;S;N;S;S;VENDER;;;0;0;0
ALMACEN REPARACIONES;MITSUBISHI ELECTRIC EUROPE BV;MITSUBISHI;00002 - Electrodomesticos;00015 - Climatización;00001 - Climatización;00001 - Acondicionadores; -;Climatización;6334120;00930001010008;SPLIT INVERTER 2200 FR. A+++ 19 DB WIFI MITSUBISHI MSZ-AP25VGK;MSZAP25VGK;0;1;0;0;1;No;"642,86";"502,25";"979,39";;"639,87";"979,39";"0,379488763413962";"0,050240673886883";;29/06/2023;S;N;N;N;LIQUIDACION;8851492258996;0;"642,86";"502,25";"979,39"
ALMACEN REPARACIONES;MITSUBISHI ELECTRIC EUROPE BV;MITSUBISHI;00002 - Electrodomesticos;00015 - Climatización;00001 - Climatización;00001 - Acondicionadores; -;Climatización;6368617;00930001010012;SPLIT INVERTER 2200 FR. A++ R-32 MITSUBISHI MSZ-DW25VF;MSZDW25VF;0;0;-2;0;-2;No;412;"411,65";"802,71";;"586,19";"802,71";"0,379481381819088";"0,150281478701445";08/05/2025;06/08/2025;S;N;S;N;OFERTA;8851492052969;0;0;0;0
ALMACEN REPARACIONES;MITSUBISHI ELECTRIC EUROPE BV;MITSUBISHI;00002 - Electrodomesticos;00015 - Climatización;00001 - Climatización;00001 - Acondicionadores; -;Climatización;6368618;00930001010013;SPLIT INVERTER 3000 FR. A++ R-32 MITSUBISHI MSZ-DW35VF;MSZDW35VF;0;0;-2;0;-2;No;452;"442,12";"862,14";;"629,58";"862,14";"0,379491497900573";"0,150282410495886";21/05/2025;12/08/2025;S;N;S;N;OFERTA;8851492053966;0;0;0;0
ALMACEN REPARACIONES;MITSUBISHI ELECTRIC EUROPE BV;MITSUBISHI;00002 - Electrodomesticos;00015 - Climatización;00001 - Climatización;00001 - Acondicionadores; -;Climatización;6368619;00930001010014;"ACONDICIONADOR MITSUBISHI 4300 F INVERTER A++/A+++ WIFI OPCIONAL, 28DB, FILTRO PURIFICADOR , CONEXIÓN FRIGORÍFICA 1/4 Y 3/8, MEDIDAS UNIDAD INTERIOR; 29X79,9X23,2CM (R32) MSZDW50VF";MSZDW50VF;0;0;-3;0;-3;No;785;"784,96";"1530,67";;"1306,96";"1530,67";"0,379486368714354";"0,273274162943013";12/05/2025;27/11/2025;S;N;S;S;COLECCION;8851492054963;0;0;0;0
ALMACEN REPARACIONES;MITSUBISHI ELECTRIC EUROPE BV;NINGUNA;00002 - Electrodomesticos;00015 - Climatización;00001 - Climatización;00001 - Acondicionadores; -;Climatización;6312227;00930001010005;SPLIT INVERTER 3000 FR. A+++ R-32 MITSUBISHI MSZ-AY35VGK;;0;1;0;0;1;No;"698,39";"581,44";"1133,81";;"740,75";"1133,81";"0,379488274049444";"0,050229632129598";;;S;N;N;N;LIQUIDACION;;;"698,39";"581,44";"1133,81"
ALMACEN REPARACIONES;MITSUBISHI ELECTRIC EUROPE BV;NINGUNA;00002 - Electrodomesticos;00015 - Climatización;00001 - Climatización;00001 - Acondicionadores; -;Climatización;6334121;00930001010009;SPLIT INVERTER 3000 FR. A+++ 19 DB WIFI MITSUBISHI MSZ-AP35VGK;MSZAP35VGK;0;1;0;0;1;No;"683,87";"543,8";"1060,41";;"692,8";"1060,41";"0,379487179487179";"0,050233833718245";;;S;S;N;N;LIQUIDACION;8851492259993;;"683,87";"543,8";"1060,41"
ALMACEN REPARACIONES;MITSUBISHI ELECTRIC EUROPE BV;NINGUNA;00002 - Electrodomesticos;00015 - Climatización;00001 - Climatización;00001 - Acondicionadores; -;Climatización;6394573;00930001010019;CONJUNTO SPLIT PARED 3010 FR.A+++ MITSUBISHI MSZ-AY35VGK;;0;0;-2;0;-2;No;620;"616,41";1202;;"785,31";1202;"0,379487437603993";"0,050239905260343";27/02/2024;11/06/2024;S;N;N;N;LIQUIDACION;;0;0;0;0
ALMACEN REPARACIONES;"MOPAL TAPIZADOS, S.L.";ALMA;00001 - Muebles;00057 - Asientos;00002 - Sofás;00002 - Butacas; -;Asientos;6307556-54414;01118001010284;"SILLON RELAX ELEVADOR 2 MOTORES ALMA SERIE PREMIUM 7001,#ACABADO EN TELA CLOUD C84 CENIZA";SERIE PREMIUM 7001;0;1;0;0;1;No;"435,5";"405,09";"878,37";;799;"878,37";"0,441967621845008";"0,386534543178974";23/12/2025;07/02/2026;S;N;S;S;COLECCION STOCK;8435676704280;;"435,5";"405,09";"878,37"
ALMACEN REPARACIONES;"MOPAL TAPIZADOS, S.L.";CORAL;00001 - Muebles;00057 - Asientos;00002 - Sofás;00002 - Butacas; -;Asientos;6225529;01118001010497;"SILLON ELEVADOR 2/MOTORES INDEP. CORAL SERIE PREMIUM TELA DUNE/SENA/GARDEN,#ACABADO EN TELA SENA AZUL ELECTRICO";6901;0;0;-1;0;-1;No;"452,25";"439,3";"912,15";;;;"0,417252644850079";"0,417252644850079";16/01/2025;20/01/2025;S;N;S;S;COLECCION;;;0;0;0
ALMACEN REPARACIONES;"MOPAL TAPIZADOS, S.L.";CORAL;00001 - Muebles;00057 - Asientos;00002 - Sofás;00002 - Butacas; -;Asientos;6225529;01118001010795;"SILLON ELEVADOR 2/MOTORES INDEP. CORAL SERIE PREMIUM TELA DUNE/SENA/GARDEN,#ACABADO EN TELA EVERLAST C17 MOUSE";6901;0;0;-1;0;-1;No;"452,25";"423,83";"912,15";;799;"884,92";"0,437774159951762";"0,358154818523154";12/02/2026;09/02/2026;S;N;S;S;COLECCION STOCK;;;0;0;0
ALMACEN REPARACIONES;"MOPAL TAPIZADOS, S.L.";CORAL;00001 - Muebles;00057 - Asientos;00002 - Sofás;00002 - Butacas; -;Asientos;6225529-44246;01118001010267;"SILLON ELEVADOR 2/MOTORES INDEP. CORAL SERIE PREMIUM TELA DUNE/SENA/GARDEN,#ACABADO EN TELA SENA COLOR 01 CHOCO HILO BEIG";6901;0;2;2;0;4;No;"452,25";"431,32";"912,15";;;;"0,42783840377131";"0,42783840377131";31/07/2025;29/09/2025;S;N;S;S;COLECCION STOCK;;;"904,5";"862,64";"1824,3"
ALMACEN REPARACIONES;"MOPAL TAPIZADOS, S.L.";ITALO;00001 - Muebles;00057 - Asientos;00002 - Sofás;00013 - Sofás cama; -;Asientos;6393931-53580;01118001010291;"SOFA CAMA 140X190 ITALO TELA MALMO,#ACABADO EN TELA MALMO 90";AB20;0;2;1;0;3;No;"490,44";"454,32";"989,18";;869;"959,65";"0,444259689844113";"0,36740253164557";15/01/2026;10/02/2026;S;N;S;S;COLECCION STOCK;8435676710762;;"980,88";"908,64";"1978,36"
ALMACEN REPARACIONES;"MOPAL TAPIZADOS, S.L.";LAURA;00001 - Muebles;00057 - Asientos;00002 - Sofás;00002 - Butacas; -;Asientos;6267374;01118001010582;"SILLON R-500 RELAX ELEVADOR 1MOTOR PARED 0 CON USB LAURA SERIE PREMIUM 8405,#ACABADO EN TELA DELFINO C/17 JADE";SERIE PREMIUM 8405;0;0;-1;0;-1;No;"398,65";"376,27";"804,05";;;;"0,433758223991045";"0,433758223991045";13/06/2024;14/06/2024;S;N;S;S;VENDER;2000062673745;;0;0;0
ALMACEN REPARACIONES;"MOPAL TAPIZADOS, S.L.";LAURA;00001 - Muebles;00057 - Asientos;00002 - Sofás;00002 - Butacas; -;Asientos;6267430;01118001010564;"SILLON R-400 RELAX USB MOTORIZADO Y PARED 0 LAURA SERIE PREMIUM 8404,#ACABADO EN TELA PREMIUM NATURA COLOR C/03 SAND";SERIE PREMIUM 8404;0;0;-2;0;-2;No;"343,04";"321,36";"691,89";;;;"0,437995057017734";"0,437995057017734";09/05/2024;15/05/2024;S;N;S;S;COLECCION;8435676701005;;0;0;0
ALMACEN REPARACIONES;"MOPAL TAPIZADOS, S.L.";NEREA;00001 - Muebles;00057 - Asientos;00002 - Sofás;00013 - Sofás cama; -;Asientos;;01118001010945;"SOFA CAMA 105X195 NEREA SERIE D 9032,#ACABADO EN TELA OASIS 202";9032;0;0;-1;0;-1;No;"698,14";"643,44";"1407,94";;;;"0,447020185519269";"0,447020185519269";06/11/2025;13/12/2025;S;N;S;S;VENDER;;;0;0;0
ALMACEN REPARACIONES;"MOPAL TAPIZADOS, S.L.";NINGUNA;00001 - Muebles;00057 - Asientos;00002 - Sofás;00002 - Butacas; -;Asientos;6384243;01118001010485;BATERIA SOLO R-400;;0;0;-1;0;-1;No;"87,1";"68,64";"175,67";;;;"0,52721352536005";"0,52721352536005";20/06/2025;16/07/2025;S;N;S;S;VENDER;;;0;0;0
ALMACEN REPARACIONES;"MOPAL TAPIZADOS, S.L.";NINGUNA;00001 - Muebles;00057 - Asientos;00002 - Sofás;00099 - Acc Asientos; -;Asientos;6190132;01118001010320;ACCESORIO MOBILIARIO  C INVENTARIABLE;;0;3;1;0;4;No;0;"34,91";0;;;;;;22/01/2026;22/12/2025;S;N;S;S;VENDER;;;0;"104,73";0
ALMACEN REPARACIONES;"MOPAL TAPIZADOS, S.L.";NINGUNA;00001 - Muebles;00057 - Asientos;00002 - Sofás;00099 - Acc Asientos; -;Asientos;6190132;01118001010534;ACCESORIO MOBILIARIO  C INVENTARIABLE;;0;1;1;0;2;No;0;0;0;;;;;;22/01/2026;18/12/2025;S;N;N;N;LIQUIDACION;;;0;0;0
ALMACEN REPARACIONES;"MOPAL TAPIZADOS, S.L.";RIVER;00001 - Muebles;00057 - Asientos;00002 - Sofás;00002 - Butacas; -;Asientos;6236633-44245;01118001010257;"SILLON RELAX C/ELEVADOR 2 MOTORES C/RUEDAS RIVER TELA SENA/GARDEN SERIE PREMIUM,#ACABADO EN TELA SENA GRIS C/82";7401;0;0;-1;0;-1;No;"434,83";"403,22";"877,02";;;;"0,443688627397323";"0,443688627397323";12/09/2024;16/09/2025;S;N;N;N;BAJA ROTACION;;5;0;0;0
ALMACEN REPARACIONES;"MOPAL TAPIZADOS, S.L.";ROMA;00001 - Muebles;00057 - Asientos;00002 - Sofás;00002 - Butacas; -;Asientos;6286301;01118001010882;"SILLON RELAX C/ELEVADOR 2 MOTORES S/RUEDAS 8992 ROMA SERIE PRIMIUM,#ACABADO EN TELA BLUE PERLA";8992;0;1;1;0;2;No;"415,4";"374,4";"837,83";;;;"0,459288877218529";"0,459288877218529";16/10/2025;18/09/2025;S;N;S;S;VENDER;;;"415,4";"374,4";"837,83"
ALMACEN REPARACIONES;"MOPAL TAPIZADOS, S.L.";ROMA;00001 - Muebles;00057 - Asientos;00002 - Sofás;00002 - Butacas; -;Asientos;6286302-47566;01118001010280;"SILLON RELAX C/ELEVADOR 2 MOTORES S/RUEDAS 8992 ROMA SERIE PROMO,#ACABADO EN TELA CHAPI OCEANO";8992;0;0;-1;0;-1;No;402;"383,14";"810,8";;;;"0,428219782930439";"0,428219782930439";25/04/2024;29/05/2024;S;N;S;S;COLECCION;;;0;0;0
ALMACEN REPARACIONES;"MOPAL TAPIZADOS, S.L.";ROMA;00001 - Muebles;00057 - Asientos;00002 - Sofás;00002 - Butacas; -;Asientos;6286302-47637;01118001010281;"SILLON RELAX C/ELEVADOR 2 MOTORES S/RUEDAS 8992 ROMA SERIE PROMO,#ACABADO EN TELA CHAPI VISON";8992;0;0;-1;0;-1;No;402;"374,79";"810,8";;709;"786,6";"0,440680932412432";"0,360372496473907";05/02/2026;10/02/2026;S;N;S;S;COLECCION;;;0;0;0
ALMACEN REPARACIONES;"MOPAL TAPIZADOS, S.L.";ROMA;00001 - Muebles;00057 - Asientos;00002 - Sofás;00002 - Butacas; -;Asientos;6286302-47747;01118001010282;"SILLON RELAX C/ELEVADOR 2 MOTORES S/RUEDAS 8992 ROMA SERIE PROMO,#ACABADO EN TELA CHAPI AZUL";8992;0;0;-1;0;-1;No;402;"382,26";"810,8";;709;"786,6";"0,42953305377405";"0,347623977433004";03/04/2025;19/11/2025;S;N;S;S;COLECCION;;;0;0;0
ALMACEN REPARACIONES;"MOPAL TAPIZADOS, S.L.";SONIA;00001 - Muebles;00057 - Asientos;00002 - Sofás;00003 - Butacas; -;Asientos;6221826-43996;01118001010266;"SILLON FIJO SONIA SERIE PROMO 7201,#ACABADO EN TELA BIG FRESHNESS ROJO";SERIE PROMO 7201;0;0;-1;0;-1;No;"158,79";"150,68";"332,42";;;;"0,451528788881535";"0,451528788881535";29/01/2026;11/02/2026;S;N;S;S;COLECCION STOCK;;;0;0;0
ALMACEN REPARACIONES;"MOPAL TAPIZADOS, S.L.";TELMA;00001 - Muebles;00057 - Asientos;00002 - Sofás;00003 - Butacas; -;Asientos;6361142;01118001010516;"SILLON RELAX CON APERTURA Y CABEZAL MOTORIZADO TELMA 9910 SERIE PREMIUM,#ACABADO EN TELA SENA CHOCO";9910 SERIE PREMIUM;0;0;-1;0;-1;No;"393,29";"366,29";"793,24";;;;"0,441265064797539";"0,441265064797539";31/07/2025;31/07/2025;S;N;S;S;VENDER;;;0;0;0
ALMACEN REPARACIONES;MOYCOR VIC SL;NINGUNA;00001 - Muebles;00052 - Salón;00001 - Convencional;00099 - Acc. Salón; -;Salón;;01216001010146;ACCESORIO MOBILIARIO  C INVENTARIABLE;1216INV;0;-1;-1;0;-2;No;0;0;0;;;;;;19/12/2024;05/05/2025;S;N;S;S;VENDER;;;0;0;0
ALMACEN REPARACIONES;MOYCOR VIC SL;STAR;00001 - Muebles;00057 - Asientos;00002 - Sofás;00001 - Sillas; -;Asientos;6241397;01216001010048;SILLA KIPAS 50X50X94 STAR 39004;39004;0;2;2;0;4;No;"42,78";"75,05";"83,49";;"75,9";"83,49";"-0,08768115942029";"-0,196449275362319";;;S;S;N;N;LIQUIDACION;;;"85,56";"150,1";"166,98"
ALMACEN REPARACIONES;MUEBLES AZOR S.A.;BARI;00001 - Muebles;00057 - Asientos;00002 - Sofás;00002 - Butacas; -;Asientos;6348750;04353001010019;RELAX POWER LIFT  (1 MOTOR ) MOD. BARI T/ASH BARI CX1040AS;CX1040AS;0;1;1;0;2;No;"281,52";"281,52";819;;289;569;"0,584079120879121";"-0,178682352941176";;06/10/2023;S;N;N;N;LIQUIDACION;2000063487501;2;"281,52";"281,52";819
ALMACEN REPARACIONES;MUEBLES AZOR S.A.;BARI;00001 - Muebles;00057 - Asientos;00002 - Sofás;00002 - Butacas; -;Asientos;6348752;04353001010021;RELAX POWER LIFT  (1 MOTOR ) MOD. BARI. T/TORTORA BARI CX1040TO;CX1040TO;0;0;-1;0;-1;No;"281,52";"193,2";819;;199;569;"0,714564102564103";"-0,174733668341709";08/11/2023;27/11/2023;S;N;N;N;LIQUIDACION;2000063487525;2;0;0;0
ALMACEN REPARACIONES;MUEBLES AZOR S.A.;BOGAL;00001 - Muebles;00052 - Salón;00001 - Convencional;00002 - Mesas de comedor; -;Salón;;00362019011203;MESA ISEO NEGRO 140X90X75 SOBRE CANTO REDONDO ROBLE CNG111NR;CNG111NR;0;0;-1;0;-1;No;"127,68";"127,5";"254,31";;;;"0,393358499469152";"0,393358499469152";02/01/2026;17/01/2026;S;N;S;S;VENDER;;;0;0;0
ALMACEN REPARACIONES;MUEBLES AZOR S.A.;BOGAL;00001 - Muebles;00052 - Salón;00001 - Convencional;00002 - Mesas de comedor; -;Salón;;00362019011209;MESA ISEO NEGRO 160X90X75 SOBRE CANTO REDONDO ROBLE CNG112NR;CNG112NR;0;1;0;0;1;No;"134,98";"134,98";"264,53";;;;"0,38258118171852";"0,38258118171852";21/11/2025;27/11/2025;S;N;S;S;VENDER;;;"134,98";"134,98";"264,53"
ALMACEN REPARACIONES;MUEBLES AZOR S.A.;BOGAL;00001 - Muebles;00056 - Auxiliares;00001 - Mueble Auxiliar;00006 - Mesas; -;Mueble Auxiliar;6330682;00362019010088;MESA CENTRO METALICA NEGRO MOD. ATLANTICO 48 X 48 BOGAL CG1112NN;CG1112NN;0;1;1;0;2;No;"71,14";"69,65";"141,97";;;;"0,406378108050997";"0,406378108050997";17/03/2025;;S;N;S;S;VENDER;;;"71,14";"69,65";"141,97"
ALMACEN REPARACIONES;MUEBLES AZOR S.A.;BOGAL;00001 - Muebles;00056 - Auxiliares;00001 - Mueble Auxiliar;00006 - Mesas; -;Mueble Auxiliar;6352635;00362019010253;MESA COMED.EXT. CANTABRICO 1200 1600X1200X760 BOGAL CNG024NR;CNG024NR;0;0;-2;0;-2;No;"342,91";"334,15";"673,01";;;;"0,39923403812722";"0,39923403812722";02/02/2026;10/02/2026;S;N;S;S;COLECCION STOCK;;;0;0;0
ALMACEN REPARACIONES;MUEBLES AZOR S.A.;BOGAL;00001 - Muebles;00056 - Auxiliares;00001 - Mueble Auxiliar;00006 - Mesas; -;Mueble Auxiliar;6352636;00362019010254;MESA CENTRO PACIFICO RECTANG. 100X50X40 NEGRO-ROBL BOGAL CNG022NR;Pacífico CNG022N;0;1;1;0;2;No;"54,72";"52,18";"111,32";;;;"0,432826086956522";"0,432826086956522";17/10/2023;13/03/2024;S;N;S;S;VENDER;;1;"54,72";"52,18";"111,32"
ALMACEN REPARACIONES;MUEBLES AZOR S.A.;BOGAL;00001 - Muebles;00057 - Asientos;00002 - Sofás;00001 - Sillas; -;Asientos;6330652;00362019010059;J- 4 SILLAS  MOD. PARIS 42 X 47 X 88 BEIGE BOGAL CG1118BE;CG1118BE;0;1;1;0;2;No;234;"232,82";"480,06";;;;"0,413172936716244";"0,413172936716244";16/09/2025;11/12/2025;S;N;S;S;VENDER;;;234;"232,82";"480,06"
ALMACEN REPARACIONES;MUEBLES AZOR S.A.;BOGAL;00001 - Muebles;00057 - Asientos;00002 - Sofás;00001 - Sillas; -;Asientos;6330653;00362019010060;J- 4 SILLAS  MOD. PARIS 42 X 47 X 88 GRIS BOGAL CG1118GS;CG1118GS;0;0;-1;0;-1;No;"233,47";"230,99";"478,97";;;;"0,416460529887049";"0,416460529887049";17/11/2025;04/12/2025;S;N;S;S;VENDER;;;0;0;0
ALMACEN REPARACIONES;MUEBLES AZOR S.A.;BOGAL;00001 - Muebles;00057 - Asientos;00002 - Sofás;00001 - Sillas; -;Asientos;6330659;00362019010066;J- 4 SILLAS  MOD. SOFIA 39 X 44 X 85 MANGO BOGAL CG1124M;CG1124M;0;0;-1;0;-1;No;"116,74";"113,27";"244,1";;159;359;"0,438522326915199";"0,138008176100629";17/07/2023;23/10/2024;S;N;N;N;BAJA ROTACION;;"1,59";0;0;0
ALMACEN REPARACIONES;MUEBLES AZOR S.A.;BOGAL;00001 - Muebles;00057 - Asientos;00002 - Sofás;00001 - Sillas; -;Asientos;6352641;00362019010259;SILLA C/RUEDAS BUCAREST PATAS-CROM EST.NEGRA ASI. BOGAL CG1518NN;CG1518NN;0;0;-1;0;-1;No;"65,66";"61,15";"131,73";;;;"0,438309420784939";"0,438309420784939";05/09/2024;22/04/2025;S;S;S;S;VENDER;;;0;0;0
ALMACEN REPARACIONES;MUEBLES AZOR S.A.;BOGAL;00001 - Muebles;00057 - Asientos;00002 - Sofás;00001 - Sillas; -;Asientos;6352643;00362019010261;SILLA C/RUEDAS SOCHI ROSA PATAS CROMO BOGAL CG1512R;CG1512R;0;0;-1;0;-1;No;"49,25";"46,42";"101,11";;"62,9";99;"0,444484225101375";"0,107023847376789";30/04/2024;13/08/2025;S;S;N;N;LIQUIDACION;;2;0;0;0
ALMACEN REPARACIONES;MUEBLES AZOR S.A.;BOGAL;00001 - Muebles;00057 - Asientos;00002 - Sofás;00001 - Sillas; -;Asientos;6352652;00362019010268;JUEGO 2 SILLAS SICILIA PATAS NEGRAS TAP. MARENGO BOGAL CG1506GM;CG1506GM;0;0;-1;0;-1;No;"138,62";"135,72";"284,92";;199;279;"0,423623473255651";"0,17476783919598";30/07/2024;20/08/2024;S;N;N;N;BAJA ROTACION;;2;0;0;0
ALMACEN REPARACIONES;MUEBLES AZOR S.A.;BOGAL;00001 - Muebles;00057 - Asientos;00002 - Sofás;00001 - Sillas; -;Asientos;6354825;00362019010271;JUEGO 2 SILLAS MOD.PARIS 42X47X88 PLOMO BOGAL CG1118PL;CG1118PL;0;0;-1;0;-1;No;"134,98";"133,41";"274,74";;;;"0,412440489189779";"0,412440489189779";05/08/2025;09/08/2025;S;S;S;S;VENDER;;;0;0;0
ALMACEN REPARACIONES;MUEBLES AZOR S.A.;BOGAL;00001 - Muebles;00057 - Asientos;00002 - Sofás;00001 - Sillas; -;Asientos;6383240;00362019010301;SILLA DALLAS 10 GRIS BOGAL CG1544GR;CG1544GR;0;2;1;0;3;No;"38,3";"38,14";"77,5";;;;"0,404523870967742";"0,404523870967742";21/10/2025;22/10/2025;S;N;S;S;COLECCION STOCK;8435676705973;;"76,6";"76,28";155
ALMACEN REPARACIONES;MUEBLES AZOR S.A.;BOGAL;00001 - Muebles;00057 - Asientos;00002 - Sofás;00001 - Sillas; -;Asientos;6383242;00362019010303;SILLA DALLAS 68 MOSTAZA BOGAL CG1544MO;CG1544MO;0;2;2;0;4;No;"38,3";"37,99";"77,5";;;;"0,406865806451613";"0,406865806451613";26/12/2025;08/01/2026;S;N;N;N;LIQUIDACION;;;"76,6";"75,98";155
ALMACEN REPARACIONES;MUEBLES AZOR S.A.;BOGAL;00001 - Muebles;00057 - Asientos;00002 - Sofás;00001 - Sillas; -;Asientos;6383243;00362019010304;SILLA DALLAS 77 VERDE BOGAL CG1544VE;CG1544VE;0;2;0;0;2;No;"38,3";"37,25";"77,5";;;;"0,41841935483871";"0,41841935483871";21/10/2025;09/01/2026;S;N;N;N;LIQUIDACION;8435676705980;;"76,6";"74,5";155
ALMACEN REPARACIONES;MUEBLES AZOR S.A.;BOGAL;00001 - Muebles;00057 - Asientos;00002 - Sofás;00001 - Sillas; -;Asientos;6392653;00362019010316;SILLA VEGAS TRANSPARENTE BOGAL CG1580TR;CG1580TR;0;2;0;0;2;No;"34,66";"31,01";"70,38";;;;"0,466864165956238";"0,466864165956238";13/03/2025;01/12/2025;S;N;S;S;COLECCION STOCK;8435676708950;;"69,32";"62,02";"140,76"
ALMACEN REPARACIONES;MUEBLES AZOR S.A.;BOGAL;00001 - Muebles;00057 - Asientos;00002 - Sofás;00001 - Sillas; -;Asientos;;00362019011424;JUEGO 2 SILLAS ESTOCOLMO PATA METALICA CG2022CR;CG2022CR;0;0;-2;0;-2;No;"113,09";"113,09";"220,71";;;;"0,380005890082008";"0,380005890082008";15/07/2025;11/08/2025;S;S;S;S;VENDER;;;0;0;0
ALMACEN REPARACIONES;MUEBLES AZOR S.A.;CELIA;00001 - Muebles;00057 - Asientos;00002 - Sofás;00002 - Butacas; -;Asientos;6396986;04353001010096;SILLON RELAX MANUAL GRIS CELIA CG1618GR;CG1618GR;0;0;-1;0;-1;No;"164,31";"156,09";"339,01";;;;"0,442881035957641";"0,442881035957641";02/06/2023;20/08/2024;S;N;S;S;COLECCION;;;0;0;0
ALMACEN REPARACIONES;MUEBLES AZOR S.A.;FIONA;00001 - Muebles;00057 - Asientos;00002 - Sofás;00002 - Butacas; -;Asientos;;04353001010152;SILLON RELAX POWER LIFT ELECTRICO GRIS 14 FIONA CG1610GR;CG1610GR;0;0;-2;0;-2;No;"128,59";"128,59";259;;;;"0,399251351351351";"0,399251351351351";27/05/2025;03/10/2025;S;N;S;N;OFERTA;;;0;0;0
ALMACEN REPARACIONES;MUEBLES AZOR S.A.;GENOVA;00001 - Muebles;00057 - Asientos;00002 - Sofás;00004 - Sofás; -;Asientos;6348795;04353001010064;2 PLAZAS 2-R-2-A   ( CON PALANCA ) MOD. GENOVA T/ELEFANT GENOVA CX1010EL;CX1010EL;0;0;-1;0;-1;No;"226,1";"226,1";459;;;;"0,403962962962963";"0,403962962962963";16/01/2024;25/02/2025;S;N;N;N;LIQUIDACION;2000063487952;;0;0;0
ALMACEN REPARACIONES;MUEBLES AZOR S.A.;GENOVA;00001 - Muebles;00057 - Asientos;00002 - Sofás;00004 - Sofás; -;Asientos;6348811;04353001010080;3 PLAZAS  2-R 3-A   ( CON  MOTOR ) MOD. GENOVA T/ELEFANT GENOVA CNX001EL;CNX001EL;0;0;-1;0;-1;No;"384,37";"363,95";779;;;;"0,434686136071887";"0,434686136071887";11/06/2024;18/06/2024;S;N;N;N;LIQUIDACION;2000063488119;;0;0;0
ALMACEN REPARACIONES;MUEBLES AZOR S.A.;GHIO;00001 - Muebles;00050 - Dormitorios Matrimonio;00001 - Dormitorio;00001 - Camas; -;Dormitorios matrimonio;6393027;00362023010199;"CANAPE AIR CON BASE TAPIZADA 39X150,5X191,4 PARA S GHIO CNI348";CNI348;0;0;-1;0;-1;No;"243,04";"243,04";"480,18";;;;"0,387566329293182";"0,387566329293182";17/11/2025;20/11/2025;S;N;S;S;VENDER;;;0;0;0
ALMACEN REPARACIONES;MUEBLES AZOR S.A.;GHIO;00001 - Muebles;00050 - Dormitorios Matrimonio;00001 - Dormitorio;00002 - Cabezales; -;Dormitorios matrimonio;6401752;00362023010575;"CABEZAL TAPIZADO HILL 120,5X163,7 GHIO CNI486,#ACABADO EN NOGAL SAND TEXTIL";CNI486;0;0;-1;0;-1;No;"143,96";"140,95";"285,63";;259;"285,63";"0,402900605678675";"0,341507722007722";02/02/2026;07/02/2026;S;N;S;S;VENDER;;;0;0;0
ALMACEN REPARACIONES;MUEBLES AZOR S.A.;GHIO;00001 - Muebles;00050 - Dormitorios Matrimonio;00001 - Dormitorio;00003 - Armarios; -;Dormitorios matrimonio;6385944;00362023010001;"ARMARIO 199,2 GHIO AZCHS02";AZCHS02;0;0;-1;0;-1;No;"775,55";"708,34";"1514,22";;1369;"1514,22";"0,433971681789964";"0,373928853177502";05/08/2025;06/08/2025;S;S;S;S;VENDER;;;0;0;0
ALMACEN REPARACIONES;MUEBLES AZOR S.A.;GHIO;00001 - Muebles;00050 - Dormitorios Matrimonio;00001 - Dormitorio;00003 - Armarios; -;Dormitorios matrimonio;6392883;00362023010061;"ARMARIO 2 PUERTAS CORREDERAS DE 220,4 MODELO INSID GHIO CNI68";CNI68;0;0;-1;0;-1;No;"619,2";"619,2";"1217,3";;;;"0,384513267066459";"0,384513267066459";22/10/2025;23/10/2025;S;N;S;S;VENDER;;;0;0;0
ALMACEN REPARACIONES;MUEBLES AZOR S.A.;GHIO;00001 - Muebles;00050 - Dormitorios Matrimonio;00001 - Dormitorio;00003 - Armarios; -;Dormitorios matrimonio;6392906;00362023010084;"ARMAZON DE ARMARIO DE 100 (2 PUERTAS) 238,5X100X58 GHIO CNI510";CNI510;0;0;-1;0;-1;No;"136,22";"113,96";"265,15";;;;"0,479948708278333";"0,479948708278333";17/11/2025;28/01/2026;S;N;S;S;VENDER;;;0;0;0
ALMACEN REPARACIONES;MUEBLES AZOR S.A.;GHIO;00001 - Muebles;00050 - Dormitorios Matrimonio;00001 - Dormitorio;00003 - Armarios; -;Dormitorios matrimonio;6392931;00362023010108;"ARMAZON DE ARMARIO DE 248,4 (6 PUERTAS) 238,5X248, GHIO CNI566";CNI566;0;0;-1;0;-1;No;"323,53";"316,01";"633,73";;;;"0,396632477553532";"0,396632477553532";28/01/2025;01/02/2025;S;N;S;S;VENDER;;;0;0;0
ALMACEN REPARACIONES;MUEBLES AZOR S.A.;GHIO;00001 - Muebles;00050 - Dormitorios Matrimonio;00001 - Dormitorio;00003 - Armarios; -;Dormitorios matrimonio;6392940;00362023010116;"ARMAZON DE ARMARIO DE 50,4 (1 PUERTA) 238,5X50,4X5 GHIO CNI504";CNI504;0;0;-1;0;-1;No;"103,72";"103,72";"203,75";;;;"0,384043190184049";"0,384043190184049";17/06/2025;27/06/2025;S;N;S;S;VENDER;;;0;0;0
ALMACEN REPARACIONES;MUEBLES AZOR S.A.;GHIO;00001 - Muebles;00050 - Dormitorios Matrimonio;00001 - Dormitorio;00005 - Mesitas de noche; -;Dormitorios matrimonio;6393145;00362023010301;"MESITA 3 CAJONES JOTA 52,7X41X35 DE 41 GHIO CNI334";CNI334;0;0;-1;0;-1;No;"71,21";"71,21";"142,32";;;;"0,394574901630129";"0,394574901630129";22/07/2025;18/08/2025;S;N;S;S;VENDER;;;0;0;0
ALMACEN REPARACIONES;MUEBLES AZOR S.A.;GHIO;00001 - Muebles;00050 - Dormitorios Matrimonio;00001 - Dormitorio;00017 - Elementos; -;Dormitorios matrimonio;6392962;00362023010138;"BARRA DE COLGAR PARA 4,5X95,7X2 ARMARIO 2 P. DE 10 GHIO CNI196";CNI196;0;0;-1;0;-1;No;"4,64";"4,64";"9,11";;;;"0,38371020856202";"0,38371020856202";09/12/2025;18/11/2025;S;N;S;S;VENDER;;;0;0;0
ALMACEN REPARACIONES;MUEBLES AZOR S.A.;GHIO;00001 - Muebles;00050 - Dormitorios Matrimonio;00001 - Dormitorio;00017 - Elementos; -;Dormitorios matrimonio;6393178;00362023010333;"PUERTA CRISTAL TOFFEE ANCHO 49,3 DE 49,3 GHIO CNI164";CNI164;0;2;0;0;2;No;"109,91";"109,91";"213,98";;;;"0,37848817646509";"0,37848817646509";09/12/2025;20/11/2025;S;N;S;S;VENDER;;;"219,82";"219,82";"427,96"
ALMACEN REPARACIONES;MUEBLES AZOR S.A.;GHIO;00001 - Muebles;00050 - Dormitorios Matrimonio;00001 - Dormitorio;00017 - Elementos; -;Dormitorios matrimonio;6393193;00362023010884;"PUERTA LISA CON LUNA ANCHO 49,3 DE 49,3 GHIO CNI152,#ACABADO EN A ELEGIR";CNI152;0;0;-1;0;-1;No;"71,21";"71,21";"142,32";;;;"0,394574901630129";"0,394574901630129";16/09/2025;03/10/2025;S;N;S;S;VENDER;;;0;0;0
ALMACEN REPARACIONES;MUEBLES AZOR S.A.;GHIO;00001 - Muebles;00050 - Dormitorios Matrimonio;00001 - Dormitorio;00017 - Elementos; -;Dormitorios matrimonio;6393222;00362023010372;"TIRADOR ?L? LARGO (METALICO) 1,4X124,4X1,8 ALUMINI GHIO CI4104AL";CI4104AL;0;0;-1;0;-1;No;"15,48";"15,48";"30,61";;;;"0,388082326037243";"0,388082326037243";17/06/2025;27/06/2025;S;N;S;S;VENDER;;;0;0;0
ALMACEN REPARACIONES;MUEBLES AZOR S.A.;GHIO;00001 - Muebles;00050 - Dormitorios Matrimonio;00001 - Dormitorio;00099 - Acc. Dormitorios; -;Dormitorios matrimonio;6392239;00362023010663;"PUERTA LISA 49,3 GHIO CNI150,#ACABADO EN BLANCO EXTRA";CNI150;0;1;1;0;2;No;"40,25";"39,31";"78,74";;;;"0,395922021844044";"0,395922021844044";28/10/2025;03/04/2025;S;N;S;S;VENDER;;;"40,25";"39,31";"78,74"
ALMACEN REPARACIONES;MUEBLES AZOR S.A.;GHIO;00001 - Muebles;00050 - Dormitorios Matrimonio;00001 - Dormitorio;00099 - Acc. Dormitorios; -;Dormitorios matrimonio;6392245;00362023010756;"ESTANTE MOVIL PARA ARMARIO 3X46,6X50 GHIO CNI154,#ACABADO EN A ELEGIR";CNI154;0;0;-4;0;-4;No;"9,29";"9,29";"18,33";;;;"0,386748499727223";"0,386748499727223";16/09/2025;03/10/2025;S;N;S;S;VENDER;;;0;0;0
ALMACEN REPARACIONES;MUEBLES AZOR S.A.;JORDAN EVO;00001 - Muebles;00050 - Dormitorios Matrimonio;00001 - Dormitorio;00002 - Cabezales; -;Dormitorios matrimonio;;00362026010355;"CABEZAL DUETO DE 135 Y 150   140,5X161X3,7 JORDAN EVO CNJ702,#ACABADO EN ACABADO EN ROBLE, PLAFON TRASERO GRAFITO";CNJ702;0;1;1;0;2;No;"105,26";"105,26";"213,96";;;;"0,40472705178538";"0,40472705178538";28/10/2025;25/09/2025;S;N;S;S;VENDER;;;"105,26";"105,26";"213,96"
ALMACEN REPARACIONES;MUEBLES AZOR S.A.;JORDAN EVO;00001 - Muebles;00050 - Dormitorios Matrimonio;00001 - Dormitorio;00002 - Cabezales; -;Dormitorios matrimonio;;00362026010706;"CABEZAL KANE DE 135 Y 150   140,5X161X3,7 JORDAN EVO CNJ70,#ACABADO EN A ELEGIR";CNJ70;0;0;-1;0;-1;No;"100,62";"100,62";"203,74";;;;"0,402423677235693";"0,402423677235693";02/02/2026;15/12/2025;S;N;S;S;VENDER;;;0;0;0
ALMACEN REPARACIONES;MUEBLES AZOR S.A.;JORDAN EVO;00001 - Muebles;00050 - Dormitorios Matrimonio;00001 - Dormitorio;00003 - Armarios; -;Dormitorios matrimonio;;00362026010133;ARMARIO 2 PUERTAS CORREDERAS DE 200 (211)   211X200X55 JORDAN EVO CNJ51;CNJ51;0;0;-1;0;-1;No;"430,34";"420,34";"848,72";;;;"0,400731218776511";"0,400731218776511";29/04/2025;03/05/2025;S;N;S;S;VENDER;;;0;0;0
ALMACEN REPARACIONES;MUEBLES AZOR S.A.;JORDAN EVO;00001 - Muebles;00050 - Dormitorios Matrimonio;00001 - Dormitorio;00003 - Armarios; -;Dormitorios matrimonio;;00362026010494;"ARMARIO 2 PUERTAS CORREDERAS DE 200 (239)   239X200X55 JORDAN EVO CNJ54,#ACABADO EN ROBLE  LINED ROBLE";CNJ54;0;0;-1;0;-1;No;"458,21";"374,42";"899,94";;;;"0,496579549747761";"0,496579549747761";16/04/2025;06/05/2025;S;N;S;S;VENDER;;;0;0;0
ALMACEN REPARACIONES;MUEBLES AZOR S.A.;JORDAN EVO;00001 - Muebles;00050 - Dormitorios Matrimonio;00001 - Dormitorio;00003 - Armarios; -;Dormitorios matrimonio;;00362026010759;"ARMARIO 2 PUERTAS CORREDERAS DE 240 (211)   211X240X55 JORDAN EVO CNJ52,#ACABADO EN JAVA PERLA";CNJ52;0;0;-1;0;-1;No;"481,43";"481,43";"940,89";;;;"0,380873109502705";"0,380873109502705";17/11/2025;02/12/2025;S;N;S;S;VENDER;;;0;0;0
ALMACEN REPARACIONES;MUEBLES AZOR S.A.;JORDAN EVO;00001 - Muebles;00050 - Dormitorios Matrimonio;00001 - Dormitorio;00004 - Sinfoniers; -;Dormitorios matrimonio;;00362026010053;"XIFONIER 6 CAJONES DE 60   116,2X60X40 JORDAN EVO CNJ503";CNJ503;0;0;-1;0;-1;No;"137,77";"137,77";"275,4";;;;"0,39469244734931";"0,39469244734931";17/11/2025;02/12/2025;S;N;S;S;VENDER;;;0;0;0
ALMACEN REPARACIONES;MUEBLES AZOR S.A.;JORDAN EVO;00001 - Muebles;00050 - Dormitorios Matrimonio;00001 - Dormitorio;00005 - Mesitas de noche; -;Dormitorios matrimonio;;00362026010273;"MESITA 3 CAJONES DE 50   60,5X50X34,5 JORDAN EVO CNJ501,#ACABADO EN ARTIC";CNJ501;0;2;2;0;4;No;"61,92";"50,6";"121,83";;;;"0,497447262579004";"0,497447262579004";05/03/2025;29/01/2025;S;N;S;S;VENDER;;;"123,84";"101,2";"243,66"
ALMACEN REPARACIONES;MUEBLES AZOR S.A.;JORDAN EVO;00001 - Muebles;00050 - Dormitorios Matrimonio;00001 - Dormitorio;00005 - Mesitas de noche; -;Dormitorios matrimonio;;00362026010285;"MESITA 3 CAJONES DE 50   60,5X50X34,5 JORDAN EVO CNJ501 +  JUEGO 4 PATAS PIRAMIDALES C5818";CNJ501+C5818;0;0;-1;0;-1;No;"74,3";"69,39";"152,53";;139;"152,53";"0,449538451452173";"0,395957553956835";02/02/2026;23/01/2026;S;N;S;S;COLECCION STOCK;;;0;0;0
ALMACEN REPARACIONES;MUEBLES AZOR S.A.;JORDAN EVO;00001 - Muebles;00050 - Dormitorios Matrimonio;00001 - Dormitorio;00005 - Mesitas de noche; -;Dormitorios matrimonio;;00362026010664;"MESITA 3 CAJONES DE 50   60,5X50X34,5 JORDAN EVO CNJ501 +  JUEJO 4 PATAS PIRAMIDALES C5818";CNJ501+C5818;0;0;-1;0;-1;No;"74,3";"74,3";"152,53";;;;"0,410588081033239";"0,410588081033239";21/10/2025;25/10/2025;S;N;S;S;VENDER;;;0;0;0
ALMACEN REPARACIONES;MUEBLES AZOR S.A.;JORDAN EVO;00001 - Muebles;00050 - Dormitorios Matrimonio;00001 - Dormitorio;00005 - Mesitas de noche; -;Dormitorios matrimonio;;00362026010690;"MESITA 3 CAJONES DE 50   60,5X50X34,5 JORDAN EVO CNJ501,#ACABADO EN ALPIN + PERLA";CNJ501;0;0;-2;0;-2;No;"61,92";"61,92";"121,83";;;;"0,385018468357547";"0,385018468357547";05/01/2026;31/10/2025;S;N;S;S;VENDER;;;0;0;0
ALMACEN REPARACIONES;MUEBLES AZOR S.A.;JORDAN EVO;00001 - Muebles;00050 - Dormitorios Matrimonio;00001 - Dormitorio;00099 - Acc. Dormitorios; -;Dormitorios matrimonio;;00362026010019;"PANEL RESPALDO DE 205X120   120,5X205X3 JORDAN EVO CNJ526";CNJ526;0;0;-1;0;-1;No;"71,21";"71,21";"142,32";;;;"0,394574901630129";"0,394574901630129";09/12/2025;22/12/2025;S;N;S;S;VENDER;;;0;0;0
ALMACEN REPARACIONES;MUEBLES AZOR S.A.;JORDAN EVO;00001 - Muebles;00050 - Dormitorios Matrimonio;00003 - Armarios Empotrados;00099 - Acc.Armarios; -;Dormitorios matrimonio;;00362026010119;"ARMAZON DE ARMARIO DE 223,6 (5 PUERTAS) (211)   211X223,6X54 JORDAN EVO CNJ369";CNJ369;0;0;-1;0;-1;No;"198,14";"198,14";"388,01";;;;"0,382105100384011";"0,382105100384011";05/01/2026;15/01/2026;S;N;S;S;VENDER;;;0;0;0
ALMACEN REPARACIONES;MUEBLES AZOR S.A.;JORDAN EVO;00001 - Muebles;00050 - Dormitorios Matrimonio;00003 - Armarios Empotrados;00099 - Acc.Armarios; -;Dormitorios matrimonio;;00362026010139;"PUERTA LISA CON LUNA PARA CUERPO 42,2 (239)   UNIDAD JORDAN EVO CNJ338";CNJ338;0;1;1;0;2;No;"52,63";"52,63";"111,59";;;;"0,429318935388476";"0,429318935388476";02/02/2026;03/01/2026;S;N;S;S;VENDER;;;"52,63";"52,63";"111,59"
ALMACEN REPARACIONES;MUEBLES AZOR S.A.;JORDAN EVO;00001 - Muebles;00050 - Dormitorios Matrimonio;00003 - Armarios Empotrados;00099 - Acc.Armarios; -;Dormitorios matrimonio;;00362026010161;"ARMAZON DE ARMARIO DE 189,2 (4 PUERTAS) (239)   239X189,2X54 JORDAN EVO CNJ566";CNJ566;0;0;-1;0;-1;No;"168,73";"168,73";"336,83";;;;"0,393868420271354";"0,393868420271354";31/12/2025;03/01/2026;S;N;S;S;VENDER;;;0;0;0
ALMACEN REPARACIONES;MUEBLES AZOR S.A.;JORDAN EVO;00001 - Muebles;00050 - Dormitorios Matrimonio;00003 - Armarios Empotrados;00099 - Acc.Armarios; -;Dormitorios matrimonio;;00362026010162;"ARMAZON DE ARMARIO DE 198,8 (4 PUERTAS) (239)   239X198,8X54 JORDAN EVO CNJ567";CNJ567;0;1;1;0;2;No;"215,17";"205,34";"428,97";;;;"0,420795393617269";"0,420795393617269";21/10/2025;24/10/2025;S;N;S;S;VENDER;;;"215,17";"205,34";"428,97"
ALMACEN REPARACIONES;MUEBLES AZOR S.A.;JORDAN EVO;00001 - Muebles;00050 - Dormitorios Matrimonio;00003 - Armarios Empotrados;00099 - Acc.Armarios; -;Dormitorios matrimonio;;00362026010170;ARMAZON DE ARMARIO-XIFONIER DE 260 (4 PUERTAS + 5 CAJ.) (239)   239X260X54 JORDAN EVO CNJ596;CNJ596;0;0;-1;0;-1;No;"346,75";"346,75";"684,92";;;;"0,387421158675466";"0,387421158675466";05/08/2025;06/11/2025;S;N;S;S;VENDER;;;0;0;0
ALMACEN REPARACIONES;MUEBLES AZOR S.A.;JORDAN EVO;00001 - Muebles;00050 - Dormitorios Matrimonio;00003 - Armarios Empotrados;00099 - Acc.Armarios; -;Dormitorios matrimonio;;00362026010212;"ESTANTE MOVIL PARA ARMARIOS DE 50,2   2,2X47,2X50 JORDAN EVO CNJ475";CNJ475;0;5;5;0;10;No;"9,29";"9,12";"18,33";;;;"0,3979705400982";"0,3979705400982";17/11/2025;11/11/2025;S;N;S;S;VENDER;;;"46,45";"45,6";"91,65"
ALMACEN REPARACIONES;MUEBLES AZOR S.A.;JORDAN EVO;00001 - Muebles;00050 - Dormitorios Matrimonio;00003 - Armarios Empotrados;00099 - Acc.Armarios; -;Dormitorios matrimonio;;00362026010475;"ESTANTE MOVIL PARA ARMARIOS DE 45,2   2,2X42,2X50 JORDAN EVO CNJ474,#ACABADO EN JAVA";CNJ474;0;2;0;0;2;No;"7,74";"7,56";"15,25";;;;"0,40015737704918";"0,40015737704918";04/03/2025;;S;N;S;S;VENDER;;;"15,48";"15,12";"30,5"
ALMACEN REPARACIONES;MUEBLES AZOR S.A.;JORDAN EVO;00001 - Muebles;00050 - Dormitorios Matrimonio;00003 - Armarios Empotrados;00099 - Acc.Armarios; -;Dormitorios matrimonio;;00362026010538;"PUERTA LISA PARA CUERPO 47,2 (239)   UNIDAD JORDAN EVO CNJ337,#ACABADO EN ACABADO EN SOUL BLANCO";CNJ337;0;1;1;0;2;No;"32,51";"32,51";"63,38";;;;"0,379345219312086";"0,379345219312086";09/09/2025;05/08/2025;S;N;S;S;VENDER;;;"32,51";"32,51";"63,38"
ALMACEN REPARACIONES;MUEBLES AZOR S.A.;JORDAN EVO;00001 - Muebles;00050 - Dormitorios Matrimonio;00003 - Armarios Empotrados;00099 - Acc.Armarios; -;Dormitorios matrimonio;;00362026010654;"ARMAZON DE ARMARIO DE 243,6 (5 PUERTAS) (239)   239X243,6X54 JORDAN EVO CNJ571,#ACABADO EN ALPIN";CNJ571;0;0;-1;0;-1;No;"232,2";"232,2";"459,68";;;;"0,388787852419074";"0,388787852419074";09/09/2025;09/09/2025;S;N;S;S;VENDER;;;0;0;0
ALMACEN REPARACIONES;MUEBLES AZOR S.A.;JORDAN EVO;00001 - Muebles;00050 - Dormitorios Matrimonio;00003 - Armarios Empotrados;00099 - Acc.Armarios; -;Dormitorios matrimonio;;00362026010711;"ESTANTE MOVIL PARA ARMARIOS DE 90 Y CORREDERAS DE 180   2,2X86,9X50 JORDAN EVO CNJ476,#ACABADO EN A ELEGIR";CNJ476;0;1;1;0;2;No;"13,93";"11,65";"27,53";;;;"0,487958590628405";"0,487958590628405";02/02/2026;15/12/2025;S;N;S;S;VENDER;;;"13,93";"11,65";"27,53"
ALMACEN REPARACIONES;MUEBLES AZOR S.A.;JORDAN EVO;00001 - Muebles;00050 - Dormitorios Matrimonio;00003 - Armarios Empotrados;00099 - Acc.Armarios; -;Dormitorios matrimonio;;00362026010764;"CAJONERA INTERIOR PARA ARMARIOS DE 90   33,3X86,9X44,5 JORDAN EVO CNJ472,#ACABADO EN BLANCO SOUL";CNJ472;0;0;-2;0;-2;No;"44,89";"44,89";"87,94";;;;"0,382341369115306";"0,382341369115306";17/11/2025;18/11/2025;S;N;S;S;VENDER;;;0;0;0
ALMACEN REPARACIONES;MUEBLES AZOR S.A.;JORDAN20;00001 - Muebles;00050 - Dormitorios Matrimonio;00001 - Dormitorio;00002 - Cabezales; -;Dormitorios matrimonio;6339933-48371;00362021010236;"CABEZAL SCARLET DE 135-150 JORDAN20 CNJ075,#ACABADO EN SOUL BLANCO TEXTIL TIERRA";CNJ075;0;1;1;0;2;No;"113,4";"106,26";229;;;;"0,438538864628821";"0,438538864628821";;;S;N;N;N;LIQUIDACION;;;"113,4";"106,26";229
ALMACEN REPARACIONES;MUEBLES AZOR S.A.;JORDAN20;00001 - Muebles;00050 - Dormitorios Matrimonio;00001 - Dormitorio;00015 - Dormitorio S/Armario; -;Dormitorios matrimonio;6339748-51388;00362021010220;DORMITORIO S/ARMARIO JORDAN20;;0;0;-1;0;-1;No;"446,04";"334,54";879;;;;"0,539484186575654";"0,539484186575654";09/07/2024;22/03/2025;S;N;S;S;COLECCION;;;0;0;0
ALMACEN REPARACIONES;MUEBLES AZOR S.A.;JORDAN20;00001 - Muebles;00050 - Dormitorios Matrimonio;00001 - Dormitorio;00016 - Módulo; -;Dormitorios matrimonio;6339984-51388;00362021010238;"COMODIN 3 CAJONES  + 1 CONTENEDOR DE 100 JORDAN20 CNJ182,#ACABADO EN ROBLE TIRADOR L NEGRO";CNJ182;0;1;1;0;2;No;"143,64";"138,91";289;;;;"0,418404498269896";"0,418404498269896";27/06/2023;13/12/2023;S;N;N;N;LIQUIDACION;;;"143,64";"138,91";289
ALMACEN REPARACIONES;MUEBLES AZOR S.A.;JORDAN20;00001 - Muebles;00050 - Dormitorios Matrimonio;00001 - Dormitorio;00017 - Elementos; -;Dormitorios matrimonio;6339968-157;00362021010237;"JUEGO DE 4 PATAS INCLINADAS JORDAN20 C4152,#ACABADO EN NEGRO";C4152;0;2;2;0;4;No;"12,1";"11,66";"23,9";;;;"0,409682008368201";"0,409682008368201";;;S;N;N;N;LIQUIDACION;;;"24,2";"23,32";"47,8"
ALMACEN REPARACIONES;MUEBLES AZOR S.A.;JORDAN20;00001 - Muebles;00051 - Camas juveniles;00002 - Modular;00004 - Modulos; -;Dormitorios Juveniles;6339415;00362021010002;COMODIN 5 CAJONES DE 100 JORDAN20 CNJ186;CNJ186;0;1;1;0;2;No;"149,69";"125,23";299;;159;299;"0,493216387959866";"0,046991823899371";24/09/2024;19/06/2024;S;N;N;N;LIQUIDACION;;"1,69";"149,69";"125,23";299
ALMACEN REPARACIONES;MUEBLES AZOR S.A.;LIDER20;00001 - Muebles;00051 - Camas juveniles;00002 - Modular;00003 - Elementos; -;Dormitorios Juveniles;6327494;00362018010015;"ESTANTE INTERIOR PARA ARMARIO 1 PTA DE 40 3X36,9X5 LIDER20 CNL900TX";CNL900TX;0;1;0;0;1;No;"7,38";"6,27";"14,9";;"13,41";"14,9";"0,490825503355705";"0,434250559284116";13/05/2025;14/06/2025;S;N;N;N;VENDER;;;"7,38";"6,27";"14,9"
ALMACEN REPARACIONES;MUEBLES AZOR S.A.;MOON EVO;00001 - Muebles;00052 - Salón;00002 - Salón comedor;00002 - Elementos; -;Salón;;00362025010760;"JUEGO DE 5 PATAS PIRAMIDALES MOON EVO,#ACABADO EN COLOR ALPIN";C7806;0;0;-1;0;-1;No;"15,84";"13,25";"31,62";;;;"0,492963314358001";"0,492963314358001";17/11/2025;04/12/2025;S;N;S;S;VENDER;;;0;0;0
ALMACEN REPARACIONES;MUEBLES AZOR S.A.;MOON EVO;00001 - Muebles;00052 - Salón;00002 - Salón comedor;00003 - Modulos; -;Salón;;00362025010589;"BAJO 2 PUERTAS + 2 CAJONES DE 200 MOON EVO,#ACABADO EN ROBLE";CNM507;0;0;-1;0;-1;No;"153,65";"125,62";"305,95";;;;"0,503186141526393";"0,503186141526393";16/04/2025;24/04/2025;S;N;S;S;VENDER;;;0;0;0
ALMACEN REPARACIONES;MUEBLES AZOR S.A.;MOON EVO;00001 - Muebles;00052 - Salón;00002 - Salón comedor;00003 - Modulos; -;Salón;;00362025010623;"PUERTA OPCIONAL PARA 1 HUECO DE MÓDULO ESTANTES MOON EVO,#ACABADO EN LINED JAVA";CNM533;0;1;1;0;2;No;"15,84";"15,84";"31,62";;;;"0,393851992409867";"0,393851992409867";03/02/2026;12/05/2025;S;N;S;S;VENDER;;;"15,84";"15,84";"31,62"
ALMACEN REPARACIONES;MUEBLES AZOR S.A.;MOON EVO;00001 - Muebles;00052 - Salón;00002 - Salón comedor;00003 - Modulos; -;Salón;;00362025010692;"MÓDULO 4 PUERTAS DE 90 MOON EVO,#ACABADO EN ACABADO PERLA LINED PERLA";CNM523;0;0;-1;0;-1;No;"139,39";"139,39";"275,26";;;;"0,387263314684298";"0,387263314684298";15/07/2025;23/09/2025;S;N;S;S;VENDER;;;0;0;0
ALMACEN REPARACIONES;MUEBLES AZOR S.A.;MOON EVO;00001 - Muebles;00052 - Salón;00002 - Salón comedor;00003 - Modulos; -;Salón;;00362025010718;"MÓDULO 3 PUERTAS + 1 HUECO DE 120 (REVERSIBLE) MOON EVO,#ACABADO EN ESTRUCTURA PERLA FRENTE DE PUERTA JAVA TIRADOR ""L"" ALUMINIO";CNM525;0;1;1;0;2;No;"171,07";"171,07";"336,66";;;;"0,38515208221945";"0,38515208221945";22/10/2025;11/10/2025;S;N;S;S;VENDER;;;"171,07";"171,07";"336,66"
ALMACEN REPARACIONES;MUEBLES AZOR S.A.;MOON EVO;00001 - Muebles;00052 - Salón;00002 - Salón comedor;00003 - Modulos; -;Salón;;00362025010744;"BAJO 2 PUERTAS + 2 CAJONES DE 200 MOON EVO,#ACABADO EN A ELEGIR";CNM507;0;1;0;0;1;No;"153,65";"141,1";"305,95";;;;"0,441964373263605";"0,441964373263605";02/02/2026;07/02/2026;S;N;S;S;VENDER;;;"153,65";"141,1";"305,95"
ALMACEN REPARACIONES;MUEBLES AZOR S.A.;MOON EVO;00001 - Muebles;00052 - Salón;00002 - Salón comedor;00003 - Modulos; -;Salón;;00362025010757;"BAJO 2 PUERTAS + 2 HUECOS DE 180 MOON EVO,#ACABADO EN COLOR ALPIN, TIRADOR L BLANCO";CNM506;0;0;-1;0;-1;No;"102,96";"86,14";"203,63";;;;"0,4881432009036";"0,4881432009036";17/11/2025;04/12/2025;S;N;S;S;VENDER;;;0;0;0
ALMACEN REPARACIONES;MUEBLES AZOR S.A.;MOON EVO;00001 - Muebles;00052 - Salón;00002 - Salón comedor;00003 - Modulos; -;Salón;;00362025010817;"ALTO 1 PUERTA + 2 HUECOS DE 130 MOON EVO,#ACABADO EN ALPIN/SOUL BLANCO";CNM513;0;0;-1;0;-1;No;"61,78";"61,78";"121,78";;;;"0,386157004434226";"0,386157004434226";17/11/2025;18/11/2025;S;N;S;S;VENDER;;;0;0;0
ALMACEN REPARACIONES;MUEBLES AZOR S.A.;MOON-20;00001 - Muebles;00052 - Salón;00002 - Salón comedor;00003 - Modulos; -;Salón;6343831-50809;00362001010015;MODULO 2 PUERTAS MIXTAS + JGO.4 PATAS MOON-20;;0;1;1;0;2;No;"146,72";"138,09";289;;139;289;"0,421837716262976";"-0,202078417266187";;;S;S;N;N;EXPOSICIÓN;;3;"146,72";"138,09";289
ALMACEN REPARACIONES;MUEBLES AZOR S.A.;MOON20;00001 - Muebles;00052 - Salón;00001 - Convencional;00004 - Vitrinas; -;Salón;6337249-45354;00362020010206;"VITRINA 2 PUERTAS TRANSPARENTES Y 2 CAJONES MOON20 CNM244,#ACABADO EN BLANCO SOUL";CNM244;0;1;1;0;2;No;"238,39";"221,64";469;;;;"0,428178251599147";"0,428178251599147";21/11/2023;21/01/2025;S;N;N;N;LIQUIDACION;2000063372494;;"238,39";"221,64";469
ALMACEN REPARACIONES;MUEBLES AZOR S.A.;NINGUNA;0 - SIN FAMILIA; -; -; -; -;Dormitorios Juveniles;;00362000010000;ACCESORIO C INVENTARIABLE NINGUNA;0362INV;0;60;48;0;108;No;"2,17";"11,8";0;;;;;;05/02/2026;21/01/2026;S;N;S;S;VENDER;;;"130,2";708;0
ALMACEN REPARACIONES;MUEBLES AZOR S.A.;NINGUNA;00001 - Muebles;00051 - Camas juveniles;00001 - Convencional;00001 - Cama; -;Dormitorios Juveniles;;00362024000747;"CAMA ABATIBLE VERTICAL SIMPLE 135X190 (238,5) 238,5X152,5X56 LIDER GO";CNL496;0;0;-1;0;-1;No;"688,86";"688,86";"1350,41";;"1215,37";"1350,41";"0,382764789952681";"0,314183664233937";17/06/2025;02/07/2025;S;N;S;S;VENDER;;;0;0;0
ALMACEN REPARACIONES;MUEBLES AZOR S.A.;NINGUNA;00001 - Muebles;00051 - Camas juveniles;00001 - Convencional;00003 - Armarios juveniles; -;Dormitorios Juveniles;;00362024000258;"ARMARIO 3 PUERTAS Y 2 CAJONES (2 CUERPOS) (238,5) 238,5X150X56 LIDER GO";CNL523;0;0;-1;0;-1;No;"289,48";"236,54";"572,33";;"515,1";"572,33";"0,499915433403805";"0,444353717724714";15/04/2025;03/05/2025;S;N;S;S;VENDER;;;0;0;0
ALMACEN REPARACIONES;MUEBLES AZOR S.A.;NINGUNA;00001 - Muebles;00051 - Camas juveniles;00001 - Convencional;00003 - Armarios juveniles; -;Dormitorios Juveniles;;00362024000378;"ARMARIO 2 PUERTAS CORREDERAS (PUERTAS LISAS) (238,5) 238,5X120X60,5 LIDER GO";CNL84A;0;0;-1;0;-1;No;"308,05";"257,71";"603,02";;"542,72";"603,02";"0,482887632251003";"0,425432819870283";28/10/2025;04/11/2025;S;N;S;S;VENDER;;;0;0;0
ALMACEN REPARACIONES;MUEBLES AZOR S.A.;NINGUNA;00001 - Muebles;00051 - Camas juveniles;00001 - Convencional;00003 - Armarios juveniles; -;Dormitorios Juveniles;;00362024000380;"ARMARIO 2 PUERTAS CORREDERAS (PUERTAS LISAS) (238,5) 238,5X120X60,5 LIDER GO";CNL84N;0;0;-1;0;-1;No;"308,05";"295,43";"603,02";;"542,72";"603,02";"0,407199927033929";"0,341335679540094";17/03/2025;20/03/2025;S;N;S;S;VENDER;;;0;0;0
ALMACEN REPARACIONES;MUEBLES AZOR S.A.;NINGUNA;00001 - Muebles;00051 - Camas juveniles;00001 - Convencional;00003 - Armarios juveniles; -;Dormitorios Juveniles;;00362024000391;"ARMARIO 2 PUERTAS CORREDERAS (PLAFONES) (238,5) 238,5X150X60,5 LIDER GO";CNL44B;0;0;-1;0;-1;No;"349,85";"349,85";"684,94";;"616,45";"684,94";"0,381962653663095";"0,313296293292238";21/10/2025;31/10/2025;S;N;S;S;VENDER;;;0;0;0
ALMACEN REPARACIONES;MUEBLES AZOR S.A.;NINGUNA;00001 - Muebles;00051 - Camas juveniles;00001 - Convencional;00003 - Armarios juveniles; -;Dormitorios Juveniles;;00362024001303;"ARMARIO 4 PUERTAS (3 CUERPOS) (238,5) 238,5X170X56 LIDER GO,#ACABADO EN HIBERNIAN MOSTAZA";CNL246;0;0;-1;0;-1;No;"348,3";"284,61";"684,93";;"616,44";"684,93";"0,497206867855109";"0,441343683083512";10/12/2024;07/01/2025;S;N;S;S;VENDER;;;0;0;0
ALMACEN REPARACIONES;MUEBLES AZOR S.A.;NINGUNA;00001 - Muebles;00051 - Camas juveniles;00001 - Convencional;00003 - Armarios juveniles; -;Dormitorios Juveniles;;00362024001420;"ARMARIO 2 PUERTAS CORREDERAS (PUERTAS LISAS) (238,5) 238,5X150X60,5 LIDER GO,#ACABADO EN ARMAZON EN HIBERNAN/PUERTAS CORREDERAS BLANCO";CNL85B;0;0;-1;0;-1;No;"349,85";"285,87";"684,94";;"616,45";"684,94";"0,49498832014483";"0,438879552275124";15/04/2025;30/04/2025;S;N;S;S;VENDER;;;0;0;0
ALMACEN REPARACIONES;MUEBLES AZOR S.A.;NINGUNA;00001 - Muebles;00051 - Camas juveniles;00001 - Convencional;00003 - Armarios juveniles; -;Dormitorios Juveniles;;00362024001462;"ARMARIO 2 PUERTAS Y 2 CAJONES (238,5) 238,5X100X56 LIDER GO,#ACABADO EN TODO COLOR BAMBU / TIRADOR L ALUMINIO EN NEGRO";CNL425;0;0;-1;0;-1;No;"179,57";"179,57";"357,32";;"321,59";"357,32";"0,391918448449569";"0,324358033520943";13/05/2025;04/06/2025;S;N;S;S;VENDER;;;0;0;0
ALMACEN REPARACIONES;MUEBLES AZOR S.A.;NINGUNA;00001 - Muebles;00051 - Camas juveniles;00001 - Convencional;00003 - Armarios juveniles; -;Dormitorios Juveniles;;00362024001544;"ARMARIO 2 PUERTAS CORREDERAS (PUERTAS LISAS) (238,5) 238,5X150X60,5 LIDER GO,#ACABADO EN HIBERNIAN MENTHA";CNL85B;0;0;-1;0;-1;No;"349,85";"349,85";"684,94";;"616,45";"684,94";"0,381962653663095";"0,313296293292238";15/07/2025;23/07/2025;S;N;S;S;VENDER;;;0;0;0
ALMACEN REPARACIONES;MUEBLES AZOR S.A.;NINGUNA;00001 - Muebles;00051 - Camas juveniles;00001 - Convencional;00003 - Armarios juveniles; -;Dormitorios Juveniles;;00362024001628;"ARMARIO 2 PUERTAS Y 2 CAJONES (238,5) 238,5X100X56 LIDER GO,#ACABADO EN A ELEGIR";CNL425;0;0;-1;0;-1;No;"179,57";"179,57";"357,32";;"321,59";"357,32";"0,391918448449569";"0,324358033520943";17/11/2025;24/11/2025;S;N;S;S;VENDER;;;0;0;0
ALMACEN REPARACIONES;MUEBLES AZOR S.A.;NINGUNA;00001 - Muebles;00051 - Camas juveniles;00001 - Convencional;00005 - Chinfoniers-Escritorio; -;Dormitorios Juveniles;;00362024000505;"XIFONIER 6 CAJONES C/TACOS 102,8X50,1X40 LIDER GO";CNL56;0;1;1;0;2;No;"103,72";"102,51";"203,75";;"183,38";"203,75";"0,391228957055215";"0,323606172974152";09/09/2025;25/07/2025;S;N;S;S;VENDER;;;"103,72";"102,51";"203,75"
ALMACEN REPARACIONES;MUEBLES AZOR S.A.;NINGUNA;00001 - Muebles;00051 - Camas juveniles;00001 - Convencional;00005 - Chinfoniers-Escritorio; -;Dormitorios Juveniles;;00362024001575;"XIFONIER 6 CAJONES C/TACOS 102,8X50,1X40 LIDER GO,#ACABADO EN A ELEGIR";CNL56;0;0;-1;0;-1;No;"103,72";"103,72";"203,75";;"183,38";"203,75";"0,384043190184049";"0,315622205256844";16/09/2025;03/10/2025;S;N;S;S;VENDER;;;0;0;0
ALMACEN REPARACIONES;MUEBLES AZOR S.A.;NINGUNA;00001 - Muebles;00051 - Camas juveniles;00001 - Convencional;00034 - Compactos; -;Dormitorios Juveniles;;00362024000608;"COMPACTO BASE 30 + 3 CAJONES 59,6X200,6X116,2 LIDER GO";CNL688;0;0;-2;0;-2;No;"376,16";"376,16";"736,09";;"662,48";"736,09";"0,381660394788681";"0,312954957130781";05/01/2026;24/01/2026;S;N;S;S;VENDER;;;0;0;0
ALMACEN REPARACIONES;MUEBLES AZOR S.A.;NINGUNA;00001 - Muebles;00051 - Camas juveniles;00001 - Convencional;00034 - Compactos; -;Dormitorios Juveniles;;00362024000614;"COMPACTO BASE 30 LATERAL (DERECHA E IZQUIERDA) + RESPALDO + 3 CAJ. 89,6X200,6X101,2 LIDER GO";CNL594;0;1;1;0;2;No;"374,62";"370,26";"736,12";;"662,51";"736,12";"0,391383741781231";"0,323761754539554";09/09/2025;25/07/2025;S;N;S;S;VENDER;;;"374,62";"370,26";"736,12"
ALMACEN REPARACIONES;MUEBLES AZOR S.A.;NINGUNA;00001 - Muebles;00051 - Camas juveniles;00001 - Convencional;00034 - Compactos; -;Dormitorios Juveniles;;00362024000618;"COMPACTO BASE 30 + 2 CAJONES NIDO 59,6X200,6X101,2 LIDER GO CNL984";CNL984;0;1;1;0;2;No;"303,41";"299,88";"592,79";;"533,51";"592,79";"0,38788643533123";"0,319872542220389";01/07/2025;22/07/2025;S;N;S;S;VENDER;;;"303,41";"299,88";"592,79"
ALMACEN REPARACIONES;MUEBLES AZOR S.A.;NINGUNA;00001 - Muebles;00051 - Camas juveniles;00001 - Convencional;00034 - Compactos; -;Dormitorios Juveniles;;00362024000628;"COMPACTO BASE 30 LATERAL (DERECHA E IZQUIERDA) + RESPALDO + 2 CAJ. NIDO 89,6X200,6X116,2 LIDER GO";CNL613;0;0;-1;0;-1;No;"382,36";"319,88";"746,37";;"671,73";"746,37";"0,481416991572544";"0,423794083932532";17/11/2025;21/11/2025;S;N;S;S;VENDER;;;0;0;0
ALMACEN REPARACIONES;MUEBLES AZOR S.A.;NINGUNA;00001 - Muebles;00051 - Camas juveniles;00001 - Convencional;00034 - Compactos; -;Dormitorios Juveniles;;00362024000655;"J/2 CAJONES NIDO DE ALTA CAPACIDAD COMPACTO BASE 30 Y DESPLAZABLE 25,5X96,6X99 LIDER GO";CNL879;0;1;0;0;1;No;"89,78";"89,78";"183,25";;"164,93";"183,25";"0,407182537517053";"0,341333899229976";07/06/2025;07/07/2025;S;N;S;S;VENDER;;;"89,78";"89,78";"183,25"
ALMACEN REPARACIONES;MUEBLES AZOR S.A.;NINGUNA;00001 - Muebles;00051 - Camas juveniles;00001 - Convencional;00034 - Compactos; -;Dormitorios Juveniles;;00362024000658;"COMPACTO FORMA CON DESPLAZABLE + 3 CAJONES (REVERSIBLE) 73,8X200,4X116 LIDER GO";CNL464;0;0;-1;0;-1;No;"312,7";"312,7";"613,28";;"551,95";"613,28";"0,383043634229063";"0,314490442974907";02/02/2026;03/02/2026;S;N;S;S;VENDER;;;0;0;0
ALMACEN REPARACIONES;MUEBLES AZOR S.A.;NINGUNA;00001 - Muebles;00051 - Camas juveniles;00001 - Convencional;00034 - Compactos; -;Dormitorios Juveniles;;00362024000660;"COMPACTO FORMA CON DESPLAZABLE + 2 CAJONES NIDO (REVERSIBLE) 73,8X200,4X101 LIDER GO";CNL954;0;0;-1;0;-1;No;"239,94";"239,94";"469,93";;"422,94";"469,93";"0,382190113421148";"0,313549439636828";15/07/2025;24/07/2025;S;N;S;S;VENDER;;;0;0;0
ALMACEN REPARACIONES;MUEBLES AZOR S.A.;NINGUNA;00001 - Muebles;00051 - Camas juveniles;00001 - Convencional;00034 - Compactos; -;Dormitorios Juveniles;;00362024000693;"COMPACTO C/PIECERA ALTA FORMA CON 3 CAJONES INTERMEDIOS + 1 SOMIER-ARRASTRE DE 90X190 89,8X200,4X101 LIDER GO";CNL974;0;0;-2;0;-2;No;"315,79";"308,45";"623,5";;"561,15";"623,5";"0,401404170008019";"0,334893522231132";21/03/2025;17/06/2025;S;N;S;S;VENDER;;;0;0;0
ALMACEN REPARACIONES;MUEBLES AZOR S.A.;NINGUNA;00001 - Muebles;00051 - Camas juveniles;00001 - Convencional;00034 - Compactos; -;Dormitorios Juveniles;;00362024001254;"COMPACTO BASE 30 + 3 CAJONES 59,6X200,6X101,2 LIDER GO,#ACABADO EN A ELEGIR";CNL982;0;0;-1;0;-1;No;"337,46";"333,54";"664,44";;598;"664,44";"0,392596171211848";"0,325111371237458";09/09/2025;19/09/2025;S;N;S;S;VENDER;;;0;0;0
ALMACEN REPARACIONES;MUEBLES AZOR S.A.;NINGUNA;00001 - Muebles;00051 - Camas juveniles;00001 - Convencional;00034 - Compactos; -;Dormitorios Juveniles;;00362024001463;"COMPACTO BASE 30 + 3 CAJONES 59,6X200,6X101,2 LIDER GO,#ACABADO EN BLANCO";CNL982;0;0;-1;0;-1;No;"337,46";"337,46";"664,44";;598;"664,44";"0,385457528144001";"0,317179598662207";17/06/2025;02/07/2025;S;N;S;S;VENDER;;;0;0;0
ALMACEN REPARACIONES;MUEBLES AZOR S.A.;NINGUNA;00001 - Muebles;00051 - Camas juveniles;00001 - Convencional;00034 - Compactos; -;Dormitorios Juveniles;;00362024001494;"COMPACTO BASE 30 + 3 CAJONES 59,6X200,6X101,2 LIDER GO,#ACABADO EN BLANCO";CNL982;0;0;-1;0;-1;No;"337,46";"337,46";"664,44";;598;"664,44";"0,385457528144001";"0,317179598662207";27/05/2025;25/06/2025;S;N;S;S;VENDER;;;0;0;0
ALMACEN REPARACIONES;MUEBLES AZOR S.A.;NINGUNA;00001 - Muebles;00051 - Camas juveniles;00001 - Convencional;00034 - Compactos; -;Dormitorios Juveniles;;00362024001570;"COMPACTO FORMA CON DESPLAZABLE + 3 CAJONES (REVERSIBLE) 73,8X200,4X101 LIDER GO,#ACABADO EN A ELEGIR";CNL952;0;0;-1;0;-1;No;274;274;"541,61";;"487,45";"541,61";"0,387862114805857";"0,319848189557903";16/09/2025;17/09/2025;S;N;S;S;VENDER;;;0;0;0
ALMACEN REPARACIONES;MUEBLES AZOR S.A.;NINGUNA;00001 - Muebles;00051 - Camas juveniles;00001 - Convencional;00035 - Nidos; -;Dormitorios Juveniles;;00362024000796;"CAMA NIDO CON BASE 30 CON 2 LATERALES + RESPALDO + MÓDULO 3 CAJONES 66,5X200,6X116,2 LIDER GO";CNL981;0;0;-1;0;-1;No;"333,59";"333,59";"654,2";;"588,78";"654,2";"0,382996178538673";"0,314440198376304";21/10/2025;31/10/2025;S;N;S;S;VENDER;;;0;0;0
ALMACEN REPARACIONES;MUEBLES AZOR S.A.;NINGUNA;00001 - Muebles;00051 - Camas juveniles;00001 - Convencional;00035 - Nidos; -;Dormitorios Juveniles;;00362024001509;"CAMA NIDO CON BASE 30 CON 2 LATERALES + RESPALDO + 1 SOMIER-ARRASTRE 66,5X200,6X101,2 LIDER GO,#ACABADO EN BLANCO";CNL955;0;0;-1;0;-1;No;"243,04";"243,04";"480,18";;"432,16";"480,18";"0,387566329293182";"0,319514994446501";17/06/2025;15/10/2025;S;N;S;S;VENDER;;;0;0;0
ALMACEN REPARACIONES;MUEBLES AZOR S.A.;NINGUNA;00001 - Muebles;00051 - Camas juveniles;00002 - Modular;00003 - Elementos; -;Dormitorios Juveniles;;00362024000539;"PATA METÁLICA EN “V” MESA ESTUDIO 73,8X10X50 LIDER GO";CL7602WA;0;0;-1;0;-1;No;"55,73";"54,43";"111,6";;"100,44";"111,6";"0,40985394265233";"0,344282158502589";20/03/2025;03/04/2025;S;N;S;S;VENDER;;;0;0;0
ALMACEN REPARACIONES;MUEBLES AZOR S.A.;NINGUNA;00001 - Muebles;00051 - Camas juveniles;00002 - Modular;00003 - Elementos; -;Dormitorios Juveniles;;00362024000695;"MÓDULO ESCALERA BAJO (1 PUERTA + 1 CONTENEDOR) PARA COMPACTOS 62,5X50X100 LIDER GO";CNL90;0;1;1;0;2;No;"103,72";"102,51";"203,75";;"183,38";"203,75";"0,391228957055215";"0,323606172974152";09/09/2025;25/07/2025;S;N;S;S;VENDER;;;"103,72";"102,51";"203,75"
ALMACEN REPARACIONES;MUEBLES AZOR S.A.;NINGUNA;00001 - Muebles;00051 - Camas juveniles;00002 - Modular;00003 - Elementos; -;Dormitorios Juveniles;;00362024000714;"MÓDULO ESCALERA ALTO (3 PUERTAS + 1 CONTENEDOR) PARA LITERA 121,8X50X100 LIDER GO";CNL92;0;0;-1;0;-1;No;"167,18";"163,3";"326,58";;"293,92";"326,58";"0,39496294935391";"0,327732035928144";16/12/2024;13/01/2025;S;N;S;S;VENDER;;;0;0;0
ALMACEN REPARACIONES;MUEBLES AZOR S.A.;NINGUNA;00001 - Muebles;00051 - Camas juveniles;00002 - Modular;00003 - Elementos; -;Dormitorios Juveniles;;00362024000715;"LITERA CON ESCALERA (SÓLO DERECHA) 145,6X200,6X115,9 LIDER GO";CNL580;0;0;-1;0;-1;No;"219,82";"219,82";"428,99";;"386,09";"428,99";"0,379980419123989";"0,31108757025564";28/10/2025;02/12/2025;S;N;S;S;VENDER;;;0;0;0
ALMACEN REPARACIONES;MUEBLES AZOR S.A.;NINGUNA;00001 - Muebles;00051 - Camas juveniles;00002 - Modular;00003 - Elementos; -;Dormitorios Juveniles;;00362024000718;"CAMA SUPERIOR PARA BLOCK 39,1X200,4X104 LIDER GO";CNL296;0;0;-1;0;-1;No;"86,69";"70,83";"173,03";;"155,73";"173,03";"0,504685314685315";"0,449660951647081";15/04/2025;07/05/2025;S;N;S;S;VENDER;;;0;0;0
ALMACEN REPARACIONES;MUEBLES AZOR S.A.;NINGUNA;00001 - Muebles;00051 - Camas juveniles;00002 - Modular;00003 - Elementos; -;Dormitorios Juveniles;;00362024001535;"PANEL RESPALDO 120,5X205X3 LIDER GO,#ACABADO EN PERLA";CNL069;0;1;1;0;2;No;"89,78";"89,78";"183,25";;"164,93";"183,25";"0,407182537517053";"0,341333899229976";02/02/2026;08/08/2025;S;N;S;S;VENDER;;;"89,78";"89,78";"183,25"
ALMACEN REPARACIONES;MUEBLES AZOR S.A.;NINGUNA;00001 - Muebles;00051 - Camas juveniles;00002 - Modular;00004 - Modulos; -;Dormitorios Juveniles;;00362024000412;"ESTANTE INTERIOR PARA ARMARIO CORREDERAS 3X57,7X51,4 LIDER GO";CNL904TX;0;0;-4;0;-4;No;"10,84";"9,07";"21,41";;"19,27";"21,41";"0,487403082671649";"0,430477426050856";28/10/2025;04/11/2025;S;N;S;S;VENDER;;;0;0;0
ALMACEN REPARACIONES;MUEBLES AZOR S.A.;NINGUNA;00001 - Muebles;00051 - Camas juveniles;00002 - Modular;00004 - Modulos; -;Dormitorios Juveniles;;00362024000434;"CAJONERA INTERIOR 2 CAJONES PARA ARMARIO 2 PUERTAS 33,3X76,9X42,8 LIDER GO";CNL045TX;0;0;-1;0;-1;No;"41,8";"41,8";"81,82";;"73,64";"81,82";"0,381838181373747";"0,313172189027702";16/09/2025;10/10/2025;S;N;S;S;VENDER;;;0;0;0
ALMACEN REPARACIONES;MUEBLES AZOR S.A.;NINGUNA;00001 - Muebles;00051 - Camas juveniles;00002 - Modular;00004 - Modulos; -;Dormitorios Juveniles;;00362024000522;"BAJO 2 CAJONES + HUECO 73,8X40X51 LIDER GO";CNL18;0;0;-1;0;-1;No;"60,37";"60,37";"121,83";;"109,65";"121,83";"0,400412870393171";"0,333810305517556";01/07/2025;26/07/2025;S;N;S;S;VENDER;;;0;0;0
ALMACEN REPARACIONES;MUEBLES AZOR S.A.;NINGUNA;00001 - Muebles;00051 - Camas juveniles;00002 - Modular;00004 - Modulos; -;Dormitorios Juveniles;;00362024001467;"MÓDULO ARCÓN ZAPATERO EXTRAÍBLE (DERECHA E IZQUIERDA) 73,8X51X115,5 LIDER GO,#ACABADO EN BLANCO";CNL919;0;0;-1;0;-1;No;"95,98";"95,98";"193,52";;"174,17";"193,52";"0,399877015295577";"0,333204340586783";27/05/2025;31/05/2025;S;N;S;S;VENDER;;;0;0;0
ALMACEN REPARACIONES;MUEBLES AZOR S.A.;NINGUNA;00001 - Muebles;00051 - Camas juveniles;00002 - Modular;00004 - Modulos; -;Dormitorios Juveniles;;00362024001607;"MÓDULO ARCÓN ZAPATERO EXTRAÍBLE (DERECHA E IZQUIERDA) 73,8X51X115,5 LIDER GO,#ACABADO EN HIBERNIAN ROSA";CNL919;0;0;-1;0;-1;No;"95,98";"95,98";"193,52";;"174,17";"193,52";"0,399877015295577";"0,333204340586783";21/10/2025;31/10/2025;S;N;S;S;VENDER;;;0;0;0
ALMACEN REPARACIONES;MUEBLES AZOR S.A.;NINGUNA;00001 - Muebles;00051 - Camas juveniles;00002 - Modular;00006 - Cabeceros; -;Dormitorios Juveniles;;00362024000861;"CABEZAL TIPI (PARA CAMA DE 90 Y 105) 112,3X110X1,9 LIDER GO";CNL146;0;2;2;0;4;No;"37,15";"37,15";"72,59";;"65,33";"72,59";"0,380748036919686";"0,311931731210776";09/09/2025;01/08/2025;S;N;S;S;VENDER;;;"74,3";"74,3";"145,18"
ALMACEN REPARACIONES;MUEBLES AZOR S.A.;NINGUNA;00001 - Muebles;00051 - Camas juveniles;00002 - Modular;00006 - Cabeceros; -;Dormitorios Juveniles;;00362024000864;"CABEZAL LINE PLUS (PARA CAMA DE 90 Y 105) 120,5X110X18,9 LIDER GO";CNL145;0;1;1;0;2;No;"63,47";"63,47";"132,08";;"118,87";"132,08";"0,418544064203513";"0,353926979052747";21/10/2025;30/08/2025;S;N;S;S;VENDER;;;"63,47";"63,47";"132,08"
ALMACEN REPARACIONES;MUEBLES AZOR S.A.;NINGUNA;00001 - Muebles;00052 - Salón;00002 - Salón comedor;00003 - Modulos; -;Salón;;00362025010416;"BAJO 2 PUERTAS+2 CAJONES DE 150 MOON EVO CNM505,#ACABADO EN JAVA";CNM505;0;1;1;0;2;No;"118,8";"97,13";"234,33";;;;"0,498453889813511";"0,498453889813511";21/10/2025;26/04/2025;S;N;S;S;VENDER;;;"118,8";"97,13";"234,33"
ALMACEN REPARACIONES;MUEBLES AZOR S.A.;NINGUNA;00001 - Muebles;00052 - Salón;00002 - Salón comedor;00003 - Modulos; -;Salón;;00362025010576;"VITRINA 2 PUERTAS TRANSPARENTES Y 2 CAJONES 180.5X90X35 MOON EVO CNM528,#ACABADO EN JAVA";CNM528;0;0;-1;0;-1;No;"243,94";"243,94";"479,92";;;;"0,384965410901817";"0,384965410901817";22/07/2025;26/07/2025;S;N;S;S;VENDER;;;0;0;0
ALMACEN REPARACIONES;MUEBLES AZOR S.A.;NINGUNA;00001 - Muebles;00052 - Salón;00002 - Salón comedor;00003 - Modulos; -;Salón;;00362025010831;"BAJO 2 PUERTAS+2 CAJONES DE 150 MOON EVO CNM505,#ACABADO EN JAVA PERLA LINED JAVA";CNM505;0;0;-1;0;-1;No;"118,8";"118,8";"234,33";;;;"0,386557419024453";"0,386557419024453";09/12/2025;17/12/2025;S;N;S;S;VENDER;;;0;0;0
ALMACEN REPARACIONES;MUEBLES AZOR S.A.;NINGUNA;00001 - Muebles;00056 - Auxiliares;00001 - Mueble Auxiliar;00006 - Mesas; -;Mueble Auxiliar;;00362019010360;MESA EXTEN.TASMAN 160/240X90 NEGRO (SOBRE PORCELA.PORLAND) BOGAL CNG040NP;CNG040NP;0;1;1;0;2;No;"341,09";"317,91";"665,67";;;;"0,422129433503087";"0,422129433503087";;;S;N;S;S;VENDER;;;"341,09";"317,91";"665,67"
ALMACEN REPARACIONES;MUEBLES AZOR S.A.;NINGUNA;00001 - Muebles;00056 - Auxiliares;00001 - Mueble Auxiliar;00006 - Mesas; -;Mueble Auxiliar;;00362019010436;MESA WAKO NEGRO DIAM.100 SOBRE JAVA BOGAL CNG050NJ;CNG050NJ;0;0;-1;0;-1;No;"113,09";"113,09";"223,67";;;;"0,388210756918675";"0,388210756918675";17/11/2025;28/11/2025;S;N;S;S;VENDER;;;0;0;0
ALMACEN REPARACIONES;MUEBLES AZOR S.A.;NINGUNA;00001 - Muebles;00056 - Auxiliares;00001 - Mueble Auxiliar;00006 - Mesas; -;Mueble Auxiliar;;00362019010631;MESA NESS NEGRO 120X80 SOBRE ROBLE BOGAL CNG081NR;CNG081NR;0;1;1;0;2;No;"100,32";"97,81";"203,23";;;;"0,41765438173498";"0,41765438173498";31/12/2025;07/07/2025;S;N;S;S;VENDER;;;"100,32";"97,81";"203,23"
ALMACEN REPARACIONES;MUEBLES AZOR S.A.;NINGUNA;00001 - Muebles;00057 - Asientos;00002 - Sofás;00001 - Sillas; -;Asientos;;00362019010688;J/4 SILLAS MOD.CALGARY PATAS MARFIL+TAP.LUKKA MARRON-12 BOGAL CG04MA;CG04MA;0;0;1;0;1;No;"182,4";"182,4";"376,85";;;;"0,414345230197691";"0,414345230197691";09/01/2026;13/01/2026;S;N;S;S;VENDER;;;0;0;0
ALMACEN REPARACIONES;MUEBLES AZOR S.A.;NINGUNA;00001 - Muebles;00057 - Asientos;00002 - Sofás;00001 - Sillas; -;Asientos;;00362019010699;JGO.2 SILLAS HELSINKI PATAS MARFIL+TAP.LUKKA GRIS-85 BOGAL CG08GR;CG08GR;0;0;-1;0;-1;No;"131,33";"131,33";"264,52";;;;"0,399254120671405";"0,399254120671405";17/06/2025;07/07/2025;S;N;S;S;VENDER;;;0;0;0
ALMACEN REPARACIONES;MUEBLES AZOR S.A.;NINGUNA;00001 - Muebles;00057 - Asientos;00002 - Sofás;00001 - Sillas; -;Asientos;;00362019010700;JGO.2 SILLAS HELSINKI PATAS MARFIL+TAP.LUKKA MARRON-12 BOGAL CG08MA;CG08MA;0;0;-1;0;-1;No;"131,33";"131,33";"264,52";;;;"0,399254120671405";"0,399254120671405";27/05/2025;30/06/2025;S;N;S;S;VENDER;;;0;0;0
ALMACEN REPARACIONES;MUEBLES AZOR S.A.;NINGUNA;00001 - Muebles;00057 - Asientos;00002 - Sofás;00001 - Sillas; -;Asientos;;00362019010754;SILLA GIRAT.180 MODENA TAPIZ. GRIS-10+PATAS METAL NEGRAS BOGAL CG1718GR;CG1718GR;0;0;-1;0;-1;No;"91,2";"91,2";"195,09";;;;"0,434353375365216";"0,434353375365216";02/02/2026;12/01/2026;S;N;S;S;VENDER;;;0;0;0
ALMACEN REPARACIONES;MUEBLES AZOR S.A.;NINGUNA;00001 - Muebles;00057 - Asientos;00002 - Sofás;00002 - Butacas; -;Asientos;;00362019010771;BUTACA TAPIZADA UME + PATAS MADERA DARK - NACAR-09 BOGAL CG1734DN;CG1734DN;0;1;-2;0;-1;No;"118,56";"118,56";"238,32";;219;"238,32";"0,398046324269889";"0,344942465753425";03/02/2026;03/02/2026;S;N;S;S;VENDER;;;"118,56";"118,56";"238,32"
ALMACEN REPARACIONES;MUEBLES AZOR S.A.;REACONDICIONADO;00001 - Muebles;00052 - Salón;00001 - Convencional;00002 - Mesas de comedor; -;Salón;;00362019011407;MESA RECTANGULAR MOD. TIMOR 140-180 X 90 X 74 BLAN BOGAL CNG019NS REACONDICIONADO B;;0;1;0;0;1;No;"242,7";"237,63";"530,08";;319;"519,01";"0,45756810292786";"0,098644827586207";;;S;S;N;N;LIQUIDACION;;5;"242,7";"237,63";"530,08"
ALMACEN REPARACIONES;MUEBLES AZOR S.A.;VENECIA;00001 - Muebles;00057 - Asientos;00002 - Sofás;00002 - Butacas; -;Asientos;6348784;04353001010053;RELAX POWER LIFT  (1 MOTOR ) MOD. VENECIA. T/ASH VENECIA CX1036AS;CX1036AS;0;1;1;0;2;No;"314,16";"267,68";639;;;;"0,493125508607199";"0,493125508607199";21/05/2024;30/05/2024;S;S;N;N;LIQUIDACION;8435676701432;;"314,16";"267,68";639
ALMACEN REPARACIONES;"MUEBLES CAMPA, S.A.";ALTON;00001 - Muebles;00052 - Salón;00002 - Salón comedor;00003 - Modulos; -;Salón;6367896;03887031010059;KIT JUEGO DE LUCES SUPERIOR Y LAERAL RUTH ALTON AL373K;AL373K;0;1;1;0;2;No;"72,75";"72,75";149;;;;"0,409211409395973";"0,409211409395973";22/09/2022;;S;N;S;S;PRODUCTO KIBUC;;;"72,75";"72,75";149
ALMACEN REPARACIONES;"MUEBLES CAMPA, S.A.";KIBUC;0 - SIN FAMILIA; -; -; -; -;Salón;;03887031001592;"MÓDULO 2 PUERTAS 60X115,2X45 CM";110091K;0;0;-1;0;-1;No;"142,31";"137,83";327;"138,04";;;"0,489986850152905";"0,489986850152905";07/01/2026;27/01/2026;S;N;S;S;VENDER;;;0;0;0
ALMACEN REPARACIONES;"MUEBLES CAMPA, S.A.";KIBUC;0 - SIN FAMILIA; -; -; -; -;Salón;;03887031001900;"MODULO HUECO CON 2 MEDIOS DE 186X43,3X45";13011874k;0;0;-1;0;-1;No;"123,05";"122,08";283;"119,36";;;"0,478032508833922";"0,478032508833922";07/01/2026;27/01/2026;S;N;S;S;VENDER;;;0;0;0
ALMACEN REPARACIONES;"MUEBLES CAMPA, S.A.";KIBUC;0 - SIN FAMILIA; -; -; -; -;Salón;;03887031002385;TAPAS FONDO 45 CM METRO LINEAL GRUESO DE 19MM;110256K;0;"2,52";"2,52";0;"5,04";No;"23,54";"26,95";54;"22,83";;;"0,39612037037037";"0,39612037037037";07/01/2026;27/01/2026;S;N;S;S;VENDER;;;"59,3208";"67,914";"136,08"
ALMACEN REPARACIONES;"MUEBLES CAMPA, S.A.";KIBUC;0 - SIN FAMILIA; -; -; -; -;Salón;;03887031002387;TAPAS FONDO 35 CM METRO LINEAL GRUESO DE 19MM;110255K;0;"1,2";"1,2";0;"2,4";No;"18,19";"17,8";42;"17,64";;;"0,487190476190476";"0,487190476190476";26/09/2025;03/03/2025;S;N;S;S;VENDER;;;"21,828";"21,36";"50,4"
ALMACEN REPARACIONES;"MUEBLES CAMPA, S.A.";KIBUC;0 - SIN FAMILIA; -; -; -; -;Salón;;03887031002742;MESA CENTRO SENA ELEVABLE 100X41X60 COSTADOS DE 6CM;111546K;0;1;1;0;2;No;"195,81";"191,89";450;"189,94";;;"0,484029111111111";"0,484029111111111";21/01/2025;07/11/2024;S;N;S;S;VENDER;;;"195,81";"191,89";450
ALMACEN REPARACIONES;"MUEBLES CAMPA, S.A.";KIBUC;00001 - Muebles;00052 - Salón;00002 - Salón comedor; -; -;Salón;;03887001000656;"COSTADOS CIERRE MODULOS COLGAR F35 38,4X35X5 CM IZQ.";10383K;0;1;1;0;2;No;17;"16,66";39;;;;"0,483112820512821";"0,483112820512821";04/01/2024;14/10/2023;S;N;S;S;VENDER;;;17;"16,66";39
ALMACEN REPARACIONES;"MUEBLES CAMPA, S.A.";KIBUC;00001 - Muebles;00052 - Salón;00002 - Salón comedor; -; -;Salón;;03887013000124;"EVEN MODULO 1 PUERTA IZQ. 60X57,6X45CM";224K;0;0;-1;0;-1;No;"90,3";"87,59";208;"87,59";;;"0,490462019230769";"0,490462019230769";18/11/2025;26/11/2025;S;N;S;S;VENDER;;;0;0;0
ALMACEN REPARACIONES;"MUEBLES CAMPA, S.A.";KIBUC;00001 - Muebles;00052 - Salón;00002 - Salón comedor; -; -;Salón;;03887013000152;"EVEN MODULO 3 PUERTAS IZQ. + HUECO DER. 180X57,6X45CM";252K;0;1;1;0;2;No;"239,4";"234,61";551;"232,22";;;"0,484794736842105";"0,484794736842105";26/09/2025;02/07/2025;S;N;S;S;VENDER;;;"239,4";"234,61";551
ALMACEN REPARACIONES;"MUEBLES CAMPA, S.A.";KIBUC;00001 - Muebles;00052 - Salón;00002 - Salón comedor; -; -;Salón;;03887013000167;"EVEN MODULO 1 CAJON + 1 PUERTA DER. 45X76,8X45CM";267K;0;0;-1;0;-1;No;"138,6";"135,83";319;"134,44";;;"0,48478275862069";"0,48478275862069";04/07/2025;10/07/2025;S;N;S;S;VENDER;;;0;0;0
ALMACEN REPARACIONES;"MUEBLES CAMPA, S.A.";KIBUC;00001 - Muebles;00052 - Salón;00002 - Salón comedor; -; -;Salón;;03887013000253;EVEN ZOCALO 8CM 140X8X40CM;353K;0;1;1;0;2;No;"22,05";"21,83";51;"21,39";;;"0,482072549019608";"0,482072549019608";10/12/2025;22/12/2025;S;N;S;S;VENDER;;;"22,05";"21,83";51
ALMACEN REPARACIONES;"MUEBLES CAMPA, S.A.";NINGUNA;00001 - Muebles;00052 - Salón;00002 - Salón comedor;00003 - Modulos; -;Salón;;03887031010224;ACCESORIO MOBILIARIO  C INVENTARIABLE;3887INV;0;26;25;0;51;No;0;"7,8";0;;;;;;07/01/2026;22/01/2026;S;N;S;S;VENDER;;;0;"202,8";0
ALMACEN REPARACIONES;"MUEBLES GRUPO SEYS, S.A.";BARI;00001 - Muebles;00052 - Salón;00001 - Convencional;00002 - Mesas de comedor; -;Salón;;00341001015641;"MESA DE 142 ESTIRABLE GARRAITZ ME040 ACABADO B,#ACABADO EN ARMAZON NEGRO HUMO, TAPA AVENA";ME040 ACABADO B;0;0;-1;0;-1;No;"769,41";"769,41";"1507,03";;;;"0,382237845298368";"0,382237845298368";19/05/2025;14/08/2025;S;S;N;N;LIQUIDACION;;;0;0;0
ALMACEN REPARACIONES;"MUEBLES GRUPO SEYS, S.A.";ESSENCIAL;00001 - Muebles;00052 - Salón;00002 - Salón comedor;00003 - Modulos; -;Salón;6365403-208;00341001014647;"APARADOR 187X88 RODAS ESSENCIAL RC001 ACABADO TEXTURADO,#ACABADO EN ROBLE";RC001 ACABADO TEXTURADO;0;0;-1;0;-1;No;"971,61";"870,4";"1904,99";;1179;"1904,99";"0,447144604433619";"0,106714164546226";;06/08/2025;S;S;N;N;LIQUIDACION;;12;0;0;0
ALMACEN REPARACIONES;"MUEBLES GRUPO SEYS, S.A.";MECINA;00001 - Muebles;00056 - Auxiliares;00001 - Mueble Auxiliar;00006 - Mesas; -;Mueble Auxiliar;6351350;00341001015832;"MESA CENTRO ELEVABLE MECINA ME036 ARENADO,#ACABADO EN AVENA + TAGUA";ME036 ARENADO;0;0;-1;0;-1;No;"259,97";"259,97";"512,13";;;;"0,385773729326538";"0,385773729326538";07/01/2026;16/01/2026;S;S;S;S;VENDER;;;0;0;0
ALMACEN REPARACIONES;"MUEBLES GRUPO SEYS, S.A.";NANTES;00001 - Muebles;00050 - Dormitorios Matrimonio;00001 - Dormitorio;00002 - Cabezales; -;Dormitorios matrimonio;;00341001015647;"ESCRITORIO NANTES 115X77X53 ACABADO B ND006,#ACABADO EN AVENA BLANCO DECAPE";ND006;0;0;-1;0;-1;No;"328,25";"328,25";"640,8";;;;"0,380177122347066";"0,380177122347066";19/05/2025;28/05/2025;S;S;N;N;LIQUIDACION;;;0;0;0
ALMACEN REPARACIONES;"MUEBLES GRUPO SEYS, S.A.";NINGUNA;00001 - Muebles;00050 - Dormitorios Matrimonio;00001 - Dormitorio;00002 - Cabezales; -;Dormitorios matrimonio;;00341001014848;"CABECERO SIROCO 150 SERIE B  CA153,#ACABADO EN BLANCO DECAPE FRENTES BLANCO DECAPE";CA153;0;1;1;0;2;No;"378,14";"347,12";"737,98";;;;"0,430858288842516";"0,430858288842516";12/02/2026;12/02/2026;S;N;S;S;VENDER;;;"378,14";"347,12";"737,98"
ALMACEN REPARACIONES;"MUEBLES GRUPO SEYS, S.A.";NINGUNA;00001 - Muebles;00050 - Dormitorios Matrimonio;00001 - Dormitorio;00002 - Cabezales; -;Dormitorios matrimonio;;00341001015816;"CABECERO NIGER DE 135 ACABADO C CA105,#ACABADO EN BLANCO TOSCA";CA105;0;0;-1;0;-1;No;"149,68";"149,68";"292,2";;;;"0,380175222450376";"0,380175222450376";19/11/2025;19/11/2025;S;N;N;N;LIQUIDACION;;;0;0;0
ALMACEN REPARACIONES;"MUEBLES GRUPO SEYS, S.A.";NINGUNA;00001 - Muebles;00050 - Dormitorios Matrimonio;00001 - Dormitorio;00005 - Mesitas de noche; -;Dormitorios matrimonio;6283403-54308;00341001014618;"MESITA 3 CAJONES AMBERES ACABADO ARENA  AD002,#ACABADO EN BLANCO ALBO TAPA ARCE";AD002;0;0;-4;0;-4;No;"241,59";"239,47";"480,69";;;;"0,397202562982379";"0,397202562982379";19/11/2025;03/02/2026;S;N;S;S;VENDER;;;0;0;0
ALMACEN REPARACIONES;"MUEBLES GRUPO SEYS, S.A.";NINGUNA;00001 - Muebles;00050 - Dormitorios Matrimonio;00001 - Dormitorio;00099 - Acc. Dormitorios; -;Dormitorios matrimonio;;00341001014810;ACCESORIO MOBILIARIO  C INVENTARIABLE;341INV;0;8;8;0;16;No;0;"15,44";0;;;;;;12/02/2026;28/01/2026;S;N;S;S;VENDER;;;0;"123,52";0
ALMACEN REPARACIONES;"MUEBLES GRUPO SEYS, S.A.";NINGUNA;00001 - Muebles;00051 - Camas juveniles;00001 - Convencional;00002 - Cabezales juveniles; -;Dormitorios Juveniles;;00341001015063;"CABECERO SIROCO 150 SERIE TEXTURADO  CA153,#ACABADO EN BLANCO ALBO";CA153;0;0;-1;0;-1;No;"417,53";"393,77";"814,85";;"733,37";"814,85";"0,415276799410935";"0,35031198440078";28/01/2026;10/02/2026;S;N;S;S;VENDER;;;0;0;0
ALMACEN REPARACIONES;"MUEBLES GRUPO SEYS, S.A.";NINGUNA;00001 - Muebles;00051 - Camas juveniles;00001 - Convencional;00002 - Cabezales juveniles; -;Dormitorios Juveniles;;00341001015184;"CABECERO SIROCO 150 SERIE B  CA153,#ACABADO EN A ELEGIR";CA153;0;0;-1;0;-1;No;"378,14";"325,97";"737,98";;"664,18";"737,98";"0,465536057887748";"0,406149387214309";10/12/2025;10/12/2024;S;N;S;S;VENDER;;;0;0;0
ALMACEN REPARACIONES;"MUEBLES GRUPO SEYS, S.A.";NINGUNA;00001 - Muebles;00051 - Camas juveniles;00001 - Convencional;00006 - Mesitas de noche juveniles; -;Dormitorios Juveniles;;00341001014935;"INCREMENTO POR TAPA DE PIEDRA APARADOR, TV 190 TALLIN TX003,#ACABADO EN WHITE GOLD";;0;1;0;0;1;No;"199,58";"145,7";"396,92";;"357,23";"396,92";"0,555837448352313";"0,506488816728718";15/10/2025;31/10/2025;S;N;S;S;VENDER;;;"199,58";"145,7";"396,92"
ALMACEN REPARACIONES;"MUEBLES GRUPO SEYS, S.A.";NINGUNA;00001 - Muebles;00051 - Camas juveniles;00002 - Modular;00004 - Modulos; -;Dormitorios Juveniles;6283793-54308;00341001014620;"COMODA CON PUERTA AMBERES ACABADO A LA ARENA  AD006,#ACABADO EN BLANCO ALBO TAPA ARCE";AD006;0;0;-2;0;-2;No;"827,19";"815,34";"1622,26";;1239;"1622,26";"0,391859874496073";"0,20374382566586";07/01/2026;03/02/2026;S;N;N;N;BAJA ROTACION;;;0;0;0
ALMACEN REPARACIONES;"MUEBLES GRUPO SEYS, S.A.";NINGUNA;00001 - Muebles;00052 - Salón;00001 - Convencional;00002 - Mesas de comedor; -;Salón;;00341001015588;"MESA DE 142 ESTIRABLE GARRAITZ ME040 TEXTURADO,#ACABADO EN ACABADOS ARENA/TEXTURADO BLANCO ALBO VERDE JADE";ME040 TEXTURADO;0;0;-1;0;-1;No;"890,21";"890,21";"1737,43";;;;"0,380030217044715";"0,380030217044715";29/04/2025;19/06/2025;S;N;N;N;LIQUIDACION;;;0;0;0
ALMACEN REPARACIONES;"MUEBLES GRUPO SEYS, S.A.";NINGUNA;00001 - Muebles;00052 - Salón;00001 - Convencional;00004 - Vitrinas; -;Salón;;00341001015769;"VITRINA ALTA RODAS ACABADO B  RC006,#ACABADO EN AVENA NOGAL RETORNO";RC006;0;0;-1;0;-1;No;"871,83";"871,83";"1706,02";;;;"0,381651856367452";"0,381651856367452";19/11/2025;22/11/2025;S;N;N;N;LIQUIDACION;;;0;0;0
ALMACEN REPARACIONES;"MUEBLES GRUPO SEYS, S.A.";NINGUNA;00001 - Muebles;00052 - Salón;00002 - Salón comedor;00001 - Muebles tv; -;Salón;;00341001015767;"VITRINA BAJA RODAS ACABADO B RC005,#ACABADO EN AVENA NOGAL RETORNO";RC005;0;0;-1;0;-1;No;"698,52";"698,52";"1370,9";;;;"0,383464001750675";"0,383464001750675";19/11/2025;22/11/2025;S;N;N;N;LIQUIDACION;;;0;0;0
ALMACEN REPARACIONES;"MUEBLES GRUPO SEYS, S.A.";NINGUNA;00001 - Muebles;00056 - Auxiliares;00001 - Mueble Auxiliar;00019 - Comodas; -;Dormitorios Juveniles;;00341001014851;"COMODIN TALLIN 134X86X41 TD104 ACABADO TEXTURADO,#ACABADO EN BLANCO DECAPE FRENTES BLANCO DECAPE";TD104;0;1;1;0;2;No;"869,2";"725,26";"1696,32";;"1526,69";"1696,32";"0,482665652707036";"0,425184811585849";12/02/2026;12/02/2026;S;N;N;N;LIQUIDACION;;;"869,2";"725,26";"1696,32"
ALMACEN REPARACIONES;"MUEBLES GRUPO SEYS, S.A.";QUEBEC;00001 - Muebles;00052 - Salón;00002 - Salón comedor;00001 - Muebles tv; -;Salón;;00341001014985;"MESA DE TV DE 164X68X43 QUEBEC QC002 ACABADO TEXTURADO,#ACABADO EN ACABADO EN BLANCO ALBO TAPA EN ROBLE";QC002 TEXTURADO;0;0;-1;0;-1;No;"674,88";"674,88";"1318,54";;;;"0,380674989002988";"0,380674989002988";04/08/2025;16/09/2025;S;N;S;S;VENDER;;;0;0;0
ALMACEN REPARACIONES;"MUEBLES GRUPO SEYS, S.A.";TALLIN;00001 - Muebles;00056 - Auxiliares;00001 - Mueble Auxiliar;00006 - Mesas; -;Mueble Auxiliar;;00341001015791;"MESA TV. DE 231 TALLIN TC105 ACABADO TEXTURADO,#ACABADO EN AVENA ARCE";TC105 TEXTURADO;0;0;-1;0;-1;No;"966,36";"937,37";"1894,52";;;;"0,401316586787155";"0,401316586787155";15/10/2025;04/11/2025;S;N;S;S;VENDER;;;0;0;0
ALMACEN REPARACIONES;"MUEBLES GRUPO SEYS, S.A.";VENETO;00001 - Muebles;00050 - Dormitorios Matrimonio;00001 - Dormitorio;00011 - Espejos; -;Dormitorios matrimonio;6339829-3615;00341001014579;"ESPEJO ENOL 85X60 VENETO EC018 ACABADO TEXTURADO,#ACABADO EN ARCE";EC018 ACABADO TEXTURADO;0;1;0;0;1;No;"107,67";"100,79";"210,98";;;;"0,421955161626694";"0,421955161626694";07/01/2026;26/11/2025;S;S;N;N;BAJA ROTACION;;;"107,67";"100,79";"210,98"
ALMACEN REPARACIONES;MUEBLES MAGINA S.L.;NINGUNA;0 - SIN FAMILIA; -; -; -; -;Dormitorios Juveniles;;01126001013237;ACCESORIO C INVENTARIABLE;1126INV;0;3;3;0;6;No;0;"22,36";0;;0;0;;;10/02/2026;31/01/2026;S;N;S;S;VENDER;;;0;"67,08";0
ALMACEN REPARACIONES;MUEBLES MAGINA S.L.;NINGUNA;00001 - Muebles;00051 - Camas juveniles;00002 - Modular;00001 - Armarios; -;Dormitorios Juveniles;;01126001014471;PRESUPUESTO 2513 SIERRA NEVADA;2513;0;0;-1;0;-1;No;"2194,96";"2194,96";"4599,88";;"3909,9";"4599,88";"0,422615024739776";"0,32072390598225";23/12/2025;24/12/2025;S;N;S;S;VENDER;;;0;0;0
ALMACEN REPARACIONES;MUEBLES MAGINA S.L.;WHYNOT18;00001 - Muebles;00051 - Camas juveniles;00002 - Modular;00004 - Modulos; -;Dormitorios Juveniles;6292907-44727;01126001013048;"COSTADO ANGULO 23X49 WHYNOT18 6030,#ACABADO EN TAMMI";6030;0;0;-3;0;-3;No;"15,36";"14,76";"30,06";;"25,55";"30,06";"0,405868263473054";"0,300994129158513";;21/11/2023;S;N;N;N;LIQUIDACION;;;0;0;0
ALMACEN REPARACIONES;MUEBLES MAGINA S.L.;WHYNOT18;00001 - Muebles;00051 - Camas juveniles;00002 - Modular;00004 - Modulos; -;Dormitorios Juveniles;6293190-43915;01126001013033;"REGLETA A MEDIDA DE 20X240 CANTEADA 4 CANTOS WHYNOT18 3201,#ACABADO EN POLAR";3201;0;1;1;0;2;No;"15,86";"13,83";"31,14";;"26,47";"31,14";"0,462610789980732";"0,367801284472988";;;S;S;N;N;LIQUIDACION;;;"15,86";"13,83";"31,14"
ALMACEN REPARACIONES;MUEBLES MAGINA S.L.;WHYNOT22;00001 - Muebles;00051 - Camas juveniles;00001 - Convencional;00004 - Sinfoniers juveniles; -;Dormitorios Juveniles;6391893;01126001013979;"XIFONIER 90X102X41 2 PUERTAS WHYNOT22 5125,#ACABADO EN POLAR / TORTORA";5125;0;0;-1;0;-1;No;"97,62";"89,08";"196,76";;"167,25";"196,76";"0,452191502337874";"0,355534828101644";21/04/2025;24/05/2025;S;N;S;S;VENDER;;;0;0;0
ALMACEN REPARACIONES;MUEBLES MAGINA S.L.;WHYNOT22;00001 - Muebles;00051 - Camas juveniles;00001 - Convencional;00004 - Sinfoniers juveniles; -;Dormitorios Juveniles;6391901;01126001012872;SIFONIER GALA 45X106X42 6C WHYNOT22 5305;5305;0;0;-1;0;-1;No;"139,75";"139,75";"280,06";;"238,05";"280,06";"0,396209740769835";"0,289655534551565";02/12/2025;23/07/2025;S;N;S;S;VENDER;;;0;0;0
ALMACEN REPARACIONES;MUEBLES MAGINA S.L.;WHYNOT22;00001 - Muebles;00051 - Camas juveniles;00001 - Convencional;00006 - Mesitas de noche juveniles; -;Dormitorios Juveniles;6391315;01126001012289;MESITA 45X18X40 CON COLGADORES 1 CAJON WHYNOT22 5030;5030;0;0;-1;0;-1;No;"36,67";"36,67";"71,74";;"60,98";"71,74";"0,38150683022024";"0,272372909150541";24/07/2025;04/08/2025;S;N;S;S;VENDER;;;0;0;0
ALMACEN REPARACIONES;MUEBLES MAGINA S.L.;WHYNOT22;00001 - Muebles;00051 - Camas juveniles;00001 - Convencional;00011 - Escritorios juveniles; -;Dormitorios Juveniles;6391055;01126001012030;ESCRITORIO FIJO 100X75X54 WHYNOT22 6271;6271;0;0;-1;0;-1;No;"73,34";"73,34";"144,7";;123;"144,7";"0,386721492743607";"0,278525203252033";29/10/2025;31/10/2025;S;N;S;S;VENDER;;;0;0;0
ALMACEN REPARACIONES;MUEBLES MAGINA S.L.;WHYNOT22;00001 - Muebles;00051 - Camas juveniles;00001 - Convencional;00014 - Literas; -;Dormitorios Juveniles;6391270;01126001012244;LITERA MAXI METAL 202X172X145 BRAZO IZQ C/ARRASTRE WHYNOT22 9016;9016;0;0;-1;0;-1;No;"558,48";"558,48";"1092,08";;"928,27";"1092,08";"0,381216760676873";"0,272021286910058";29/10/2025;30/10/2025;S;N;S;S;VENDER;;;0;0;0
ALMACEN REPARACIONES;MUEBLES MAGINA S.L.;WHYNOT22;00001 - Muebles;00051 - Camas juveniles;00001 - Convencional;00014 - Literas; -;Dormitorios Juveniles;6391271;01126001013931;"LITERA MAXI METAL 202X172X145 BRAZO IZQ 2 C/RUEDAS WHYNOT22 9017,#ACABADO EN COTTON";9017;0;0;-1;0;-1;No;"551,55";"503,3";"1081,67";;"919,42";"1081,67";"0,436988175691292";"0,337633508081182";21/04/2025;24/04/2025;S;N;S;S;VENDER;;;0;0;0
ALMACEN REPARACIONES;MUEBLES MAGINA S.L.;WHYNOT22;00001 - Muebles;00051 - Camas juveniles;00001 - Convencional;00035 - Nidos; -;Dormitorios Juveniles;6391551;01126001012524;NIDO B/30 BRAZOS 2 CAJ/RUEDAS 105X180 WHYNOT22 8382A;8382A;0;0;-1;0;-1;No;"248,27";"248,27";"488,25";;"415,01";"488,25";"0,384727700972862";"0,276145876002988";05/06/2025;17/06/2025;S;N;S;S;VENDER;;;0;0;0
ALMACEN REPARACIONES;MUEBLES MAGINA S.L.;WHYNOT22;00001 - Muebles;00051 - Camas juveniles;00001 - Convencional;00035 - Nidos; -;Dormitorios Juveniles;6391559;01126001012532;NIDO B/30 BRAZOS 2 CONTENEDORES 105X200 WHYNOT22 8583A;8583A;0;0;-1;0;-1;No;"331,02";"317,97";"654,8";;"556,58";"654,8";"0,412425626145388";"0,30873603075928";19/12/2024;25/01/2025;S;N;S;S;VENDER;;;0;0;0
ALMACEN REPARACIONES;MUEBLES MAGINA S.L.;WHYNOT22;00001 - Muebles;00051 - Camas juveniles;00001 - Convencional;00035 - Nidos; -;Dormitorios Juveniles;6391609;01126001014312;"NIDO B30 3 CONTENEDORES 105X190 WHYNOT22 8377A,#ACABADO EN COLOR A ELEGIR";8377A;0;0;-1;0;-1;No;"287,91";"287,91";"561,11";;"476,94";"561,11";"0,379139384434425";"0,269570386212102";29/10/2025;05/12/2025;S;N;S;S;VENDER;;;0;0;0
ALMACEN REPARACIONES;MUEBLES MAGINA S.L.;WHYNOT22;00001 - Muebles;00051 - Camas juveniles;00001 - Convencional;00035 - Nidos; -;Dormitorios Juveniles;6391637;01126001012610;NIDO C/BAN DCHA 90X190 C/ARRASTRE WHYNOT22 8359;8359;0;0;-1;0;-1;No;"158,08";"150,18";"311,29";;"264,6";"311,29";"0,416242731857753";"0,313235827664399";12/11/2025;19/11/2025;S;N;S;S;VENDER;;;0;0;0
ALMACEN REPARACIONES;MUEBLES MAGINA S.L.;WHYNOT22;00001 - Muebles;00051 - Camas juveniles;00001 - Convencional;00035 - Nidos; -;Dormitorios Juveniles;6391682;01126001012655;NIDO 105X190 C/ARRASTRE WHYNOT22 8311A;8311A;0;0;-2;0;-2;No;"168,98";"154,2";"332,09";;"282,28";"332,09";"0,438158330573037";"0,339017996315715";21/11/2024;25/11/2024;S;N;S;S;VENDER;;;0;0;0
ALMACEN REPARACIONES;MUEBLES MAGINA S.L.;WHYNOT22;00001 - Muebles;00051 - Camas juveniles;00001 - Convencional;00099 - Acc. Dormitorio; -;Dormitorios Juveniles;6392008;01126001012979;PASACABLES PARA ENCIMERA WHYNOT22 6132;6132;0;0;-1;0;-1;No;"2,97";"2,97";"6,13";;"5,21";"6,13";"0,413752039151713";"0,310230326295585";10/02/2026;02/02/2026;S;N;S;S;VENDER;;;0;0;0
ALMACEN REPARACIONES;MUEBLES MAGINA S.L.;WHYNOT22;00001 - Muebles;00051 - Camas juveniles;00002 - Modular;00001 - Armarios; -;Dormitorios Juveniles;6389374;01126001010351;ARM. CORRED. INTERIOR 160X240X66 2 PTAS 3 PANELES WHYNOT22 2309;2309;0;0;-1;0;-1;No;"515,86";"515,86";"1008,77";;"857,45";"1008,77";"0,381235960625316";"0,272038486209108";22/01/2026;23/07/2025;S;N;S;S;VENDER;;;0;0;0
ALMACEN REPARACIONES;MUEBLES MAGINA S.L.;WHYNOT22;00001 - Muebles;00051 - Camas juveniles;00002 - Modular;00001 - Armarios; -;Dormitorios Juveniles;6389441;01126001014218;"ARMARIO ALTO 50X128X56 1P WHYNOT22 1356,#ACABADO EN TOSTADO";1356;0;0;-2;0;-2;No;"85,24";"85,24";"165,53";;"140,7";"165,53";"0,376908113332931";"0,266948116560057";25/09/2025;14/10/2025;S;N;S;S;VENDER;;;0;0;0
ALMACEN REPARACIONES;MUEBLES MAGINA S.L.;WHYNOT22;00001 - Muebles;00051 - Camas juveniles;00002 - Modular;00001 - Armarios; -;Dormitorios Juveniles;6389442;01126001014421;"ARMARIO ALTO 50X144X56 1P WHYNOT22 1360,#ACABADO EN TOSTADO";1360;0;0;-1;0;-1;No;"90,69";"90,69";"186,36";;"158,41";"186,36";"0,411167095943335";"0,307272899438167";02/12/2025;17/12/2025;S;N;S;S;VENDER;;;0;0;0
ALMACEN REPARACIONES;MUEBLES MAGINA S.L.;WHYNOT22;00001 - Muebles;00051 - Camas juveniles;00002 - Modular;00001 - Armarios; -;Dormitorios Juveniles;6389574;01126001014216;"ARMARIO BAJO C/ZOCALO 50X54X56 3C WHYNOT22 1890,#ACABADO EN COTTON FUME";1890;0;0;-2;0;-2;No;"91,18";"91,18";"186,36";;"158,41";"186,36";"0,407985619231595";"0,303530080171706";31/12/2025;14/10/2025;S;N;S;S;VENDER;;;0;0;0
ALMACEN REPARACIONES;MUEBLES MAGINA S.L.;WHYNOT22;00001 - Muebles;00051 - Camas juveniles;00002 - Modular;00001 - Armarios; -;Dormitorios Juveniles;6389725;01126001010702;ARMARIO CORRED. INTERIOR 220X240X66 2 PTAS 1 PANEL WHYNOT22 2298;2298;0;0;-1;0;-1;No;"583,75";"583,75";"1144,11";;"972,49";"1144,11";"0,382631477742525";"0,273681477444498";23/12/2025;26/12/2025;S;N;S;S;VENDER;;;0;0;0
ALMACEN REPARACIONES;MUEBLES MAGINA S.L.;WHYNOT22;00001 - Muebles;00051 - Camas juveniles;00002 - Modular;00001 - Armarios; -;Dormitorios Juveniles;6390029;01126001011006;ARMARIO 145X220X56 3P 2C 2 CONT. WHYNOT22 1146;1146;0;0;-1;0;-1;No;"376,62";"376,62";"738,12";;"627,4";"738,12";"0,382606893188099";"0,27365285304431";05/06/2025;01/07/2025;S;N;S;S;VENDER;;;0;0;0
ALMACEN REPARACIONES;MUEBLES MAGINA S.L.;WHYNOT22;00001 - Muebles;00051 - Camas juveniles;00002 - Modular;00001 - Armarios; -;Dormitorios Juveniles;6390053;01126001011030;ARMARIO 150X240X56 3P 2C 2 CONT. WHYNOT22 2429;2429;0;0;-1;0;-1;No;"404,37";"404,37";"790,17";;"671,64";"790,17";"0,380781730513687";"0,271503037341433";05/06/2025;20/06/2025;S;N;S;S;VENDER;;;0;0;0
ALMACEN REPARACIONES;MUEBLES MAGINA S.L.;WHYNOT22;00001 - Muebles;00051 - Camas juveniles;00002 - Modular;00001 - Armarios; -;Dormitorios Juveniles;6390230;01126001011207;ARMARIO 80X240X56 2P WHYNOT22 2368;2368;0;0;-1;0;-1;No;"181,87";"181,87";"363,34";;"308,84";"363,34";"0,394333957175098";"0,287454021499806";27/06/2025;21/07/2025;S;N;S;S;VENDER;;;0;0;0
ALMACEN REPARACIONES;MUEBLES MAGINA S.L.;WHYNOT22;00001 - Muebles;00051 - Camas juveniles;00002 - Modular;00002 - Camas; -;Dormitorios Juveniles;6390456;01126001014352;"CAMA ABAT VERTICAL (135X190) 153.5X240X42.5 1P+ALT WHYNOT22 9925,#ACABADO EN ACABADO POLAR";9925;0;0;-1;0;-1;No;"560,97";"532,92";"1102,51";;"937,13";"1102,51";"0,415122583922141";"0,311906352373737";15/10/2025;03/12/2025;S;N;S;S;VENDER;;;0;0;0
ALMACEN REPARACIONES;MUEBLES MAGINA S.L.;WHYNOT22;00001 - Muebles;00051 - Camas juveniles;00002 - Modular;00002 - Camas; -;Dormitorios Juveniles;6390458;01126001011433;CAMA ABAT VERTICAL (150X190) 168.5X240X42.5 1P+ALT WHYNOT22 9926;9926;0;0;-1;0;-1;No;"590,7";"590,7";"1154,56";;"981,38";"1154,56";"0,380935594512195";"0,271691903238297";25/09/2025;02/10/2025;S;N;S;S;VENDER;;;0;0;0
ALMACEN REPARACIONES;MUEBLES MAGINA S.L.;WHYNOT22;00001 - Muebles;00051 - Camas juveniles;00002 - Modular;00002 - Camas; -;Dormitorios Juveniles;6390499;01126001011474;CAMA ABAT. HORIZONTAL (90X200) 221.2X210X42.5 2P WHYNOT22 9325;9325;0;0;-2;0;-2;No;"1004,48";"1004,48";"1966,59";;"1671,6";"1966,59";"0,381965330851881";"0,272899736779134";23/12/2025;24/12/2025;S;N;S;S;VENDER;;;0;0;0
ALMACEN REPARACIONES;MUEBLES MAGINA S.L.;WHYNOT22;00001 - Muebles;00051 - Camas juveniles;00002 - Modular;00002 - Camas; -;Dormitorios Juveniles;6390500;01126001013724;"CAMA ABAT. VERTICAL (90X190) 108.6X226.5X42.5 1P+ALT WHYNOT22 9975,#ACABADO EN POLAR";9975;0;0;-1;0;-1;No;"465,82";"425,07";"915,11";;"777,84";"915,11";"0,437953142245195";"0,338765427337241";21/11/2024;31/01/2025;S;N;S;S;VENDER;;;0;0;0
ALMACEN REPARACIONES;MUEBLES MAGINA S.L.;WHYNOT22;00001 - Muebles;00051 - Camas juveniles;00002 - Modular;00002 - Camas; -;Dormitorios Juveniles;6390623;01126001011598;CAMA BAJA COMP.66 B30 105X190 NIDO OCULTO WHYNOT22 9290;9290;0;0;-2;0;-2;No;"95,64";"95,64";"186,35";;"158,4";"186,35";"0,378994365441374";"0,269416666666667";12/12/2025;16/12/2025;S;N;S;S;VENDER;;;0;0;0
ALMACEN REPARACIONES;MUEBLES MAGINA S.L.;WHYNOT22;00001 - Muebles;00051 - Camas juveniles;00002 - Modular;00002 - Camas; -;Dormitorios Juveniles;6390671;01126001011646;CAMA DESPLAZ. COMP.70 B20 90X180 LARGUEROS WHYNOT22 9122;9122;0;0;-1;0;-1;No;"67,89";"63,93";"134,3";;"114,16";"134,3";"0,424011169024572";"0,32239576033637";22/01/2026;28/01/2026;S;N;S;S;VENDER;;;0;0;0
ALMACEN REPARACIONES;MUEBLES MAGINA S.L.;WHYNOT22;00001 - Muebles;00051 - Camas juveniles;00002 - Modular;00002 - Camas; -;Dormitorios Juveniles;6390767;01126001011742;CANAPE ARO 90X190 APERTURA VERTICAL WHYNOT22 8694;8694;0;0;-1;0;-1;No;"260,17";"260,17";"509,1";;"432,74";"509,1";"0,381642702808878";"0,272529232333503";23/12/2025;26/12/2025;S;N;S;S;VENDER;;;0;0;0
ALMACEN REPARACIONES;MUEBLES MAGINA S.L.;WHYNOT22;00001 - Muebles;00051 - Camas juveniles;00002 - Modular;00002 - Camas; -;Dormitorios Juveniles;6390770;01126001011745;CANAPE 105X190 APERTURA VERTICAL WHYNOT22 8688;8688;0;0;-2;0;-2;No;"193,76";"193,76";"384,15";;"326,53";"384,15";"0,389692568007289";"0,281996753743913";22/01/2026;28/01/2026;S;N;S;S;VENDER;;;0;0;0
ALMACEN REPARACIONES;MUEBLES MAGINA S.L.;WHYNOT22;00001 - Muebles;00051 - Camas juveniles;00002 - Modular;00002 - Camas; -;Dormitorios Juveniles;6390771;01126001014457;"CANAPE 105X200 APERTURA HORIZONTAL WHYNOT22 8708,#ACABADO EN A ELEGIR";8708;0;0;-1;0;-1;No;"218,53";"218,53";"425,78";;"361,91";"425,78";"0,378972004321481";"0,269372772236191";23/12/2025;29/12/2025;S;N;S;S;VENDER;;;0;0;0
ALMACEN REPARACIONES;MUEBLES MAGINA S.L.;WHYNOT22;00001 - Muebles;00051 - Camas juveniles;00002 - Modular;00002 - Camas; -;Dormitorios Juveniles;6390775;01126001011750;CANAPE 150X190 APERTURA VERTICAL WHYNOT22 8692;8692;0;1;1;0;2;No;"235,39";"214,8";"467,44";;"397,32";"467,44";"0,443975697415711";"0,345847176079734";23/11/2023;29/12/2023;S;N;S;S;VENDER;;;"235,39";"214,8";"467,44"
ALMACEN REPARACIONES;MUEBLES MAGINA S.L.;WHYNOT22;00001 - Muebles;00051 - Camas juveniles;00002 - Modular;00002 - Camas; -;Dormitorios Juveniles;6390777;01126001011752;CANAPE 90X190 APERTURA HORIZONTAL WHYNOT22 8705;8705;0;0;-1;0;-1;No;"203,18";"203,18";"404,99";;"344,24";"404,99";"0,392953406256945";"0,285824424819893";27/06/2025;08/07/2025;S;N;S;S;VENDER;;;0;0;0
ALMACEN REPARACIONES;MUEBLES MAGINA S.L.;WHYNOT22;00001 - Muebles;00051 - Camas juveniles;00002 - Modular;00003 - Elementos; -;Dormitorios Juveniles;6390864;01126001011839;DIVISION INTERIOR ARMARIO 125 DE ESTANTE A ESTANTE WHYNOT22 3179;3179;0;0;-1;0;-1;No;"20,31";"20,31";"40,47";;"34,4";"40,47";"0,392757598220904";"0,285607558139535";05/06/2025;05/07/2025;S;N;S;S;VENDER;;;0;0;0
ALMACEN REPARACIONES;MUEBLES MAGINA S.L.;WHYNOT22;00001 - Muebles;00051 - Camas juveniles;00002 - Modular;00003 - Elementos; -;Dormitorios Juveniles;6390875;01126001014091;"ENCIMERA ANGULAR 2800X1500X30 WHYNOT22 6110,#ACABADO EN NATURAL";6110;0;"5,4";"5,4";0;"10,8";No;"26,26";"26,26";"51,94";;"44,15";"51,94";"0,388244127839815";"0,280303510758777";07/08/2025;23/07/2025;S;N;S;S;VENDER;;;"141,804";"141,804";"280,476"
ALMACEN REPARACIONES;MUEBLES MAGINA S.L.;WHYNOT22;00001 - Muebles;00051 - Camas juveniles;00002 - Modular;00003 - Elementos; -;Dormitorios Juveniles;6391021;01126001014098;"ENCIMERA RECTA 300X540X30 WHYNOT22 6039,#ACABADO EN NATURAL";6039;0;0;-1;0;-1;No;"11,4";"11,4";"22,8";;"19,38";"22,8";"0,395";"0,288235294117647";27/06/2025;05/07/2025;S;N;S;S;VENDER;;;0;0;0
ALMACEN REPARACIONES;MUEBLES MAGINA S.L.;WHYNOT22;00001 - Muebles;00051 - Camas juveniles;00002 - Modular;00003 - Elementos; -;Dormitorios Juveniles;6391035;01126001012010;ESCALERA LITERA METALICA 40X100X3 BA�ERA/LARGUERO WHYNOT22 9337;9337;0;0;-1;0;-1;No;"59,47";"56,5";"123,9";;"105,32";"123,9";"0,448224374495561";"0,35088302316749";02/12/2025;04/12/2025;S;N;S;S;VENDER;;;0;0;0
ALMACEN REPARACIONES;MUEBLES MAGINA S.L.;WHYNOT22;00001 - Muebles;00051 - Camas juveniles;00002 - Modular;00003 - Elementos; -;Dormitorios Juveniles;6391043;01126001014055;"ESCALERA VERTICAL LITERA METALICA 40X107X3 WHYNOT22 9030,#ACABADO EN PIEDRA";9030;0;0;-2;0;-2;No;"59,47";"59,47";"123,9";;"105,32";"123,9";"0,419219531880549";"0,316761298898595";05/06/2025;26/06/2025;S;N;S;S;VENDER;;;0;0;0
ALMACEN REPARACIONES;MUEBLES MAGINA S.L.;WHYNOT22;00001 - Muebles;00051 - Camas juveniles;00002 - Modular;00003 - Elementos; -;Dormitorios Juveniles;6391044;01126001014534;"ESCALON TREN 40X28.7X100 1 CONTENEDOR WHYNOT22 9904,#ACABADO EN TORTORA";9904;0;0;-1;0;-1;No;"64,42";"64,42";"134,3";;"114,16";"134,3";"0,419596425912137";"0,317202172389629";22/01/2026;26/01/2026;S;N;S;S;VENDER;;;0;0;0
ALMACEN REPARACIONES;MUEBLES MAGINA S.L.;WHYNOT22;00001 - Muebles;00051 - Camas juveniles;00002 - Modular;00003 - Elementos; -;Dormitorios Juveniles;6391143;01126001012118;ESTANTE PARED 500X250X50 2 SOPORTES WHYNOT22 7233;7233;0;0;-2;0;-2;No;"27,26";"26,18";"54,04";;"45,93";"54,04";"0,41380829015544";"0,310302634443719";16/01/2025;11/02/2025;S;N;S;S;VENDER;;;0;0;0
ALMACEN REPARACIONES;MUEBLES MAGINA S.L.;WHYNOT22;00001 - Muebles;00051 - Camas juveniles;00002 - Modular;00003 - Elementos; -;Dormitorios Juveniles;6391159;01126001012134;ESTANTE 1171X495X19 ARM. CORREDERAS 240 WHYNOT22 3267;3267;0;0;-2;0;-2;No;"15,36";"15,36";"30,06";;"25,55";"30,06";"0,381716566866267";"0,272579256360078";10/02/2026;23/07/2025;S;N;S;S;VENDER;;;0;0;0
ALMACEN REPARACIONES;MUEBLES MAGINA S.L.;WHYNOT22;00001 - Muebles;00051 - Camas juveniles;00002 - Modular;00003 - Elementos; -;Dormitorios Juveniles;6391733;01126001014375;"PANEL RECTO 2040X1150X40 CON LED WHYNOT22 8049L,#ACABADO EN ACABADO POLAR";8049L;0;0;-1;0;-1;No;"120,91";"114,86";"238,41";;"202,65";"238,41";"0,417052137074787";"0,314184061189242";12/11/2025;19/11/2025;S;N;S;S;VENDER;;;0;0;0
ALMACEN REPARACIONES;MUEBLES MAGINA S.L.;WHYNOT22;00001 - Muebles;00051 - Camas juveniles;00002 - Modular;00003 - Elementos; -;Dormitorios Juveniles;6391798;01126001013791;"RESPALDO ENCIMERA CON REPISA LED MLX515X19 WHYNOT22 6337,#ACABADO EN SÁHARA + TÓRTORA";6337;0;0;-1;0;-1;No;"76,31";"73,3";"155,12";;"131,85";"155,12";"0,428229757607014";"0,327318923018582";19/12/2024;15/01/2025;S;N;S;S;VENDER;;;0;0;0
ALMACEN REPARACIONES;MUEBLES MAGINA S.L.;WHYNOT22;00001 - Muebles;00051 - Camas juveniles;00002 - Modular;00004 - Modulos; -;Dormitorios Juveniles;6389237;01126001014456;"ARCON ZAPATERO C/RUEDAS 1P EXTRAIBLE 100X30 WHYNOT22 8262,#ACABADO EN A ELEGIR";8262;0;0;-1;0;-1;No;"97,13";"97,13";"196,76";;"167,25";"196,76";"0,402687029884123";"0,297295665171898";23/12/2025;29/12/2025;S;N;S;S;VENDER;;;0;0;0
ALMACEN REPARACIONES;MUEBLES MAGINA S.L.;WHYNOT22;00001 - Muebles;00051 - Camas juveniles;00002 - Modular;00004 - Modulos; -;Dormitorios Juveniles;6389251;01126001014404;"ARCON 100X75,5X54 ENCIMERA ABATIBLE WHYNOT22 8119,#ACABADO EN TAMMY";8119;0;1;0;0;1;No;"101,59";"96,51";"207,18";;"176,1";"207,18";"0,436349551114972";"0,336870528109029";02/12/2025;08/01/2026;S;N;S;S;VENDER;;;"101,59";"96,51";"207,18"
ALMACEN REPARACIONES;MUEBLES MAGINA S.L.;WHYNOT22;00001 - Muebles;00051 - Camas juveniles;00002 - Modular;00004 - Modulos; -;Dormitorios Juveniles;6390838-54819;01126001013034;"CUBO METALICO 99X33X25 DIAFANO WHYNOT22 7230,#ACABADO EN SAHARA PIZARRA";7230;0;1;1;0;2;No;"71,36";"68,54";"144,72";;"123,01";"144,72";"0,426938916528469";"0,325799528493618";27/07/2023;16/08/2023;S;N;S;S;VENDER;;;"71,36";"68,54";"144,72"
ALMACEN REPARACIONES;MUEBLES MAGINA S.L.;WHYNOT22;00001 - Muebles;00051 - Camas juveniles;00002 - Modular;00004 - Modulos; -;Dormitorios Juveniles;6391374;01126001014008;"MODULO BAJO 50X72.5X51 2C+1 CONT. WHYNOT22 6154,#ACABADO EN COTTON";6154;0;0;-1;0;-1;No;"89,2";"85,68";"175,94";;"149,55";"175,94";"0,410749119017847";"0,306768304914744";19/05/2025;20/05/2025;S;N;S;S;VENDER;;;0;0;0
ALMACEN REPARACIONES;MUEBLES MAGINA S.L.;WHYNOT22;00001 - Muebles;00051 - Camas juveniles;00002 - Modular;00006 - Cabeceros; -;Dormitorios Juveniles;6390426;01126001011401;CABECERO RECTO 2 PANELES 190X95X2 WHYNOT22 8290;8290;0;1;1;0;2;No;"73,34";"71,9";"144,7";;123;"144,7";"0,398762957843815";"0,292691056910569";24/07/2025;04/08/2025;S;N;S;S;VENDER;;;"73,34";"71,9";"144,7"
ALMACEN REPARACIONES;MUEBLES ROYFUR S.L.;NINGUNA;00001 - Muebles;00052 - Salón;00001 - Convencional;00002 - Mesas de comedor; -;Salón;6238887-556;01266001010001;"MESA COMEDOR EXT.(1400+500)X770X900 EMEJOTA 2030,#ACABADO EN CEREZO";2030;0;1;1;0;2;No;"237,18";"219,56";469;;229;465;"0,433544562899787";"-0,160120524017467";;;S;S;N;N;LIQUIDACION;;2;"237,18";"219,56";469
ALMACEN REPARACIONES;"MUEBLES SERES, S.A.";NINGUNA;00001 - Muebles;00052 - Salón;00001 - Convencional;00002 - Mesas de comedor; -;Salón;;00828001010032;ACCESORIO MOBILIARIO  C INVENTARIABLE;828INV;0;1;1;0;2;No;0;0;0;;;;;;26/03/2024;;S;N;S;S;VENDER;;;0;0;0
ALMACEN REPARACIONES;"MUEBLES TAPIZADOS TAJOMA, S.L.";KIBUC;00001 - Muebles;00057 - Asientos;00002 - Sofás; -; -;Tapiceria;;03838007000613;"FOLD SOFA 4 PLAZAS RELAX ELECTRICO (2P) L208XP104/158XH75/101 SERIE D,#SF 602300-KETER AC";FL005SF;0;0;-1;0;-1;No;"1147,87";"1103,73";"2525,45";;;;"0,471178087073591";"0,471178087073591";15/01/2024;19/01/2024;S;N;S;S;VENDER;;;0;0;0
ALMACEN REPARACIONES;MUEBLES TORGA S.L.;NATIV HOME;00001 - Muebles;00052 - Salón;00002 - Salón comedor;00001 - Muebles tv; -;Salón;;00428004010265;SINGULAR GAU PATA METALICA NATIV HOME SG094;SG094;0;0;-1;0;-1;No;"425,6";"404,32";839;;;;"0,416892491060787";"0,416892491060787";04/11/2025;15/11/2025;S;N;S;S;VENDER;;;0;0;0
ALMACEN REPARACIONES;MUEBLES TORGA S.L.;NATIV HOME;00001 - Muebles;00052 - Salón;00002 - Salón comedor;00003 - Modulos; -;Salón;;00428004010383;"MESA DE CENTRO CONVERTIBLE VELVET 120X80X38 NATIV HOME MS026,#ACABADO EN TANO-GRAFENO";MS026;0;0;-1;0;-1;No;"532,95";"532,95";1049;;;;"0,385253098188751";"0,385253098188751";11/03/2025;02/04/2025;S;N;S;S;VENDER;;;0;0;0
ALMACEN REPARACIONES;MUEBLES TORGA S.L.;NATIV HOME;00001 - Muebles;00052 - Salón;00002 - Salón comedor;00003 - Modulos; -;Salón;;00428004010422;"MESA DE COMEDOR REDONDA CON TAPA DE 30MM PATAS METALICAS 110X75 NATIV HOME MS023,#ACABADO EN A ELEGIR";MS023;0;0;-1;0;-1;No;"282,62";"268,49";559;;;;"0,418832021466905";"0,418832021466905";22/04/2025;22/05/2025;S;N;S;S;VENDER;;;0;0;0
ALMACEN REPARACIONES;MUEBLES TORGA S.L.;NATIV HOME;00001 - Muebles;00052 - Salón;00002 - Salón comedor;00003 - Modulos; -;Salón;;00428004010477;"VITRINA 2 PUERTAS ALUMINIO CRISTAL TRANSPARENTE CON PATA METALICA NATIV HOME SG059,#ACABADO EN ACABADO TABAK";SG059;0;1;1;0;2;No;"487,82";"487,82";959;;;;"0,384502398331595";"0,384502398331595";04/12/2025;08/11/2025;S;N;S;S;VENDER;;;"487,82";"487,82";959
ALMACEN REPARACIONES;MUEBLES TORGA S.L.;NATIV HOME;00001 - Muebles;00052 - Salón;00002 - Salón comedor;00003 - Modulos; -;Salón;;00428004010529;"APARADOR TOKE IZQUIERDO PUERTA ABATIBLE, 4 CAJONES Y PUERTA ABATIBLE DE ALUMINIO PATA METALICA NATIV HOME AP069,#ACABADO EN TABAK BEIGE";AP069;0;0;-1;0;-1;No;"629,37";"597,9";"1228,28";;;;"0,410998306575048";"0,410998306575048";12/11/2025;05/12/2025;S;N;S;S;VENDER;;;0;0;0
ALMACEN REPARACIONES;MUEBLES TORGA S.L.;NATIV20;00001 - Muebles;00050 - Dormitorios Matrimonio;00001 - Dormitorio;00002 - Cabezales; -;Dormitorios matrimonio;6345093;00428003010099;CABECERO ARIA BAJA PARA COLCHON DE 150 MESITAS DE NATIV20 NT134;NT134;0;1;1;0;2;No;"292,81";"285,82";579;;289;629;"0,402690500863558";"-0,196685813148789";21/11/2023;19/12/2023;S;S;N;N;LIQUIDACION;;3;"292,81";"285,82";579
ALMACEN REPARACIONES;MUEBLES TORGA S.L.;NATIV20;00001 - Muebles;00059 - Descanso;00001 - Colchonería;00009 - Canapes; -;Descanso;6344883-49282;00428003012150;"CANAPE PARA COLCHON 150X190 (161X198) NATIV20 NT324,#ACABADO EN TABAK";NT324;0;0;-1;0;-1;No;"378,71";"359,77";809;;"728,1";809;"0,461901483312732";"0,402112759236369";;08/08/2023;S;N;S;S;VENDER;;;0;0;0
ALMACEN REPARACIONES;MUEBLES TORGA S.L.;NINGUNA;0 - SIN FAMILIA; -; -; -; -;Salón;;00428001010010;ACCESORIO C INVENTARIABLE NINGUNA;428INV;0;5;5;0;10;No;0;"36,15";0;;;;;;09/02/2026;29/08/2025;S;N;S;S;VENDER;;;0;"180,75";0
ALMACEN REPARACIONES;"MUEBLES TORRALBO Y ROMERO,S.L.";NINGUNA;00001 - Muebles;00056 - Auxiliares;00001 - Mueble Auxiliar;00006 - Mesas; -;Mueble Auxiliar;6269913;01302001010026;MESA COLISEO 120 EXT.  TINTE ALTOSTYLO 7040T;7040T;0;0;-1;0;-1;No;"282,8";"282,8";559;;;;"0,387856887298748";"0,387856887298748";03/04/2025;29/05/2025;S;N;N;N;LIQUIDACION;;;0;0;0
ALMACEN REPARACIONES;"MUEBLES TORRALBO Y ROMERO,S.L.";NINGUNA;00001 - Muebles;00057 - Asientos;00002 - Sofás;00099 - Acc Asientos; -;Asientos;;01302001010729;ACCESORIO MOBILIARIO  C INVENTARIABLE;1302INV;0;2;2;0;4;No;0;0;0;;;;;;17/09/2025;;S;N;N;N;LIQUIDACION;;;0;0;0
ALMACEN REPARACIONES;NARDI S.P.A.;KOMODO;00001 - Muebles;00057 - Asientos;00002 - Sofás;00002 - Butacas; -;Asientos;;01354001010002;KOMODO BUTACA ELEMENTO TERMINALE ESTRUCTURA BLANCA TEJIDO ROSA QUARZO NARDI 40372.00.066;40372.00.066;0;0;-4;0;-4;No;"202,5";"202,5";409;;;;"0,400916870415648";"0,400916870415648";28/03/2025;31/03/2025;S;N;S;S;VENDER;;;0;0;0
ALMACEN REPARACIONES;NOVA CUCINA S.R.L;NINGUNA;00003 - Cocinas;00002 - Cocina;00002 - Mobiliario;00006 - Cocinas; -;Cocinas;;01426001010530;COCINA SMART  OCL/8874;OCL/8874;0;0;-1;0;-1;No;"2845,89";"2845,89";"6646,75";;;;"0,481923210591643";"0,481923210591643";13/12/2024;14/12/2024;S;N;S;S;VENDER;;;0;0;0
ALMACEN REPARACIONES;NOVA CUCINA S.R.L;NINGUNA;00003 - Cocinas;00002 - Cocina;00002 - Mobiliario;00099 - Acc. Mobiliario; -;Cocinas;6397308;01426001010307;COCINA  OCL/2.187;OCL/2.187;0;0;-1;0;-1;No;"8972,9";"8972,9";"16354,56";;;;"0,336135671029976";"0,336135671029976";;11/07/2023;S;N;S;S;VENDER;;;0;0;0
ALMACEN REPARACIONES;NOVA CUCINA S.R.L;NINGUNA;00003 - Cocinas;00002 - Cocina;00002 - Mobiliario;00099 - Acc. Mobiliario; -;Cocinas;6400277;01426001010316;COCINA  OCL/3.881;OCL/3.881;0;0;-1;0;-1;No;"6651,72";"6651,72";"12468,08";;;;"0,354465065992518";"0,354465065992518";;14/06/2023;S;N;S;S;VENDER;;;0;0;0
ALMACEN REPARACIONES;NOVA CUCINA S.R.L;NINGUNA;00003 - Cocinas;00002 - Cocina;00002 - Mobiliario;00099 - Acc. Mobiliario; -;Cocinas;;01426001010378;ACCESORIO C INVENTARIABLE;1426INV;0;1;1;0;2;No;0;0;0;;;;;;02/02/2026;26/11/2025;S;N;S;S;VENDER;;;0;0;0
ALMACEN REPARACIONES;NOVA CUCINA S.R.L;NINGUNA;00003 - Cocinas;00002 - Cocina;00002 - Mobiliario;00099 - Acc. Mobiliario; -;Cocinas;;01426001010379;COCINA OCL/7.376;OCL/7.376;0;0;-1;0;-1;No;"5531,08";"5531,08";"11725,89";;;;"0,429245302488766";"0,429245302488766";22/09/2023;04/10/2023;S;N;S;S;VENDER;;;0;0;0
ALMACEN REPARACIONES;NOVA CUCINA S.R.L;NINGUNA;00003 - Cocinas;00002 - Cocina;00002 - Mobiliario;00099 - Acc. Mobiliario; -;Cocinas;;01426001010450;COCINA SMART  OCL/2975;OCL/2975;0;0;-1;0;-1;No;"5447,34";"5447,34";"10618,61";;;;"0,379270789679629";"0,379270789679629";13/06/2024;22/06/2024;S;N;S;S;VENDER;;;0;0;0
ALMACEN REPARACIONES;NOVA CUCINA S.R.L;NINGUNA;00003 - Cocinas;00002 - Cocina;00002 - Mobiliario;00099 - Acc. Mobiliario; -;Cocinas;;01426001010470;COCINA SMART  OCL/4311;OCL/4311;0;0;-1;0;-1;No;"2538,34";"2538,34";"5987,11";;;;"0,486999336908792";"0,486999336908792";10/07/2024;18/07/2024;S;N;S;S;VENDER;;;0;0;0
ALMACEN REPARACIONES;NOVA CUCINA S.R.L;NINGUNA;00003 - Cocinas;00002 - Cocina;00002 - Mobiliario;00099 - Acc. Mobiliario; -;Cocinas;;01426001010493;COCINA OCL/4.615 EXPO 3 MOTRIL;OCL/4.615;0;0;-1;0;-1;No;"6962,02";"6962,02";"20356,81";;;;"0,586180536144907";"0,586180536144907";11/10/2024;;S;N;S;S;VENDER;;;0;0;0
ALMACEN REPARACIONES;NOVA CUCINA S.R.L;NINGUNA;00003 - Cocinas;00002 - Cocina;00002 - Mobiliario;00099 - Acc. Mobiliario; -;Cocinas;;01426001010501;COCINA SMART  OCL/5651;OCL/5651;0;0;-1;0;-1;No;"4995,17";"4995,17";"9737,18";;;;"0,379270415048299";"0,379270415048299";13/09/2024;24/09/2024;S;N;S;S;VENDER;;;0;0;0
ALMACEN REPARACIONES;NOVA CUCINA S.R.L;NINGUNA;00003 - Cocinas;00002 - Cocina;00002 - Mobiliario;00099 - Acc. Mobiliario; -;Cocinas;;01426001010502;COCINA SMART  OCL/5652;OCL/5652;0;0;-1;0;-1;No;"3022,65";"3022,65";"5892,11";;;;"0,37927049902327";"0,37927049902327";13/09/2024;17/09/2024;S;N;S;S;VENDER;;;0;0;0
ALMACEN REPARACIONES;NOVA CUCINA S.R.L;NINGUNA;00003 - Cocinas;00002 - Cocina;00002 - Mobiliario;00099 - Acc. Mobiliario; -;Cocinas;;01426001010507;COCINA SMART OCL/7.090;OCL/7.090;0;0;-1;0;-1;No;"3643,6";"3643,6";"7477,63";;;;"0,410407308197918";"0,410407308197918";31/10/2024;17/01/2025;S;N;S;S;VENDER;;;0;0;0
ALMACEN REPARACIONES;NOVA CUCINA S.R.L;NINGUNA;00003 - Cocinas;00002 - Cocina;00002 - Mobiliario;00099 - Acc. Mobiliario; -;Cocinas;;01426001010557;COCINA SMART  OCL/7584;OCL/7584;0;0;-1;0;-1;No;"39,5";"39,5";77;;;;"0,379285714285714";"0,379285714285714";;;S;N;S;S;VENDER;;;0;0;0
ALMACEN REPARACIONES;NOVA CUCINA S.R.L;NINGUNA;00003 - Cocinas;00002 - Cocina;00002 - Mobiliario;00099 - Acc. Mobiliario; -;Cocinas;;01426001010560;COCINA SMART OCL/424;OCL/424;0;0;-1;0;-1;No;"4757,33";"4757,33";"10019,37";;;;"0,425475923136884";"0,425475923136884";13/03/2025;25/03/2025;S;N;S;S;VENDER;;;0;0;0
ALMACEN REPARACIONES;NOVA CUCINA S.R.L;NINGUNA;00003 - Cocinas;00002 - Cocina;00002 - Mobiliario;00099 - Acc. Mobiliario; -;Cocinas;;01426001010601;COCINA SMART  OCL/2124;OCL/2124;0;0;-1;0;-1;No;"8385,69";"8385,69";"16346,36";;;;"0,379269458154598";"0,379269458154598";05/06/2025;14/06/2025;S;N;S;S;VENDER;;;0;0;0
ALMACEN REPARACIONES;NOVA CUCINA S.R.L;NINGUNA;00003 - Cocinas;00002 - Cocina;00002 - Mobiliario;00099 - Acc. Mobiliario; -;Cocinas;;01426001010606;COCINA SMART  OCL/2521;OCL/2521;0;0;-1;0;-1;No;"5989,62";"5989,62";"11245,99";;;;"0,35555338391729";"0,35555338391729";20/06/2025;15/07/2025;S;N;S;S;VENDER;;;0;0;0
ALMACEN REPARACIONES;NOVA CUCINA S.R.L;NINGUNA;00003 - Cocinas;00002 - Cocina;00002 - Mobiliario;00099 - Acc. Mobiliario; -;Cocinas;;01426001010614;COCINA SMART  OCL/3457;OCL/3457;0;0;-1;0;-1;No;"3294,55";"3294,55";"6725,99";;;;"0,40731319850312";"0,40731319850312";20/06/2025;08/07/2025;S;N;S;S;VENDER;;;0;0;0
ALMACEN REPARACIONES;NOVA CUCINA S.R.L;NINGUNA;00003 - Cocinas;00002 - Cocina;00002 - Mobiliario;00099 - Acc. Mobiliario; -;Cocinas;;01426001010615;COCINA SMART  OCL/2919;OCL/2919;0;0;-1;0;-1;No;"6924,73";"6924,73";14157;;;;"0,408142735042735";"0,408142735042735";26/06/2025;01/07/2025;S;N;S;S;VENDER;;;0;0;0
ALMACEN REPARACIONES;NOVA CUCINA S.R.L;NINGUNA;00003 - Cocinas;00002 - Cocina;00002 - Mobiliario;00099 - Acc. Mobiliario; -;Cocinas;;01426001010620;COCINA KYTON  OCL/3646;OCL/3646;0;0;-1;0;-1;No;"7886,12";"7886,12";"15372,57";;;;"0,379270661964785";"0,379270661964785";18/07/2025;18/07/2025;S;N;S;S;VENDER;;;0;0;0
ALMACEN REPARACIONES;NOVA CUCINA S.R.L;NINGUNA;00003 - Cocinas;00002 - Cocina;00002 - Mobiliario;00099 - Acc. Mobiliario; -;Cocinas;;01426001010634;COCINA SMART  OCL/4683;OCL/4683;0;0;-1;0;-1;No;"3873,73";"3873,73";"7551,14";;;;"0,3792707723602";"0,3792707723602";25/09/2025;11/12/2025;S;N;S;S;VENDER;;;0;0;0
ALMACEN REPARACIONES;NOVA CUCINA S.R.L;NINGUNA;00003 - Cocinas;00002 - Cocina;00002 - Mobiliario;00099 - Acc. Mobiliario; -;Cocinas;;01426001010643;COCINA SMART  OCL/5237;OCL/5237;0;0;-1;0;-1;No;"3725,41";"3725,41";8265;;;;"0,454598173018754";"0,454598173018754";25/09/2025;25/10/2025;S;N;S;S;VENDER;;;0;0;0
ALMACEN REPARACIONES;NOVA CUCINA S.R.L;NINGUNA;00003 - Cocinas;00002 - Cocina;00002 - Mobiliario;00099 - Acc. Mobiliario; -;Cocinas;;01426001010656;COCINA SMART  OCL/5798;OCL/5798;0;0;-1;0;-1;No;"747,38";"747,38";"1456,88";;;;"0,379269534896491";"0,379269534896491";22/10/2025;17/11/2025;S;N;S;S;VENDER;;;0;0;0
ALMACEN REPARACIONES;NOVA CUCINA S.R.L;NINGUNA;00003 - Cocinas;00002 - Cocina;00002 - Mobiliario;00099 - Acc. Mobiliario; -;Cocinas;;01426001010663;COCINA KYTON  OCL/6735;OCL/6735;0;0;-1;0;-1;No;"2803,03";"2803,03";"5998,99";;;;"0,434627112230559";"0,434627112230559";03/12/2025;23/12/2025;S;N;S;S;VENDER;;;0;0;0
ALMACEN REPARACIONES;NOVA CUCINA S.R.L;NINGUNA;00003 - Cocinas;00002 - Cocina;00002 - Mobiliario;00099 - Acc. Mobiliario; -;Cocinas;;01426001010664;COCINA  SMART OCL/6825;OCL/6825;0;0;-1;0;-1;No;"3344,95";"3344,95";"8247,58";;;;"0,509263383925952";"0,509263383925952";03/12/2025;30/01/2026;S;N;S;S;VENDER;;;0;0;0
ALMACEN REPARACIONES;NOVA CUCINA S.R.L;NINGUNA;00003 - Cocinas;00002 - Cocina;00002 - Mobiliario;00099 - Acc. Mobiliario; -;Cocinas;;01426001010668;COCINA SMART  OCL/7013;OCL/7013;0;0;-1;0;-1;No;"52,84";"52,84";103;;;;"0,379258252427184";"0,379258252427184";20/12/2025;05/01/2026;S;N;S;S;VENDER;;;0;0;0
ALMACEN REPARACIONES;NOVA CUCINA S.R.L;NINGUNA;00003 - Cocinas;00002 - Cocina;00002 - Mobiliario;00099 - Acc. Mobiliario; -;Cocinas;;01426001010674;COCINA KYTON  OCL/7600;OCL/7600;0;0;-1;0;-1;No;"4762,95";"4762,95";"9284,51";;;;"0,379270473078278";"0,379270473078278";29/01/2026;03/02/2026;S;N;S;S;VENDER;;;0;0;0
ALMACEN REPARACIONES;NOVA CUCINA S.R.L;SMART;00003 - Cocinas;00002 - Cocina;00002 - Mobiliario;00099 - Acc. Mobiliario; -;Cocinas;;01426001010565;COCINA SMART  OCL/643;OCL/643;0;0;-1;0;-1;No;"3711,69";"3581,46";"8202,13";;;;"0,471653509515211";"0,471653509515211";13/03/2025;18/03/2025;S;N;S;S;VENDER;;;0;0;0
ALMACEN REPARACIONES;PANASONIC ESPAÑA SUCURSAL PANASONIC;NINGUNA;00002 - Electrodomesticos;00015 - Climatización;00001 - Climatización;00001 - Acondicionadores; -;;;04434001010014;"ACCESORIO ""C"" NINGUNA";"""C""";0;0;-1;0;-1;No;0;0;0;;;;;;20/02/2024;22/12/2025;S;N;S;S;VENDER;;;0;0;0
ALMACEN REPARACIONES;PANASONIC ESPAÑA SUCURSAL PANASONIC;PANASONIC;00002 - Electrodomesticos;00015 - Climatización;00001 - Climatización;00001 - Acondicionadores; -;Climatización;6349131;04434001010008;SPLIT INVERTER 3000FR INVERTER R-32 A+++ NANOEX PANASONIC KIT-Z35-XKE;KITZ35XKE;0;0;-1;0;-1;No;"726,6";"686,39";"1338,47";;"874,46";"1338,47";"0,379491583673896";"0,050234544747616";07/06/2024;02/02/2024;S;S;N;N;ULTIMAS UNIDADES;4010869355667;10;0;0;0
ALMACEN REPARACIONES;PANASONIC ESPAÑA SUCURSAL PANASONIC;PANASONIC;00002 - Electrodomesticos;00015 - Climatización;00001 - Climatización;00001 - Acondicionadores; -;Climatización;6396326;04434001010011;SPLIT INVERTER 2250 FR. A++/A+++ 20DB COMPACTA PANASONIC KIT-BZ-25-ZKE;KITBZ25ZKE;0;0;-1;0;-1;No;"343,45";"343,92";"674,91";;579;675;"0,383409343468018";"0,281272538860104";02/02/2026;02/02/2026;S;N;S;S;COLECCION;4010869384667;0;0;0;0
ALMACEN REPARACIONES;PANASONIC ESPAÑA SUCURSAL PANASONIC;PANASONIC;00002 - Electrodomesticos;00015 - Climatización;00001 - Climatización;00001 - Acondicionadores; -;Climatización;6396327;04434001010012;SPLIT INVERTER 3000 FR. A++/A+++ 20DB COMPACTA PANASONIC KIT-BZ-35-ZKE;KITBZ35ZKE;0;1;-2;0;-1;No;"352,35";"352,37";699;;579;699;"0,390031902718169";"0,263613644214162";03/12/2025;13/01/2026;S;N;S;N;OFERTA;4010869384650;0;"352,35";"352,37";699
ALMACEN REPARACIONES;PANASONIC ESPAÑA SUCURSAL PANASONIC;PANASONIC;00002 - Electrodomesticos;00015 - Climatización;00001 - Climatización;00001 - Acondicionadores; -;Climatización;;04434001010016;AIRE ACONDICIONADO 3612 fr. INVERTER  Clase A++/A+ KIT-TZ42-WKE;KITTZ42WKE;0;0;-2;0;-2;No;523;523;"1019,85";;"666,3";"1019,85";"0,379487179487179";"0,05023262794537";05/02/2024;22/01/2026;S;N;N;N;LIQUIDACION;4010869358637;10;0;0;0
ALMACEN REPARACIONES;PANASONIC ESPAÑA SUCURSAL PANASONIC;PANASONIC;00002 - Electrodomesticos;00015 - Climatización;00001 - Climatización;00001 - Acondicionadores; -;Climatización;;04434001010020;SPLIT INVERTER 4300 FR. A++ PANASONIC KIT-BZ50-ZKE;KITBZ50ZKE;0;0;-1;0;-1;No;"659,75";"630,75";"1229,97";;"1050,2";"1229,97";"0,379490963194224";"0,273274138259379";16/06/2025;11/08/2025;S;N;S;S;COLECCION;4010869384599;0;0;0;0
ALMACEN REPARACIONES;PEDRO PINO MARTINEZ S.L;NINGUNA;00003 - Cocinas;00002 - Cocina;00002 - Mobiliario;00099 - Acc. Mobiliario; -;Cocinas;6333043;01308001010011;CASCO 80X90X33 PED.400809678  PEDIDO 243;PEDIDO 243;0;1;1;0;2;No;"0,01";"0,01";"0,09";;;;"0,865555555555556";"0,865555555555556";22/01/2020;;S;N;S;S;VENDER;;;"0,01";"0,01";"0,09"
ALMACEN REPARACIONES;PIEL PALMA DISEÑO;NINGUNA;00001 - Muebles;00057 - Asientos;00002 - Sofás;00099 - Acc Asientos; -;Asientos;;01318001010095;ACCESORIO INVENTARIABLE  C;1318INV;0;1;1;0;2;No;0;0;0;;;;;;14/03/2025;;S;N;S;S;VENDER;;;0;0;0
ALMACEN REPARACIONES;PIKOLIN S.L.;AL16053;00001 - Muebles;00059 - Descanso;00001 - Colchonería;00003 - Almohadas; -;Descanso;6340866;01086001010412;ALMOHADA VISCO MEDIUM 135 AL16053;;0;1;0;0;1;No;31;"27,7";"120,4";;"60,2";"120,4";"0,721619601328904";"0,443239202657807";28/11/2025;06/02/2026;S;N;S;S;COLECCION C/A;8434631265361;;31;"27,7";"120,4"
ALMACEN REPARACIONES;PIKOLIN S.L.;AP11579;00001 - Muebles;00059 - Descanso;00001 - Colchonería;00009 - Canapes; -;Descanso;6340182;01086001010295;CANAPE ABATIBLE LATERAL 105X190 AP11579;;0;0;-1;0;-1;No;286;286;1208;;"543,6";1208;"0,713526490066225";"0,363392200147167";28/01/2026;29/01/2026;S;N;S;S;VENDER;8434631202656;;0;0;0
ALMACEN REPARACIONES;PIKOLIN S.L.;AP11804;00001 - Muebles;00059 - Descanso;00001 - Colchonería;00009 - Canapes; -;Descanso;;01086001011730;CANAPE ABAT.MAD.GLACIAR 150X220 ALTA CAPACIDAD AP11804;;0;0;-1;0;-1;No;519;"467,1";"2189,06";;;;"0,741811097000539";"0,741811097000539";03/10/2025;03/10/2025;S;N;S;S;VENDER;;10;0;0;0
ALMACEN REPARACIONES;PIKOLIN S.L.;AP11806;00001 - Muebles;00059 - Descanso;00001 - Colchonería;00009 - Canapes; -;Descanso;6336810;01086001010266;CANAPE ABAT.MAD.WENGUE 150X190 ALTA CAPACIDAD AP11806;;0;1;1;0;2;No;346;"307,46";1461;;"642,84";1461;"0,74536167008898";"0,4212765229295";12/11/2025;20/12/2025;S;S;S;S;VENDER;8434631208559;10;346;"307,46";1461
ALMACEN REPARACIONES;PIKOLIN S.L.;AP11809;00001 - Muebles;00059 - Descanso;00001 - Colchonería;00009 - Canapes; -;Descanso;6336825;01086001010277;CANAPE ABAT.MAD.NATURAL 150X190 ALTA CAPACIDAD AP11809;;0;1;0;0;1;No;346;"301,72";1461;;"642,84";1461;"0,750115537303217";"0,43208076659822";22/10/2025;23/10/2025;S;N;S;S;VENDER;8434631209631;10;346;"301,72";1461
ALMACEN REPARACIONES;PIKOLIN S.L.;AP11824;00001 - Muebles;00059 - Descanso;00001 - Colchonería;00009 - Canapes; -;Descanso;6394907;01086001010899;CANAPE ABAT.MAD.GLACIAR 180X190 ALTA CAPACIDAD AP11824;;0;0;-1;0;-1;No;474;"426,6";2001;;"900,45";2001;"0,742035982008996";"0,426746626686657";12/09/2025;18/09/2025;S;N;S;S;VENDER;8423446812044;;0;0;0
ALMACEN REPARACIONES;PIKOLIN S.L.;AP11827;00001 - Muebles;00059 - Descanso;00001 - Colchonería;00009 - Canapes; -;Descanso;6337305;01086001010283;CANAPE ABAT.MAD.BLANCO 180X190 ALTA CAPACIDAD AP11827 TAPA DOBLE;TAPA DOBLE;0;0;-2;0;-2;No;474;"426,6";2001;;"900,45";2001;"0,742035982008996";"0,426746626686657";05/12/2025;22/12/2025;S;N;S;S;VENDER;;;0;0;0
ALMACEN REPARACIONES;PIKOLIN S.L.;AP11867;00001 - Muebles;00059 - Descanso;00001 - Colchonería;00009 - Canapes; -;Descanso;;01086001011702;CANAPE ABAT.MAD.NATURAL 180X200 ABATIBLE DESIGN AP11869;AP11869;0;0;-1;0;-1;No;504;"453,6";2126;;"956,7";2126;"0,741836312323613";"0,426302916274694";17/09/2025;05/12/2025;S;N;S;S;VENDER;;;0;0;0
ALMACEN REPARACIONES;PIKOLIN S.L.;BIT;00001 - Muebles;00059 - Descanso;00001 - Colchonería;00001 - Colchones; -;Descanso;;01086001011227;COLCHON BIT 180X200 CP15903;CP15903;0;0;-1;0;-1;No;662;"540,6";2360;;1298;2360;"0,722827966101695";"0,496050847457627";19/09/2025;25/10/2025;S;N;S;S;VENDER;;5;0;0;0
ALMACEN REPARACIONES;PIKOLIN S.L.;BROADWAY;00001 - Muebles;00059 - Descanso;00001 - Colchonería;00001 - Colchones; -;Descanso;6380369;01086001010816;COLCHON BROADWAY 135X190 CM CM11337;;0;0;-1;0;-1;No;385;"327,25";1725;;"663,6";1659;"0,770450724637681";"0,40329641350211";06/02/2026;26/12/2025;S;N;S;S;VENDER;;10;0;0;0
ALMACEN REPARACIONES;PIKOLIN S.L.;CP17422;00001 - Muebles;00059 - Descanso;00001 - Colchonería;00001 - Colchones; -;Descanso;6393296;01086001010878;COLCHON NAEL 105X190 CP17422;;0;0;-1;0;-1;No;198;198;888;;"355,2";888;"0,730202702702703";"0,325506756756757";04/06/2025;12/06/2025;S;N;S;S;VENDER;;5;0;0;0
ALMACEN REPARACIONES;PIKOLIN S.L.;CP17422;00001 - Muebles;00059 - Descanso;00001 - Colchonería;00001 - Colchones; -;Descanso;6393298;01086001010880;COLCHON NAEL 150X190 CP17422;;0;0;-1;0;-1;No;284;"230,38";1273;;379;1273;"0,781021366849961";"0,264486015831135";29/01/2024;15/09/2025;S;N;S;S;OFERTA;;10;0;0;0
ALMACEN REPARACIONES;PIKOLIN S.L.;CP17688;00001 - Muebles;00059 - Descanso;00001 - Colchonería;00001 - Colchones; -;Descanso;6316640;01086001010225;COLCHON 105X190 APPLE COMPACT CP17688;;0;1;1;0;2;No;120;114;519;;"233,55";519;"0,734219653179191";"0,409377007064868";;;S;S;N;N;LIQUIDACION;;;120;114;519
ALMACEN REPARACIONES;PIKOLIN S.L.;FLORIDA;00001 - Muebles;00059 - Descanso;00001 - Colchonería;00001 - Colchones; -;Descanso;;01086001011273;COLCHON FLORIDA 135X190 CM12009;CM12009;0;0;-1;0;-1;No;376;"317,05";1685;;"647,6";1619;"0,772326112759644";"0,407611951822112";26/12/2025;16/12/2025;S;N;S;S;COLECCION C/A;;10;0;0;0
ALMACEN REPARACIONES;PIKOLIN S.L.;FLORIDA;00001 - Muebles;00059 - Descanso;00001 - Colchonería;00001 - Colchones; -;Descanso;;01086001011274;COLCHON FLORIDA 150X190 CM12009;CM12009;0;0;-1;0;-1;No;429;"360,2";1922;;"739,6";1849;"0,77323517169615";"0,410705786911844";04/02/2026;04/02/2026;S;N;S;S;COLECCION C/A;;5;0;0;0
ALMACEN REPARACIONES;PIKOLIN S.L.;JP18040.000.260;00001 - Muebles;00059 - Descanso;00001 - Colchonería;00004 - Patas; -;Descanso;6161282;01086001010066;JGO 2 PATAS 26CM GRIS JP18040.000.260;;0;1;1;0;2;No;"9,34";"8,89";"29,8";;;;"0,639030201342282";"0,639030201342282";21/01/2026;09/01/2026;S;N;S;S;COLECCION C/A;;;"9,34";"8,89";"29,8"
ALMACEN REPARACIONES;PIKOLIN S.L.;JP18700.009.250;00001 - Muebles;00059 - Descanso;00001 - Colchonería;00004 - Patas; -;Descanso;6201573;01086001010071;JGO 2 PATAS CUADRADAS BLANCAS JP18700.009.250;;0;2;2;0;4;No;"17,49";"16,8";"55,9";;;;"0,636350626118068";"0,636350626118068";27/08/2025;13/08/2025;S;N;S;S;VENDER;;;"34,98";"33,6";"111,8"
ALMACEN REPARACIONES;PIKOLIN S.L.;LIVEPIK FIRM;00001 - Muebles;00059 - Descanso;00001 - Colchonería;00001 - Colchones; -;Descanso;;01086001011154;COLCHON LIVEPIK FIRM 105X190 CM11984;CM11984;0;0;-1;0;-1;No;268;"227,8";1306;;529;1306;"0,788944869831547";"0,478945179584121";03/12/2025;04/12/2025;S;N;S;S;VENDER;;5;0;0;0
ALMACEN REPARACIONES;PIKOLIN S.L.;LIVEPIK FIRM;00001 - Muebles;00059 - Descanso;00001 - Colchonería;00001 - Colchones; -;Descanso;;01086001011155;COLCHON LIVEPIK FIRM 135X190 CM11984;CM11984;0;0;-1;0;-1;No;319;"271,15";1558;;559;1379;"0,789414955070603";"0,413074239713775";23/01/2026;12/02/2026;S;N;S;S;COLECCION C/A;;5;0;0;0
ALMACEN REPARACIONES;PIKOLIN S.L.;LT11702;00001 - Muebles;00059 - Descanso;00001 - Colchonería;00004 - Patas; -;Descanso;;01086001011609;KIT CANGURO SOMIER ALT.42 CM.  105x200  LT11702;;0;0;-1;0;-1;No;"233,83";"191,17";746;;373;746;"0,689925335120643";"0,379850670241287";10/01/2025;10/01/2025;S;N;S;S;VENDER;;;0;0;0
ALMACEN REPARACIONES;PIKOLIN S.L.;NINGUNA;0 - SIN FAMILIA; -; -; -; -;Descanso;;01086001010991;ACCESORIO C INVENTARIABLE NINGUNA;1086INV;0;8;8;0;16;No;0;"2,75";0;;;;;;20/01/2026;23/03/2024;S;N;S;S;VENDER;;;0;22;0
ALMACEN REPARACIONES;PIKOLIN S.L.;NINGUNA;00001 - Muebles;00059 - Descanso;00001 - Colchonería;00001 - Colchones; -;Descanso;;01086001011197;COLCHON FOCUS 150X190 CP15902;CP15902;0;0;-1;0;-1;No;589;"483,51";2100;;1155;2100;"0,721406142857143";"0,493465714285714";27/08/2025;28/08/2025;S;N;S;S;VENDER;;10;0;0;0
ALMACEN REPARACIONES;PIKOLIN S.L.;NINGUNA;00001 - Muebles;00059 - Descanso;00001 - Colchonería;00009 - Canapes; -;Descanso;;01086001011291;CANAPE ABATIBLE NATURBOX BRITANIA 90X190  AP11532;AP11532;0;0;-1;0;-1;No;194;194;870;;"374,1";870;"0,730183908045977";"0,372520716385993";19/11/2025;19/11/2025;S;N;S;S;VENDER;;;0;0;0
ALMACEN REPARACIONES;PIKOLIN S.L.;NINGUNA;00001 - Muebles;00059 - Descanso;00001 - Colchonería;00009 - Canapes; -;Descanso;;01086001011309;CANAPE ABATIBLE NATURBOX NATURAL 90X190  AP11534;AP11534;0;0;-3;0;-3;No;194;"174,6";870;;"374,1";870;"0,757165517241379";"0,435268644747394";06/02/2026;11/11/2025;S;N;S;S;VENDER;;;0;0;0
ALMACEN REPARACIONES;PIKOLIN S.L.;NINGUNA;00001 - Muebles;00059 - Descanso;00001 - Colchonería;00009 - Canapes; -;Descanso;;01086001011310;CANAPE ABATIBLE NATURBOX NATURAL 105X190  AP11534;AP11534;0;1;0;0;1;No;210;189;942;;"405,06";942;"0,757229299363057";"0,435416975262924";26/12/2025;27/01/2026;S;N;S;S;COLECCION C/A;;;210;189;942
ALMACEN REPARACIONES;PIKOLIN S.L.;NINGUNA;00001 - Muebles;00059 - Descanso;00001 - Colchonería;00009 - Canapes; -;Descanso;;01086001011311;CANAPE ABATIBLE NATURBOX NATURAL 135X190  AP11534;AP11534;0;0;-1;0;-1;No;222;"199,8";998;;"429,14";998;"0,75775751503006";"0,436645383790837";28/01/2026;12/02/2026;S;N;S;S;COLECCION C/A;;;0;0;0
ALMACEN REPARACIONES;PIKOLIN S.L.;NINGUNA;00001 - Muebles;00059 - Descanso;00001 - Colchonería;00009 - Canapes; -;Descanso;;01086001011312;CANAPE ABATIBLE NATURBOX NATURAL 150X190  AP11534;AP11534;0;0;-2;0;-2;No;254;"227,07";1142;;"491,06";1142;"0,759409194395797";"0,440486498594876";04/02/2026;10/02/2026;S;N;S;S;COLECCION C/A;;;0;0;0
ALMACEN REPARACIONES;PIKOLIN S.L.;NINGUNA;00001 - Muebles;00059 - Descanso;00001 - Colchonería;00009 - Canapes; -;Descanso;;01086001011330;CANAPE ABATIBLE NATURBOX CEREZO 150X190  AP11535;AP11535;0;0;-3;0;-3;No;254;"224,35";1142;;"491,06";1142;"0,7622911558669";"0,447188734574186";26/12/2025;28/11/2025;S;N;S;S;COLECCION C/A;;;0;0;0
ALMACEN REPARACIONES;PIKOLIN S.L.;NINGUNA;00001 - Muebles;00059 - Descanso;00001 - Colchonería;00009 - Canapes; -;Descanso;;01086001011333;CANAPE ABATIBLE NATURBOX CEREZO 90X200  AP11535;AP11535;0;0;-2;0;-2;No;213;"191,7";958;;"411,94";958;"0,75787369519833";"0,436915570228674";28/11/2025;12/12/2025;S;N;S;S;VENDER;;;0;0;0
ALMACEN REPARACIONES;PIKOLIN S.L.;NINGUNA;00001 - Muebles;00059 - Descanso;00001 - Colchonería;00009 - Canapes; -;Descanso;;01086001011336;CANAPE ABATIBLE NATURBOX CEREZO 150X200  AP11535;AP11535;0;0;-1;0;-1;No;280;252;1256;;"540,08";1256;"0,757229299363057";"0,435416975262924";17/12/2025;08/01/2026;S;N;S;S;VENDER;;;0;0;0
ALMACEN REPARACIONES;PIKOLIN S.L.;NINGUNA;00001 - Muebles;00059 - Descanso;00001 - Colchonería;00009 - Canapes; -;Descanso;;01086001011364;CANAPE ABATIBLE NATURBOX BLANCO 105X190  AP11537;AP11537;0;0;-1;0;-1;No;210;189;942;;"405,06";942;"0,757229299363057";"0,435416975262924";11/02/2026;22/01/2026;S;N;S;S;COLECCION C/A;;;0;0;0
ALMACEN REPARACIONES;PIKOLIN S.L.;NINGUNA;00001 - Muebles;00059 - Descanso;00001 - Colchonería;00009 - Canapes; -;Descanso;;01086001011365;CANAPE ABATIBLE NATURBOX BLANCO 135X190  AP11537;AP11537;0;0;-2;0;-2;No;222;"199,8";998;;"429,14";998;"0,75775751503006";"0,436645383790837";04/02/2026;29/01/2026;S;N;S;S;COLECCION C/A;;;0;0;0
ALMACEN REPARACIONES;PIKOLIN S.L.;NINGUNA;00001 - Muebles;00059 - Descanso;00001 - Colchonería;00009 - Canapes; -;Descanso;;01086001011366;CANAPE ABATIBLE NATURBOX BLANCO 150X190  AP11537;AP11537;0;0;-5;0;-5;No;254;"229,81";1142;;"491,06";1142;"0,756506042031524";"0,43373498146866";11/02/2026;07/02/2026;S;N;S;S;COLECCION C/A;;;0;0;0
ALMACEN REPARACIONES;PIKOLIN S.L.;NINGUNA;00001 - Muebles;00059 - Descanso;00001 - Colchonería;00009 - Canapes; -;Descanso;;01086001011372;CANAPE ABATIBLE NATURBOX BLANCO 150X200  AP11537;AP11537;0;0;-2;0;-2;No;280;"251,82";1256;;"540,08";1256;"0,757402707006369";"0,435820248852022";30/01/2026;30/01/2026;S;N;S;S;COLECCION C/A;;;0;0;0
ALMACEN REPARACIONES;PIKOLIN S.L.;NINGUNA;00001 - Muebles;00059 - Descanso;00001 - Colchonería;00009 - Canapes; -;Descanso;;01086001011377;CANAPE ABATIBLE NATURBOX GLACIAR 135X182  AP11538;AP11538;0;0;-1;0;-1;No;244;"219,6";1098;;"472,14";1098;"0,758";"0,437209302325581";26/11/2025;26/12/2025;S;N;S;S;VENDER;;;0;0;0
ALMACEN REPARACIONES;PIKOLIN S.L.;NINGUNA;00001 - Muebles;00059 - Descanso;00001 - Colchonería;00009 - Canapes; -;Descanso;;01086001011382;CANAPE ABATIBLE NATURBOX GLACIAR 105X190  AP11538;AP11538;0;0;-1;0;-1;No;210;"194,25";942;;"405,06";942;"0,750485668789809";"0,419734113464672";21/01/2026;23/01/2026;S;N;S;S;VENDER;;;0;0;0
ALMACEN REPARACIONES;PIKOLIN S.L.;NINGUNA;00001 - Muebles;00059 - Descanso;00001 - Colchonería;00009 - Canapes; -;Descanso;;01086001011383;CANAPE ABATIBLE NATURBOX GLACIAR 135X190  AP11538;AP11538;0;0;-1;0;-1;No;222;"199,79";998;;"429,14";998;"0,757769639278557";"0,436673579717575";12/11/2025;11/02/2026;S;N;S;S;COLECCION C/A;;;0;0;0
ALMACEN REPARACIONES;PIKOLIN S.L.;NINGUNA;00001 - Muebles;00059 - Descanso;00001 - Colchonería;00009 - Canapes; -;Descanso;;01086001011472;CANAPE ABATIBLE NATURBOX BLANCO 105X190  AP11547;AP11547;0;0;-1;0;-1;No;235;"211,5";1056;;"454,08";1056;"0,75765625";"0,43640988372093";24/10/2025;07/02/2026;S;N;S;S;COLECCION C/A;;;0;0;0
ALMACEN REPARACIONES;PIKOLIN S.L.;NINGUNA;00001 - Muebles;00059 - Descanso;00001 - Colchonería;00009 - Canapes; -;Descanso;;01086001011491;CANAPE ABATIBLE NATURBOX GLACIAR 135X190  AP11548;AP11548;0;0;-1;0;-1;No;249;"224,1";1117;;"480,31";1117;"0,757241718889884";"0,43544585788345";21/01/2026;27/12/2025;S;N;S;S;COLECCION C/A;;;0;0;0
ALMACEN REPARACIONES;PIKOLIN S.L.;NINGUNA;00001 - Muebles;00059 - Descanso;00001 - Colchonería;00009 - Canapes; -;Descanso;;01086001011492;CANAPE ABATIBLE NATURBOX GLACIAR 150X190  AP11548;AP11548;0;1;1;0;2;No;285;"255,05";1276;;"548,68";1276;"0,75814224137931";"0,437540096230954";28/01/2026;04/02/2026;S;N;S;S;COLECCION C/A;8423446498774;;285;"255,05";1276
ALMACEN REPARACIONES;PIKOLIN S.L.;NINGUNA;00001 - Muebles;00059 - Descanso;00001 - Colchonería;00009 - Canapes; -;Descanso;;01086001011507;CANAPE ABATIBLE DESIGN BLANCO 90X190  AP11857;AP11857;0;0;-1;0;-1;No;258;"232,2";1089;;"490,05";1089;"0,742";"0,426666666666667";19/11/2025;20/11/2025;S;N;S;S;VENDER;;;0;0;0
ALMACEN REPARACIONES;PIKOLIN S.L.;NINGUNA;00001 - Muebles;00059 - Descanso;00001 - Colchonería;00009 - Canapes; -;Descanso;;01086001011509;CANAPE ABATIBLE DESIGN BLANCO 135X190  AP11857;AP11857;0;1;0;0;1;No;302;"272,35";1277;;"638,5";1277;"0,741939310884886";"0,483878621769773";11/02/2026;29/11/2025;S;N;S;S;COLECCION C/A;;;302;"272,35";1277
ALMACEN REPARACIONES;PIKOLIN S.L.;NINGUNA;00001 - Muebles;00059 - Descanso;00001 - Colchonería;00009 - Canapes; -;Descanso;;01086001011510;CANAPE ABATIBLE DESIGN BLANCO 150X190  AP11857;AP11857;0;1;0;0;1;No;346;"314,17";1461;;"657,45";1461;"0,739804449007529";"0,421787664461176";28/01/2026;17/01/2026;S;N;S;S;COLECCION C/A;;;346;"314,17";1461
ALMACEN REPARACIONES;PIKOLIN S.L.;NINGUNA;00001 - Muebles;00059 - Descanso;00001 - Colchonería;00009 - Canapes; -;Descanso;;01086001011535;CANAPE ABATIBLE DESIGN NATURAL 105X190  AP11859;AP11859;0;0;-1;0;-1;No;279;"251,1";1178;;"530,1";1178;"0,742078947368421";"0,426842105263158";09/01/2026;12/01/2026;S;N;S;S;VENDER;;;0;0;0
ALMACEN REPARACIONES;PIKOLIN S.L.;NINGUNA;00001 - Muebles;00059 - Descanso;00001 - Colchonería;00009 - Canapes; -;Descanso;;01086001011706;CANAPE ABATIBLE NATURBOX GLACIAR 150X200  AP11538;AP11538-20;0;0;-1;0;-1;No;274;"246,6";1229;;"528,47";1229;"0,757212367778682";"0,435377599485307";12/11/2025;13/11/2025;S;N;S;S;VENDER;;;0;0;0
ALMACEN REPARACIONES;PIKOLIN S.L.;PIKOLIN HOME;00001 - Muebles;00055 - Textil;00006 - Asientos Textil;00002 - Topper; -;Textil;;01086001011604;TOPPER VISCOLASTICA 135X190 5CM PIKOLIN (TC37) TP17130;(TC37) TP17130;0;0;-1;0;-1;No;"76,1";76;"155,47";;;;"0,40850324821509";"0,40850324821509";09/12/2025;26/01/2026;S;S;S;S;COLECCION C/A;;5;0;0;0
ALMACEN REPARACIONES;PIKOLIN S.L.;PLATINO;00001 - Muebles;00059 - Descanso;00001 - Colchonería;00001 - Colchones; -;Descanso;6401741;01086001010951;COLCHON PLATINO 150X190 CP15430;;0;1;1;0;2;No;438;"383,04";1962;;"882,9";1962;"0,76377247706422";"0,4750499490316";30/01/2026;10/02/2026;S;N;S;S;COLECCION C/A;;5;438;"383,04";1962
ALMACEN REPARACIONES;PIKOLIN S.L.;PODIUM PLUS;00001 - Muebles;00059 - Descanso;00001 - Colchonería;00001 - Colchones; -;Descanso;;01086001011175;COLCHON PODIUM PLUS 135X190 CM11997;CM11997;0;1;1;0;2;No;291;"247,35";1349;;"503,6";1259;"0,778136767976279";"0,405692017474186";04/02/2026;06/02/2026;S;N;S;S;COLECCION C/A;;5;291;"247,35";1349
ALMACEN REPARACIONES;PIKOLIN S.L.;PODIUM PLUS;00001 - Muebles;00059 - Descanso;00001 - Colchonería;00001 - Colchones; -;Descanso;;01086001011176;COLCHON PODIUM PLUS 150X190 CM11997;CM11997;0;1;1;0;2;No;331;"281,67";1535;;"571,6";1429;"0,777966970684039";"0,403742652204339";06/02/2026;12/02/2026;S;N;S;S;COLECCION C/A;;5;331;"281,67";1535
ALMACEN REPARACIONES;PIKOLIN S.L.;SR40003;00001 - Muebles;00059 - Descanso;00001 - Colchonería;"00002 - Bases, somieres y canapés"; -;Descanso;6204270;01086001010077;SOMIER SG16 090X190 SR40003;;0;0;-1;0;-1;No;"41,5";"39,06";158;;79;158;"0,700869620253165";"0,401739240506329";26/12/2025;05/01/2026;S;N;S;S;COLECCION C/A;8423446284292;;0;0;0
ALMACEN REPARACIONES;PIKOLIN S.L.;TREVENQUE;00001 - Muebles;00059 - Descanso;00001 - Colchonería;00001 - Colchones; -;Descanso;;01086001011749;COLCHON TREVENQUE 150X190 CM CM11043;CM11043;0;0;-1;0;-1;No;446;"407,87";"1998,08";;"899,14";"1998,08";"0,753001531470211";"0,451116956202594";04/02/2026;07/02/2026;S;S;S;S;VENDER;;;0;0;0
ALMACEN REPARACIONES;PIKOLIN S.L.;ZOOM;00001 - Muebles;00059 - Descanso;00001 - Colchonería;00001 - Colchones; -;Descanso;;01086001011238;COLCHON ZOOM 135X190 CP15905;CP15905;0;0;-1;0;-1;No;387;"328,42";1380;;689;1380;"0,712037536231884";"0,423239187227866";30/01/2026;09/02/2026;S;N;S;S;COLECCION C/A;;10;0;0;0
ALMACEN REPARACIONES;PIKOLIN S.L.;ZOOM;00001 - Muebles;00059 - Descanso;00001 - Colchonería;00001 - Colchones; -;Descanso;;01086001011239;COLCHON ZOOM 150X190 CP15905;CP15905;0;0;-1;0;-1;No;428;"356,36";1523;;769;1523;"0,716877478660538";"0,439277503250975";04/02/2026;15/01/2026;S;N;S;S;COLECCION C/A;;10;0;0;0
ALMACEN REPARACIONES;"PROCTER & GAMBLE ESPAÑA,S.A.U.";BRAUN;00002 - Electrodomesticos;00007 - Pequeño Electrodoméstico;00002 - Aseo;00010 - Planchas Pelo; -;Pequeño Electrodoméstico;6087958;00874001010006;PLANCHA+CEPILLO(SATIN BRUSH ES02+SB XMAS BRAUN 81348389;81348389;0;3;3;0;6;No;"49,64";"49,66";"85,78";;"66,8";"85,78";"0,299503380741432";"0,10047005988024";;;S;S;N;N;LIQUIDACION;;2;"148,92";"148,98";"257,34"
ALMACEN REPARACIONES;"PROCTER & GAMBLE ESPAÑA,S.A.U.";ORAL B;00002 - Electrodomesticos;00007 - Pequeño Electrodoméstico;00002 - Aseo;00003 - Cepillos; -;Pequeño Electrodoméstico;6341789;00874001010097;RECAMBIO DENTAL ORAL B EB 60-6 ULTRA SENSITIVE;EB606SENSI;0;0;-1;0;-1;No;"17,77";"14,95";28;;"22,9";28;"0,353946428571429";"0,210065502183406";01/12/2025;09/02/2026;S;N;S;S;COLECCION;4210201325741;1;0;0;0
ALMACEN REPARACIONES;"PRODUCTOS KOL, S.L.";CHS VISCO;00001 - Muebles;00059 - Descanso;00001 - Colchonería;00003 - Almohadas; -;Descanso;6394355;01005001010285;ALMOHADA 40X150 CHS VISCO;;0;1;1;0;2;No;"22,56";"22,39";"44,9";;"33,9";"44,9";"0,396616926503341";"0,200828908554572";30/09/2025;11/02/2026;S;N;N;N;LIQUIDACION;;;"22,56";"22,39";"44,9"
ALMACEN REPARACIONES;PROVEEDOR CODIGOS ANTIGUOS;ENARA;00001 - Muebles;00057 - Asientos;00002 - Sofás;00001 - Sillas; -;Asientos;6269196;00001001011360;SILLA PATAS NEGRAS ENARA DS-311 NEGRO;DS-311 NEGRO;0;2;2;0;4;No;"13,52";"13,32";"31,9";;"19,9";"31,9";"0,494758620689655";"0,190090452261307";;;S;S;N;N;LIQUIDACION;;2;"27,04";"26,64";"63,8"
ALMACEN REPARACIONES;PROVEEDOR CODIGOS ANTIGUOS;ENARA;00001 - Muebles;00057 - Asientos;00002 - Sofás;00001 - Sillas; -;Asientos;6269197;00001001011361;SILLA PATAS NEGRAS ENARA DS-301A BLANCO;DS-301A BLANCO;0;1;1;0;2;No;"13,52";"13,14";"42,9";;"17,9";"42,9";"0,629384615384615";"0,111765363128492";;07/05/2025;S;S;N;N;LIQUIDACION;;1;"13,52";"13,14";"42,9"
ALMACEN REPARACIONES;PROVEEDOR CODIGOS ANTIGUOS;LENAI;00001 - Muebles;00057 - Asientos;00002 - Sofás;00001 - Sillas; -;Asientos;6269198;00001001011362;SILLA PATAS NEGRAS LENAI DS-301A BLANCO;DS-301A BLANCO;0;2;2;0;4;No;"17,21";"16,72";"39,9";;"9,9";"39,9";"0,492952380952381";"-1,04355555555556";;03/10/2023;S;S;N;N;LIQUIDACION;;;"34,42";"33,44";"79,8"
ALMACEN REPARACIONES;PROVEEDOR CODIGOS ANTIGUOS;NINGUNA;00001 - Muebles;00052 - Salón;00001 - Convencional;00002 - Mesas de comedor; -;Salón;6316119;00001001011586;MESA COMEDOR PETRUS ROBLE H294-RO;H294-RO;0;3;3;0;6;No;60;60;119;;"60,9";139;"0,389915966386555";"-0,192118226600985";;;S;S;N;N;LIQUIDACION;8435437106346;2;180;180;357
ALMACEN REPARACIONES;REPUESTOS RANEL GRANADA SL;NINGUNA;00002 - Electrodomesticos;00015 - Climatización;00001 - Climatización;00099 - Acc.de Climatizacion; -;Climatización;6224974;01217001010000;KIT REGULADOR DE BUTANO;;0;2;2;0;4;No;8;"7,99";"13,75";;;;"0,29688";"0,29688";04/11/2025;10/02/2026;S;N;S;S;OFERTA;8430570030183;;16;"15,98";"27,5"
ALMACEN REPARACIONES;"REYES ORDOÑEZ DESIGN, S.L.";KIBUC;0 - SIN FAMILIA; -; -; -; -;Tapiceria;;03897010000298;JARVIS SOFA 3 PL (2 ASIENTOS DE 90 CM)  L220XP103/139XH86/109 S/B;JARVIS03S/B;0;0;-1;0;-1;No;"950,91";"941,4";2092;;;;"0,4555";"0,4555";06/08/2025;11/08/2025;S;N;S;S;VENDER;;;0;0;0
ALMACEN REPARACIONES;"REYES ORDOÑEZ DESIGN, S.L.";KIBUC;00001 - Muebles;00057 - Asientos;00002 - Sofás;00002 - Butacas; -;Tapiceria;;03897001000051;"SAMOA BUTACA APERTURA MOTORIZADA L70XP83XH100 SERIE C,#SC 60-DAYTONA HP";S-03SC;0;0;-1;0;-1;No;"507,81";"493,02";"1116,72";;;;"0,465797872340426";"0,465797872340426";22/10/2025;02/07/2025;S;N;S;S;VENDER;;;0;0;0
ALMACEN REPARACIONES;RIMOBEL S.A.;ALICE;00001 - Muebles;00050 - Dormitorios Matrimonio;00001 - Dormitorio;00005 - Mesitas de noche; -;Dormitorios matrimonio;6332813;04315001010061;MESITA 2 CAJ.42X52X34 NATURAL ALICE 03K20686;03K20686;0;1;0;0;1;No;"33,94";"33,94";"66,9";;"44,9";"69,9";"0,386137518684604";"0,085358574610245";;15/07/2025;S;S;N;N;LIQUIDACION;;2;"33,94";"33,94";"66,9"
ALMACEN REPARACIONES;RIMOBEL S.A.;DUO PLUS;00001 - Muebles;00052 - Salón;00002 - Salón comedor;00003 - Modulos; -;Salón;6388327;00010010011970;VITRINA PUERTA+2CAJ. 62 DR F45 DUO PLUS 840690;840690;0;-1;-1;0;-2;No;"360,75";"360,75";"708,54";;;;"0,383933864002032";"0,383933864002032";20/10/2025;10/11/2025;S;N;N;N;LIQUIDACION;;;"-360,75";"-360,75";"-708,54"
ALMACEN REPARACIONES;RIMOBEL S.A.;DUO PLUS;00001 - Muebles;00052 - Salón;00002 - Salón comedor;00003 - Modulos; -;Salón;;00010010012282;"VITRINA 2 PUERTAS+2CAJ.92 F45 CON PATAS METALICAS DUO PLUS 570996M,#ACABADO EN NORDIC / PATA METALICA NEGRA";570996M;0;0;-1;0;-1;No;"431,7";"431,7";"843,32";;;;"0,380594554854622";"0,380594554854622";02/10/2025;04/10/2025;S;N;N;N;LIQUIDACION;;;0;0;0
ALMACEN REPARACIONES;RIMOBEL S.A.;DUO PLUS;00001 - Muebles;00052 - Salón;00002 - Salón comedor;00004 - Comedores completos; -;Salón;6395134;00010010012147;COMPOSICION SALON N  1 NORDIC BLANCO LISO DUO PLUS RIALB01;RIALB01;0;0;-1;0;-1;No;"834,49";"795,07";"1629,96";;1069;"1629,96";"0,409780178654691";"0,100061085126286";08/08/2025;21/11/2025;S;N;N;N;LIQUIDACION;;14;0;0;0
ALMACEN REPARACIONES;RIMOBEL S.A.;DUO PLUS;00001 - Muebles;00052 - Salón;00002 - Salón comedor;00104 - Aparadores; -;Salón;6386554;00010010010198;APARADOR 1CAJ.+3 PTAS.178 F45 CON PATAS REGULABLES DUO PLUS 541833R;541833R;0;0;-1;0;-1;No;"229,37";"229,37";"454,39";;;;"0,389208169193864";"0,389208169193864";16/09/2025;03/10/2025;S;N;N;N;LIQUIDACION;;;0;0;0
ALMACEN REPARACIONES;RIMOBEL S.A.;LIS;00001 - Muebles;00051 - Camas juveniles;00001 - Convencional;00012 - Librerías juveniles; -;Dormitorios Juveniles;6295915-156;04315001010208;"ESTANTERIA ALTA 190X80X25 NATURAL LIS 03K73386,#ACABADO EN NATURAL";03K73386;0;1;1;0;2;No;"63,92";"43,09";129;;"43,9";139;"0,595822480620155";"-0,187674259681093";;;S;S;N;N;LIQUIDACION;2000062959153;2;"63,92";"43,09";129
ALMACEN REPARACIONES;RIMOBEL S.A.;MUNDOJOVEN;00001 - Muebles;00051 - Camas juveniles;00001 - Convencional;00003 - Armarios juveniles;00001 - Armario juvenil puertas batientes;Dormitorios Juveniles;;00010008015190;ARMARIO 2+2 4 PUERTAS PLEGABLES 220 200  MUNDOJOVEN   A1620P;A1620P;0;1;0;0;1;No;"395,93";"395,93";"775,8";;"620,64";"775,8";"0,382475766950245";"0,228094708687806";15/01/2026;29/01/2026;S;N;S;S;VENDER;;;"395,93";"395,93";"775,8"
ALMACEN REPARACIONES;RIMOBEL S.A.;MUNDOJOVEN;00001 - Muebles;00051 - Camas juveniles;00001 - Convencional;00003 - Armarios juveniles;00001 - Armario juvenil puertas batientes;Dormitorios Juveniles;;00010008015775;ARMARIO 3 PUERTAS LARGAS 248 IZQUIERDA 160  MUNDOJOVEN   A247IQXL;A247iQXL;0;0;-1;0;-1;No;"422,43";"392,86";"828,29";;"662,63";"828,29";"0,426094000893407";"0,282615335858624";30/10/2025;17/11/2025;S;N;S;S;VENDER;;;0;0;0
ALMACEN REPARACIONES;RIMOBEL S.A.;MUNDOJOVEN;00001 - Muebles;00051 - Camas juveniles;00001 - Convencional;00003 - Armarios juveniles;00002 - Armario juvenil puertas correderas;Dormitorios Juveniles;6288181;00010008011217;ARMARIO 2 PUERTAS CORREDERA 240 158  MUNDOJOVEN   A237B;A237B;0;0;-1;0;-1;No;"454,8";"422,96";"891,29";;"713,03";"891,29";"0,425796766484534";"0,282243944855055";14/11/2025;20/11/2025;S;N;S;S;VENDER;2000062881812;;0;0;0
ALMACEN REPARACIONES;RIMOBEL S.A.;MUNDOJOVEN;00001 - Muebles;00051 - Camas juveniles;00001 - Convencional;00004 - Sinfoniers juveniles; -;Dormitorios Juveniles;6291437-49250;00010008014902;"XIFONIER DE 6 CAJONES AUTOCIERRE CON RUEDAS 80,2 MUNDOJOVEN A360RA,#ACABADO EN HAYA AGUAMARINA";A360RA;0;1;1;0;2;No;"167,79";"168,19";"334,89";;"301,4";"334,89";"0,392308220609752";"0,324784671532847";;;S;S;N;N;LIQUIDACION;2000062914374;;"167,79";"168,19";"334,89"
ALMACEN REPARACIONES;RIMOBEL S.A.;MUNDOJOVEN;00001 - Muebles;00051 - Camas juveniles;00001 - Convencional;00023 - Estantes Armarios; -;Dormitorios Juveniles;6290358;00010008013392;"ESTANTE INTERIOR 96,2 MUNDOJOVEN A0122";A0122;0;0;-1;0;-1;No;"14,71";"14,71";"29,27";;"23,42";"29,27";"0,391899555859241";"0,240004269854825";29/01/2026;30/01/2026;S;N;S;S;VENDER;2000062903583;;0;0;0
ALMACEN REPARACIONES;RIMOBEL S.A.;MUNDOJOVEN;00001 - Muebles;00051 - Camas juveniles;00001 - Convencional;00024 - Dormitorios completos; -;Dormitorios Juveniles;;00010008016951;COMPOSICION DORMITORIO JUVENIL LARICE TEXTIL CELESTE   TIRADOR ARC  MUNDOJOVEN C504;COMPO C504;0;0;-1;0;-1;No;"627,03";"627,03";"1223,72";;"978,98";"1223,72";"0,38000008171804";"0,225003268708247";29/01/2026;30/01/2026;S;N;S;S;VENDER;;;0;0;0
ALMACEN REPARACIONES;RIMOBEL S.A.;MUNDOJOVEN;00001 - Muebles;00051 - Camas juveniles;00001 - Convencional;00034 - Compactos; -;Dormitorios Juveniles;6289748;00010008012783;COMPACTO BICAMA LOW COST 480 190X90 4 CAJONES MUNDOJOVEN   A653A;A653A;0;0;-1;0;-1;No;"422,43";"392,86";"828,29";;"662,63";"828,29";"0,426094000893407";"0,282615335858624";14/11/2025;20/11/2025;S;N;S;S;VENDER;2000062897486;;0;0;0
ALMACEN REPARACIONES;RIMOBEL S.A.;MUNDOJOVEN;00001 - Muebles;00051 - Camas juveniles;00001 - Convencional;00035 - Nidos; -;Dormitorios Juveniles;;00010008016590;NIDO FORMA RESPALDO DCHA.2 CONTENED.1 BAUL 190X105 MUNDOJOVEN   A5878DA;A5878DA;0;0;-1;0;-1;No;"317,19";"317,19";"618,34";;"494,67";"618,34";"0,379306045217841";"0,224129419613075";25/07/2025;02/09/2025;S;N;S;S;VENDER;;;0;0;0
ALMACEN REPARACIONES;RIMOBEL S.A.;MUNDOJOVEN;00001 - Muebles;00051 - Camas juveniles;00002 - Modular;00002 - Camas; -;Dormitorios Juveniles;6289382;00010008012417;CAMA ABATIBLE VERTICAL 220X105 200 F42 ESTANDAR MUNDOJOVEN   A82419;A82419;0;0;-1;0;-1;No;"482,04";"482,04";"943,79";;"755,03";"943,79";"0,381993451933163";"0,227489768618465";17/10/2025;21/10/2025;S;N;S;S;VENDER;2000062893822;;0;0;0
ALMACEN REPARACIONES;RIMOBEL S.A.;MUNDOJOVEN;00001 - Muebles;00051 - Camas juveniles;00002 - Modular;00003 - Elementos; -;Dormitorios Juveniles;6290803;00010008013837;COLUMNA MONTANTE IZQUIERDA 220X270 MUNDOJOVEN   A9877;A9877;0;0;-1;0;-1;No;"33,13";"33,13";65;;52;65;"0,383272307692308";"0,229090384615385";02/10/2025;08/10/2025;S;N;S;S;VENDER;2000062908038;;0;0;0
ALMACEN REPARACIONES;RIMOBEL S.A.;NINGUNA;00001 - Muebles;00051 - Camas juveniles;00001 - Convencional;00099 - Acc. Dormitorio; -;Dormitorios Juveniles;5798838-30272;00010001010512;"ACCESORIO  C,#ACABADO EN SEDA";;0;1;1;0;2;No;0;"0,01";0;;;;;;07/05/2024;18/06/2024;S;N;N;N;LIQUIDACION;;;0;"0,01";0
ALMACEN REPARACIONES;RIMOBEL S.A.;NINGUNA;00001 - Muebles;00051 - Camas juveniles;00001 - Convencional;00099 - Acc. Dormitorio; -;Dormitorios Juveniles;;00010001010541;ACCESORIO  C INVENTARIABLE;0010INV;0;15;15;0;30;No;0;"26,54";0;;;;;;15/01/2026;04/12/2025;S;N;N;S;VENDER;;;0;"398,1";0
ALMACEN REPARACIONES;RIMOBEL S.A.;NINGUNA;00001 - Muebles;00051 - Camas juveniles;00001 - Convencional;00099 - Acc. Dormitorio; -;Dormitorios Juveniles;;04315001010219;ACCESORIO  C INVENTARIABLE;"""C""";0;1;1;0;2;No;0;"65,28";0;;;;;;07/03/2025;15/11/2023;S;N;S;S;VENDER;;;0;"65,28";0
ALMACEN REPARACIONES;RIMOBEL S.A.;SLIDE;00001 - Muebles;00050 - Dormitorios Matrimonio;00001 - Dormitorio;00003 - Armarios; -;Dormitorios matrimonio;6313598;04315001010026;ARMARIO 2 P. CORRED. PLUS 100 SLIDE 03K12632;03K12632;0;1;1;0;2;No;"161,35";"93,19";319;;119;339;"0,646520689655172";"0,05243781512605";;15/05/2024;S;N;N;N;LIQUIDACION;8435511412615;"1,29";"161,35";"93,19";319
ALMACEN REPARACIONES;RIMOBEL S.A.;SUIT;00001 - Muebles;00056 - Auxiliares;00001 - Mueble Auxiliar;00099 - Acc. Auxiliar; -;Mueble Auxiliar;6336045;04315001010089;KIT VESTIDOR CON 1 CAJON Y CORTINA COLOR BLANCO SUIT 03K13943;03K13943;0;1;1;0;2;No;"161,74";"139,62";339;;149;339;"0,501651327433628";"-0,133826845637584";;;S;N;N;N;LIQUIDACION;8435511413919;"1,89";"161,74";"139,62";339
ALMACEN REPARACIONES;ROS1 S.A.;DELULU;00001 - Muebles;00051 - Camas juveniles;00002 - Modular;00001 - Armarios; -;Dormitorios Juveniles;;01281002010835;"ARMARIO 2 PUERTAS 78,4 X 58,9  DELULU  12642";12642;0;0;-1;0;-1;No;"224,58";"199,63";"444,61";;"400,15";"444,61";"0,456709700636513";"0,396345620392353";29/04/2025;05/06/2025;S;N;S;S;VENDER;;;0;0;0
ALMACEN REPARACIONES;ROS1 S.A.;DELULU;00001 - Muebles;00051 - Camas juveniles;00002 - Modular;00002 - Camas; -;Dormitorios Juveniles;;01281002013164;"DUO COMPACTA SUPERIOR, CAMA DESLIZABLE Y CAJONERA CON 3 CAJONES DE 24,7 190 X 105 + 190 X 90  DELULU  53015";53015;0;0;-1;0;-1;No;"623,58";"532,12";"1221,87";;"1099,68";"1221,87";"0,473049342401401";"0,414497672050051";15/07/2025;11/08/2025;S;N;S;S;VENDER;;;0;0;0
ALMACEN REPARACIONES;ROS1 S.A.;DELULU;00001 - Muebles;00051 - Camas juveniles;00002 - Modular;00003 - Elementos; -;Dormitorios Juveniles;;01281002013426;ESTANTE REVISTERO CON SOPORTES OCULTOS DE 147 CON LUZ LED  DELULU  L6566;L6566;0;0;-2;0;-2;No;"125,4";"105,77";"247,69";;"222,92";"247,69";"0,483298881666599";"0,425885070877445";18/07/2025;11/08/2025;S;N;S;S;VENDER;;;0;0;0
ALMACEN REPARACIONES;ROS1 S.A.;DELULU;00001 - Muebles;00051 - Camas juveniles;00002 - Modular;00004 - Modulos; -;Dormitorios Juveniles;;01281002012153;"CAJONERA INTERIOR 4 CAJONES PARA ARMARIOS ARM. 78,4  DELULU  14093";14093;0;0;-1;0;-1;No;"117,42";"104,37";"237,33";;"213,6";"237,33";"0,467881430918974";"0,408765449438202";12/05/2025;24/05/2025;S;N;S;S;VENDER;;;0;0;0
ALMACEN REPARACIONES;ROS1 S.A.;DELULU;00001 - Muebles;00051 - Camas juveniles;00002 - Modular;00004 - Modulos; -;Dormitorios Juveniles;;01281002014869;SOBRE A MEDIDA HASTA 250 X 67  DELULU  3301;3301;0;0;-1;0;-1;No;"110,58";"97,8";"216,6";;"194,94";"216,6";"0,453656509695291";"0,392951677439212";15/07/2025;11/08/2025;S;N;S;S;VENDER;;;0;0;0
ALMACEN REPARACIONES;ROS1 S.A.;DELULU;00001 - Muebles;00051 - Camas juveniles;00002 - Modular;00004 - Modulos; -;Dormitorios Juveniles;;01281002015292;TOCADOR ESCRITORIO CON CAJONES Y PATAS DE TUBO 98 X 56  DELULU  35006;35006;0;0;-1;0;-1;No;"296,4";"252,92";"579,33";;"521,4";"579,33";"0,471746327654359";"0,413054852320675";15/07/2025;11/08/2025;S;N;S;S;VENDER;;;0;0;0
ALMACEN REPARACIONES;ROS1 S.A.;DELULU;00001 - Muebles;00051 - Camas juveniles;00002 - Modular;00006 - Cabeceros; -;Dormitorios Juveniles;;01281002012044;"CABEZAL GROSOR 3,5 CON SALVA ZÓCALO CON HERRAJE PARA COLGAR A PARED - A MEDIDA FUELLE ALTO HASTA 130 - ANCHO HASTA 270  DELULU  4219E";4219E;0;1;1;0;2;No;"120,84";"108,31";"237,33";;"213,6";"237,33";"0,447793789238613";"0,386446161048689";09/12/2025;09/12/2025;S;N;S;S;VENDER;;;"120,84";"108,31";"237,33"
ALMACEN REPARACIONES;ROS1 S.A.;MOOD KIDS COLOR;00001 - Muebles;00051 - Camas juveniles;00002 - Modular;00004 - Modulos; -;Dormitorios Juveniles;6378326;01281001013071;"ESTANTE PARED DE 3,5 DE GRUESO CON SOPORTES OCULTO MOOD KIDS COLOR 4408F";4408F;0;2;2;0;4;No;"37,2";"34,27";"72,9";;"65,61";"72,9";"0,431183813443073";"0,367982014936747";27/09/2024;09/07/2024;S;N;N;N;LIQUIDACION;;;"74,4";"68,54";"145,8"
ALMACEN REPARACIONES;ROS1 S.A.;NINGUNA;00001 - Muebles;00051 - Camas juveniles;00002 - Modular;00001 - Armarios; -;Dormitorios Juveniles;;01281001014920;ACCESORIO C INVENTARIABLE;1281INV;0;4;4;0;8;No;0;"10,99";0;;;;;;15/01/2026;30/01/2026;S;N;S;S;VENDER;;;0;"43,96";0
ALMACEN REPARACIONES;SAMSUNG ELECTRONICS IBERIA S.A.U.;SAMSUNG;00002 - Electrodomesticos;00006 - Gran Electrodoméstico;00002 - Frio;00001 - Frigorificos; -;Gran Electrodoméstico;;04354001010087;FRIGORIFICO SBS 4 PUERTAS CLASE E 179 CM SAMSUNG RF48A400EM9;RF48A400EM9;0;0;-1;0;-1;No;"626,45";"626,7";"1167,54";;"1025,1";"1167,54";"0,350508762012436";"0,260260462393913";12/11/2025;22/12/2025;S;N;S;N;OFERTA;8806095057903;0;0;0;0
ALMACEN REPARACIONES;SAMSUNG ELECTRONICS IBERIA S.A.U.;SAMSUNG;00002 - Electrodomesticos;00006 - Gran Electrodoméstico;00002 - Frio;00003 - Combinados; -;Gran Electrodoméstico;6400894;04354001010060;COMBINADO 200 CM INOX CLASE D SMART WIFI INVERTER SAMSUNG RB38C603DSA;RB38C603DSA;0;0;-1;0;-1;No;"480,48";"441,87";"899,01";;649;"899,01";"0,405276137084126";"0,176174576271186";10/02/2026;10/02/2026;S;N;S;S;COLECCION;8806094990096;3;0;0;0
ALMACEN REPARACIONES;SAMSUNG ELECTRONICS IBERIA S.A.U.;SAMSUNG;00002 - Electrodomesticos;00006 - Gran Electrodoméstico;00002 - Frio;00003 - Combinados; -;Gran Electrodoméstico;;04354001010123;FRIGORIFICO COMBI 185 CM BLANCO SAMSUNG RB33J3515WW;RB33J3515WW;0;0;-1;0;-1;No;370;"371,7";684;;;;"0,342460526315789";"0,342460526315789";30/06/2025;09/10/2025;S;N;N;N;ULTIMAS UNIDADES;8806088008189;;0;0;0
ALMACEN REPARACIONES;SAMSUNG ELECTRONICS IBERIA S.A.U.;SAMSUNG;00002 - Electrodomesticos;00006 - Gran Electrodoméstico;00003 - Lavado;00001 - Lavadoras; -;Gran Electrodoméstico;6401543;04354001010064;LAVADORA 9 KG 1400 RPM CLASE A SAMSUNG WW90T684DLE;WW90T684DLE;0;0;-1;0;-1;No;"485,35";"480,73";831;;;;"0,300020096269555";"0,300020096269555";04/01/2024;08/08/2025;S;N;N;N;ULTIMAS UNIDADES;8806090606816;0;0;0;0
ALMACEN REPARACIONES;SAMSUNG ELECTRONICS IBERIA S.A.U.;SAMSUNG;00002 - Electrodomesticos;00006 - Gran Electrodoméstico;00003 - Lavado;00001 - Lavadoras; -;Gran Electrodoméstico;;04354001010071;LAVADORA ECOBUBBLE SERIE 5000 SAMSUNG WW80CGC04DTHEC CLASE A NINGUNA;WW80CGC04DTHEC;0;1;0;0;1;No;260;"261,84";"519,01";;429;519;"0,389556270592089";"0,261476923076923";11/02/2026;12/02/2026;S;N;S;S;COLECCION;8806095210414;0;260;"261,84";"519,01"
ALMACEN REPARACIONES;SAMSUNG ELECTRONICS IBERIA S.A.U.;SAMSUNG;00002 - Electrodomesticos;00006 - Gran Electrodoméstico;00003 - Lavado;00001 - Lavadoras; -;Gran Electrodoméstico;;04354001010076;LAVADORA SAMSUNG 9 KG 1400 RPM CLASE-A NEGRA ECOBUBBLE DIGITAL INVERTER MODO VAPOR SMART IA  WW90CGC04DABEC;WW90CGC04DABEC;0;0;-1;0;-1;No;315;"331,4";"623,51";;479;"623,51";"0,356876393321679";"0,162851774530271";16/12/2025;31/01/2026;S;N;S;S;COLECCION;8806095210605;0;0;0;0
ALMACEN REPARACIONES;SAMSUNG ELECTRONICS IBERIA S.A.U.;SAMSUNG;00002 - Electrodomesticos;00006 - Gran Electrodoméstico;00003 - Lavado;00001 - Lavadoras; -;Gran Electrodoméstico;;04354001010131;LAVADORA SAMSUNG 9 KG 1400 RPM CLASE-A (E) AUTODOSIFICACION ECOBUBBLE INVERTER SUPER SPEED 39 MIN. MODO VAPOR WIFI SERIE 6400D WW90DG6U85LKU3;WW90DG6U85LKU3;0;0;-1;0;-1;No;"306,1";"314,47";"594,82";;499;"594,82";"0,360296055949699";"0,23745751503006";27/01/2026;10/02/2026;S;N;S;S;COLECCION;8806095550596;0;0;0;0
ALMACEN REPARACIONES;SAMSUNG ELECTRONICS IBERIA S.A.U.;SAMSUNG;00002 - Electrodomesticos;00006 - Gran Electrodoméstico;00003 - Lavado;00002 - Lavavajillas; -;Gran Electrodoméstico;6348940;04354001010010;LAVAVAJILLAS 13 CUBIERTOS A++ SAMSUNG DW60M6040FS;DW60M6040FS;0;3;3;0;6;No;"263,8";"276,6";"521,64";;439;"521,64";"0,358396595353117";"0,237617312072893";12/02/2026;11/02/2026;S;N;S;S;COLECCION;8806088923529;;"791,4";"829,8";"1564,92"
ALMACEN REPARACIONES;SAMSUNG ELECTRONICS IBERIA S.A.U.;SAMSUNG;00002 - Electrodomesticos;00011 - Electrónica de consumo;00001 - Televisión;00001 - Televisores; -;Electrónica de consumo;6383245;04355001010043;PANTALLA LED 55  UHD SAMSUNG UE55AU7025KXXC;UE55AU7025KXXC;0;1;1;0;2;No;324;"322,76";560;;"355,04";560;"0,302607857142857";"-0,099987607030194";24/01/2025;23/09/2025;S;N;N;N;LIQUIDACION;8806094416671;;324;"322,76";560
ALMACEN REPARACIONES;SAMSUNG ELECTRONICS IBERIA S.A.U.;SAMSUNG;00002 - Electrodomesticos;00011 - Electrónica de consumo;00001 - Televisión;00001 - Televisores; -;Electrónica de consumo;;04355001010172;"TELEVISOR SAMSUNG 75""   TU75DU7105";TU75DU7105;0;2;2;0;4;No;559;"556,69";749;;"649,02";749;"0,100674365821095";"-0,037864626667899";22/08/2025;16/07/2025;S;N;N;N;LIQUIDACION;8806095491288;;1118;"1113,38";1498
ALMACEN REPARACIONES;SAMSUNG ELECTRONICS IBERIA S.A.U.;SAMSUNG;00002 - Electrodomesticos;00011 - Electrónica de consumo;00001 - Televisión;00001 - Televisores;"00005 - Televisor entre 50"" y 55""";Electrónica de consumo;;04355001010127;"PANTALLA LED 55"" UHD SAMSUNG TU55CU7105KXXC";TU55CU7105KXXC;0;1;1;0;2;No;326;326;"563,7";;"358,59";"563,7";"0,300230619123647";"-0,100030675702055";29/04/2024;31/10/2024;S;S;N;N;LIQUIDACION;8806094907490;;326;326;"563,7"
ALMACEN REPARACIONES;SAMSUNG ELECTRONICS IBERIA S.A.U.;SAMSUNG;00002 - Electrodomesticos;00011 - Electrónica de consumo;00001 - Televisión;00001 - Televisores;"00007 - Televisor 75"" y 77""";Electrónica de consumo;;04355001010195;"PANTALLA LED 98"" UHDTU98DU9005KXXC  SAMSUNG";TU98DU9005KXXC;0;0;-1;0;-1;No;"1293,5";"1365,35";2299;;1999;2299;"0,281394736842105";"0,173550025012506";11/02/2026;12/02/2026;S;N;S;S;COLECCION;ES;;0;0;0
ALMACEN REPARACIONES;SANCHEZ GINER S.A.;NINGUNA;00001 - Muebles;00086 - Servicios Comunes Muebles;00002 - Reparaciones Muebles;00001 - Reparaciones Importaciones; -;Servicios comunes Muebles;;00318001010352;ACCESORIO MOBILIARIO  C INVENTARIABLE;318INV;0;1;1;0;2;No;0;0;0;;;;;;10/11/2025;17/11/2025;S;N;S;S;VENDER;;;0;0;0
ALMACEN REPARACIONES;SANCHEZ GINER S.A.;NINGUNA;00001 - Muebles;00096 - Servicios Portes Muebles;00001 - Transporte/Montaje Muebles;00099 - Servicios Varios; -;Servicios portes Muebles;;00318001010344;ACCESORIO MOBILIARIO  C INVENTARIABLE;318INV;0;51;45;6;102;No;"40,05";"40,05";0;;;;;;12/02/2026;14/01/2026;S;N;S;S;VENDER;;;"2042,55";"2042,55";0
ALMACEN REPARACIONES;SANCHEZ MOHEDANO MARKET S.L.U.;SYTECH;00002 - Electrodomesticos;00011 - Electrónica de consumo;00013 - Baja Frecuencia;00006 - Altavoces; -;Electrónica de consumo;6343948;04457001010005;ALTAVOZ BLUETOOTH CON MIC 100W TROLEY SYTECH SY-XTR32;SYXTR32;0;1;0;0;1;No;"102,73";"102,73";"165,73";;"125,56";"165,73";"0,249965003318651";"0,010008760751832";;;S;S;N;N;LIQUIDACION;8435107115500;;"102,73";"102,73";"165,73"
ALMACEN REPARACIONES;SANCHEZ MOHEDANO MARKET S.L.U.;SYTECH;00002 - Electrodomesticos;00011 - Electrónica de consumo;00013 - Baja Frecuencia;00006 - Altavoces; -;Electrónica de consumo;6343949;04457001010006;ALTAVOZ BLUETOOTH CON MIC 150W TROLEY SYTECH SY-XTR42;SYXTR42;0;1;0;0;1;No;"147,62";"147,62";219;;"180,42";219;"0,184382648401826";"0,009975612459816";;;S;N;N;N;LIQUIDACION;8435107115517;;"147,62";"147,62";219
ALMACEN REPARACIONES;SANYSAN APPLIANCES S. L.;SOGO;00002 - Electrodomesticos;00007 - Pequeño Electrodoméstico;00001 - Cocina;00011 - Freidoras; -;Pequeño Electrodoméstico;6396749;01229001010172;FREIDORA DIETETICA 9L DUAL SOGO FRE-SS-10845;FRESS10845;0;0;-1;0;-1;No;"69,32";"77,88";120;;;;"0,21471";"0,21471";04/03/2024;06/06/2025;S;N;N;N;LIQUIDACION;8425490138101;"0,5";0;0;0
ALMACEN REPARACIONES;SANYSAN APPLIANCES S. L.;SOGO;00002 - Electrodomesticos;00015 - Climatización;00001 - Climatización;00009 - Ventiladores; -;Climatización;6313094;01229001010083;VENTILADOR TORRE 45W SOGO VEN-SS-21355;VENSS21355;0;2;0;0;2;No;"22,65";"24,4";"45,87";;37;"45,87";"0,356354916067146";"0,202054054054054";26/06/2024;24/06/2025;S;S;S;N;OFERTA;8425490132239;;"45,3";"48,8";"91,74"
ALMACEN REPARACIONES;SANYSAN APPLIANCES S. L.;SOGO;00002 - Electrodomesticos;00015 - Climatización;00001 - Climatización;00009 - Ventiladores; -;Climatización;6397100;01229001010177;VENTILADOR TECHO 36  91CM CON LUZ LED SOGO VEN-SS-21830;VENSS21830;0;1;1;0;2;No;"58,95";"58,95";"93,15";;;;"0,234251207729469";"0,234251207729469";26/06/2024;23/07/2024;S;N;S;S;VENDER;8425490136619;;"58,95";"58,95";"93,15"
ALMACEN REPARACIONES;SIMTEKS ITHALAT VE IHRACAT LTD. STI;ANDREW;00001 - Muebles;00057 - Asientos;00002 - Sofás;00013 - Sofás cama; -;Asientos;6364361;01453001010023;SOFA CAMA CON ARCON ANDREW ARIA 1037 AZUL;ARIA 1037 AZUL;0;2;2;0;4;No;"197,08";"196,38";419;;;;"0,43288830548926";"0,43288830548926";;15/12/2023;S;N;N;N;LIQUIDACION;8435676703023;;"394,16";"392,76";838
ALMACEN REPARACIONES;SIMTEKS ITHALAT VE IHRACAT LTD. STI;ANDREW;00001 - Muebles;00057 - Asientos;00002 - Sofás;00013 - Sofás cama; -;Asientos;6364362;01453001010024;SOFA CAMA CON ARCON ANDREW ARIA 942 16 GRIS;ARIA 942 16 GRIS;0;1;1;0;2;No;"197,08";"196,11";419;;;;"0,433668019093079";"0,433668019093079";;18/06/2024;S;N;N;N;LIQUIDACION;8435676703030;;"197,08";"196,11";419
ALMACEN REPARACIONES;SIMTEKS ITHALAT VE IHRACAT LTD. STI;MAX;00001 - Muebles;00057 - Asientos;00002 - Sofás;00013 - Sofás cama; -;Asientos;6364364;01453001010026;SOFA CAMA MAX IPEK 1475A GRIS;IPEK 1475A GRIS;0;1;1;0;2;No;"316,5";"311,65";679;;;;"0,444629602356406";"0,444629602356406";;26/02/2024;S;N;N;N;LIQUIDACION;8435676703054;;"316,5";"311,65";679
ALMACEN REPARACIONES;SIMTEKS ITHALAT VE IHRACAT LTD. STI;PATRIC;00001 - Muebles;00057 - Asientos;00002 - Sofás;00002 - Butacas; -;Asientos;6364359;01453001010021;SILLON PATRIC Z016 BOSNA 24 GRIS;Z016 BOSNA 24 GRIS;0;0;-1;0;-1;No;"217,51";"217,51";629;;299;709;"0,58157853736089";"0,119775585284281";;25/06/2025;S;S;N;N;LIQUIDACION;8435676703016;"2,99";0;0;0
ALMACEN REPARACIONES;SIMTEKS ITHALAT VE IHRACAT LTD. STI;PATRIC;00001 - Muebles;00057 - Asientos;00002 - Sofás;00017 - 3 plazas; -;Asientos;6364356;01453001010018;SOFA 3 PLAZAS PATRIC Z016 BOSNA 02 BEIGE;Z016 BOSNA 02 BEIGE;0;1;1;0;2;No;"338,35";"338,35";979;;399;1129;"0,581814606741573";"-0,026073934837093";;26/03/2025;S;S;N;N;LIQUIDACION;8435676702989;"3,99";"338,35";"338,35";979
ALMACEN REPARACIONES;SMATTEX S.L;DUNLOPILLO;00001 - Muebles;00059 - Descanso;00001 - Colchonería;00004 - Patas; -;Descanso;6175896-556;01092001010206;"PATA CUADRADA 21 CM (6,5 CM ANCHO) DUNLOPILLO,#ACABADO EN CEREZO";;0;1;1;0;2;No;"5,64";"5,33";"13,9";;;;"0,536021582733813";"0,536021582733813";31/10/2023;03/11/2023;S;S;N;N;LIQUIDACION;;;"5,64";"5,33";"13,9"
ALMACEN REPARACIONES;SOLER HISPANIA S.L.;NINGUNA;00001 - Muebles;00054 - Menaje;00001 - Servicio Cocina;00009 - Utensilios de Cocina; -;Menage;6358853;01016001011100;FIAMBRERA RECT.IGLOO 23.5CM C/TAPA AZUL  14068725-1;14068725-1;0;0;-2;0;-2;No;"4,04";"3,96";"8,13";;;;"0,410627306273063";"0,410627306273063";09/12/2025;;S;N;S;S;VENDER;8002713009334;;0;0;0
ALMACEN REPARACIONES;SOLER HISPANIA S.L.;NINGUNA;00001 - Muebles;00054 - Menaje;00002 - Servicio de Mesa;00001 - Vajilla; -;Menage;;01016001011758;VAJILLA 18PCS RED.OPAL COUP BASIC MD   1116ZNM518;1116ZNM518;0;0;-1;0;-1;No;"10,94";"10,39";"20,68";;;;"0,392074468085106";"0,392074468085106";28/04/2025;26/11/2025;S;N;S;N;OFERTA;8435476290075;;0;0;0
ALMACEN REPARACIONES;SOLUCIONES EN TAPICERIA S.L.L.;924;00001 - Muebles;00057 - Asientos;00002 - Sofás;00004 - Sofás; -;Asientos;;04548001000012;SOFA 3 PLAZAS 205 CM RELAX ELECTRICO  MOD.924;SERIE M;0;0;-1;0;-1;No;"1019,95";"1019,95";"2057,01";;;;"0,40003232847677";"0,40003232847677";22/10/2025;31/10/2025;S;N;S;S;VENDER;;;0;0;0
ALMACEN REPARACIONES;SOLUCIONES EN TAPICERIA S.L.L.;924;00001 - Muebles;00057 - Asientos;00002 - Sofás;00004 - Sofás; -;Asientos;;04548001000021;SOFA 3 PLAZAS 250 CM RELAX ELECTRICO- CABEZAL ELECTRICO MOD.924 SERIE G PATA JARAMA/ROCA H135 NEGRO ARENA;;0;0;-1;0;-1;No;"930,25";"911,65";"1880,63";;;;"0,413443101513854";"0,413443101513854";22/05/2025;03/06/2025;S;N;S;S;VENDER;;;0;0;0
ALMACEN REPARACIONES;SOLUCIONES EN TAPICERIA S.L.L.;NINGUNA;00001 - Muebles;00057 - Asientos;00002 - Sofás;00004 - Sofás; -;Asientos;;04548001000025;ACCESORIO MOBILIARIO INVENTARIABLE C;INV4548;0;1;1;0;2;No;0;0;0;;;;;;09/05/2025;;S;N;S;S;VENDER;;;0;0;0
ALMACEN REPARACIONES;SONIFER S.A.;ORBEGOZO;00002 - Electrodomesticos;00015 - Climatización;00001 - Climatización;00004 - Radiadores; -;Climatización;6277460;00229001010041;"RADIADOR ORBEGOZO 7 ELEM. 1500 W. MESA CAMILLA 37X13,5X57 CM RH1500";RH1500;0;4;4;0;8;No;"34,22";"34,09";"63,97";;"54,9";"63,97";"0,35518367984993";"0,248653916211293";10/02/2026;29/01/2026;S;N;S;S;COLECCION;8436044537042;;"136,88";"136,36";"255,88"
ALMACEN REPARACIONES;SONIFER S.A.;ORBEGOZO;00002 - Electrodomesticos;00015 - Climatización;00001 - Climatización;00004 - Radiadores; -;Climatización;;00229001010117;RADIADOR ORBEGOZO 11 ELEM. 2500 W. RF2500;RF2500;0;0;-1;0;-1;No;"49,22";"48,87";92;;"74,9";92;"0,357253260869565";"0,210511348464619";11/12/2025;12/12/2025;S;N;S;S;COLECCION;8436044537028;;0;0;0
ALMACEN REPARACIONES;SONIFER S.A.;ORBEGOZO;00002 - Electrodomesticos;00015 - Climatización;00001 - Climatización;00006 - Braseros; -;Climatización;6133025;00229001010017;BRASERO ELECTRICO 900W ORBEGOZO BR50;BR50;0;0;-51;0;-51;No;"16,06";"16,04";"27,9";;"20,43";"27,9";"0,304358422939068";"0,050004894762604";15/03/2024;19/12/2023;S;N;N;N;LIQUIDACION;8436044528736;;0;0;0
ALMACEN REPARACIONES;SONIFER S.A.;ORBEGOZO;00002 - Electrodomesticos;00015 - Climatización;00001 - Climatización;00008 - Ventiladores; -;Climatización;6397134;00229001010106;VENTILADOR DE TECHO 105 CM ORBEGOZO CP121105;CP121105;0;1;1;0;2;No;"68,59";"77,72";"146,12";;"125,15";"146,12";"0,356411168902272";"0,248572113463843";15/07/2025;14/01/2026;S;N;S;N;OFERTA;8435568404618;;"68,59";"77,72";"146,12"
ALMACEN REPARACIONES;SONY EUROPE B.V.;SONY;00002 - Electrodomesticos;00011 - Electrónica de consumo;00011 - Alta Fidelidad;00022 - Barras de Sonido; -;Electrónica de consumo;6280562;01428001010008;BARRA SONIDO SONY HTSF150.CEL;HTSF150.CEL;0;1;1;0;2;No;"99,23";"98,9";171;"85,12";129;171;"0,300181286549708";"0,072333333333333";;;S;S;N;N;LIQUIDACION;4548736067325;;"99,23";"98,9";171
ALMACEN REPARACIONES;"SUINTA,S.L.";ANYA;00001 - Muebles;00057 - Asientos;00002 - Sofás;00008 - Chaise longues; -;Asientos;;00444007010023;"CONJUNTO 2PL.+CHAISELONGUE (270CM) DCHA. ANYA SERIE 1,#ACABADO EN TELA FRANCIA CORTA 20";SERIE 1;0;0;-1;0;-1;No;"702,34";"662,78";"1418,92";;;;"0,434806895385223";"0,434806895385223";26/12/2024;27/02/2025;S;S;S;S;VENDER;;;0;0;0
ALMACEN REPARACIONES;"SUINTA,S.L.";NINGUNA;00001 - Muebles;00057 - Asientos;00002 - Sofás;00099 - Acc Asientos; -;Asientos;;00444001010067;ACCESORIO MOBILIARIO  C INVENTARIABLE;444INV;0;5;5;0;10;No;0;0;0;;;;;;02/01/2026;04/03/2025;S;N;S;S;VENDER;;;0;0;0
ALMACEN REPARACIONES;"SUINTA,S.L.";ROKO;00001 - Muebles;00057 - Asientos;00002 - Sofás;00003 - Butacas; -;Asientos;6312593;00444001010087;"SILLON ROKO SERIE 1,#ACABADO EN TELA NEGRAMARO 204";SERIE 1;0;2;2;0;4;No;"275,35";"259,82";"560,62";;;;"0,439224073347365";"0,439224073347365";28/01/2025;31/01/2025;S;N;S;S;EXPOSICIÓN;;;"550,7";"519,64";"1121,24"
ALMACEN REPARACIONES;"SUINTA,S.L.";XANA;00001 - Muebles;00057 - Asientos;00002 - Sofás;00004 - Sofás; -;Asientos;6356272-54745;00444012010005;"SOFA 4PL FIJO BR25 XANA SERIE 1,#ACABADO EN TELA MICHELLE 20";SERIE 1;0;0;-1;0;-1;No;"428,72";"404,57";"867,88";;549;789;"0,435947711665207";"0,108324772313297";;25/06/2025;S;N;N;N;LIQUIDACION;;5;0;0;0
ALMACEN REPARACIONES;TAGAR;NINGUNA;00001 - Muebles;00050 - Dormitorios Matrimonio;00001 - Dormitorio;00005 - Mesitas de noche; -;Dormitorios matrimonio;;01517001010030;MESITA DE NOCHE  B. EUROPA 1500 S/MUESTRA;;0;0;-1;0;-1;No;"471,25";"471,25";"738,57";;;;"0,227950634333916";"0,227950634333916";12/12/2025;28/11/2025;S;N;S;S;VENDER;;;0;0;0
ALMACEN REPARACIONES;TAGAR;NINGUNA;00001 - Muebles;00051 - Camas juveniles;00001 - Convencional;00005 - Chinfoniers-Escritorio; -;Dormitorios Juveniles;;01517001010025;ESCRITORIO B. EUROPA 1500 S/MUESTRA;;0;0;-1;0;-1;No;"642,9";"642,9";"994,04";;"894,64";"994,04";"0,217426864110096";"0,130478181167844";22/07/2025;23/07/2025;S;N;S;S;VENDER;;;0;0;0
ALMACEN REPARACIONES;TAGAR;NINGUNA;00001 - Muebles;00056 - Auxiliares;00001 - Mueble Auxiliar; -; -;Mueble Auxiliar;;01517001010028;MALETERO B. EUROPA 1500 S/MUESTRA;;0;0;-2;0;-2;No;545;545;"855,78";;;;"0,229416438804366";"0,229416438804366";12/12/2025;28/11/2025;S;N;S;S;VENDER;;;0;0;0
ALMACEN REPARACIONES;TAJOMA S.L.;FAVIO DALI;00001 - Muebles;00057 - Asientos;00002 - Sofás;00099 - Acc Asientos; -;Asientos;6343177-51432;01398001010003;"PUFF FAVIO DALI,#ACABADO EN MADERA HAYA 16 PIEL DALI PIETRA";;0;1;1;0;2;No;"120,78";"116,76";"228,35";;;;"0,381302386687103";"0,381302386687103";25/06/2024;01/10/2024;S;N;S;S;COLECCION STOCK;;;"120,78";"116,76";"228,35"
ALMACEN REPARACIONES;TAJOMA S.L.;LODY;00001 - Muebles;00057 - Asientos;00002 - Sofás;00002 - Butacas; -;Asientos;6340042-51433;01398012010002;"SILLON RELAX P.L. LODY TELA KINOA-JAZZ,#ACABADO EN TELA KINOA SAVANA";TELA KINOA-JAZZ;0;0;-1;0;-1;No;"396,5";"431,66";799;;;;"0,346297121401752";"0,346297121401752";05/11/2024;23/12/2024;S;N;N;N;LIQUIDACION;8435676704228;;0;0;0
ALMACEN REPARACIONES;TAJOMA S.L.;NINGUNA;00001 - Muebles;00057 - Asientos;00002 - Sofás;00099 - Acc Asientos; -;Asientos;;01398001010006;ACCESORIO MOBILIARIO  C INVENTARIABLE;1398INV;0;1;1;0;2;No;"0,01";"0,01";9;;;;"0,998655555555556";"0,998655555555556";29/09/2025;13/05/2024;S;N;S;S;VENDER;;;"0,01";"0,01";9
ALMACEN REPARACIONES;"TAPICERIAS NAVARRO INTERNACIONAL,SL";NINGUNA;00001 - Muebles;00057 - Asientos;00002 - Sofás;00002 - Butacas; -;Asientos;;01513001010002;SILLON RELAX MERCURY 2 MOTORES+ELEVACION+CABEZAL RECLINABLE MOTOR TAPIZADO VALENCIA COLOR LEINEN 4 PATAS NEGRAS;;0;0;-1;0;-1;No;"660,1";"811,3";1339;;;;"0,266861090365945";"0,266861090365945";18/12/2025;27/12/2025;S;N;S;S;VENDER;;;0;0;0
ALMACEN REPARACIONES;TAPIZADOS ACOMODEL YECLA S.L.;AVALON;00001 - Muebles;00057 - Asientos;00002 - Sofás;00004 - Sofás; -;Asientos;;00678001010503;"SOFA 3 PLAZAS 256CM. AVALON  MOD.100 BANDEJA DESLIZANTE NOVA 1,#ACABADO EN TELA HYDRA ARENA";NOVA 1;0;0;-1;0;-1;No;"673,05";"661,83";1359;;;;"0,410732671081678";"0,410732671081678";30/12/2025;02/01/2026;S;N;S;S;VENDER;;;0;0;0
ALMACEN REPARACIONES;TAPIZADOS ACOMODEL YECLA S.L.;AVALON;00001 - Muebles;00057 - Asientos;00002 - Sofás;00004 - Sofás; -;Asientos;;00678001010604;"SOFA DESLIZANTE BANDEJA CON CHAISELONGUE IZQUIERDA DESLIZANTE ARCON 296 CM NOVA 1 AVALON,#ACABADO EN TELA ANNA BEIG";CC80-296;0;0;-1;0;-1;No;"816,61";"816,61";"1646,86";;;;"0,400010869169207";"0,400010869169207";16/07/2025;24/07/2025;S;N;S;S;VENDER;;;0;0;0
ALMACEN REPARACIONES;TAPIZADOS ACOMODEL YECLA S.L.;AVALON;00001 - Muebles;00057 - Asientos;00002 - Sofás;00004 - Sofás; -;Asientos;;00678001010684;"SOFA LINEAL 296 CM. 3 ASIENTOS 80 CM DESLIZANTE BRAZO ARCON AVALON NOVA 01 C3 80- 296,#ACABADO EN LUCCA 06";NOVA 1 C3 80- 296;0;0;-1;0;-1;No;"745,6";"745,6";"1503,65";;;;"0,400009310677352";"0,400009310677352";15/12/2025;05/01/2026;S;N;S;S;VENDER;;;0;0;0
ALMACEN REPARACIONES;TAPIZADOS ACOMODEL YECLA S.L.;BLUS;00001 - Muebles;00057 - Asientos;00002 - Sofás;00004 - Sofás; -;Asientos;6339659;00678001010700;"SOFA 3 PLAZAS 204 FIJO 2F78-204 BLUS NOVA 01,#ACABADO EN TELA LUCCA 18-MARRON";NOVA 01;0;0;-2;0;-2;No;"490,89";"490,89";"989,01";;;;"0,399422756089423";"0,399422756089423";05/02/2026;12/02/2026;S;N;S;S;VENDER;;;0;0;0
ALMACEN REPARACIONES;TAPIZADOS ACOMODEL YECLA S.L.;BLUS;00001 - Muebles;00057 - Asientos;00002 - Sofás;00004 - Sofás; -;Asientos;;00678001010321;"SOFA 3 PLAZAS RELAX ELECTRICO 3 ASIENTOS 261 CM NOVA 01 BLUS 3EL71-261,#ACABADO EN TELA VENUS GRIS";NOVA 01 3EL71-261;0;0;-1;0;-1;No;"963,25";"934,35";1949;;;;"0,419926372498717";"0,419926372498717";12/12/2024;01/03/2025;S;N;S;S;VENDER;;;0;0;0
ALMACEN REPARACIONES;TAPIZADOS ACOMODEL YECLA S.L.;CORA;00001 - Muebles;00057 - Asientos;00002 - Sofás;00008 - Chaise longues; -;Asientos;;00678001010470;CHAISELONGUE 250 CM DERECHA CORA NOVA 01;NOVA 01;0;0;-1;0;-1;No;"770,3";"770,3";1559;;;;"0,402140474663246";"0,402140474663246";23/01/2025;12/03/2025;S;N;S;S;VENDER;;;0;0;0
ALMACEN REPARACIONES;TAPIZADOS ACOMODEL YECLA S.L.;GIO;00001 - Muebles;00057 - Asientos;00002 - Sofás;00004 - Sofás; -;Asientos;;00678001010505;"CHAISELONGUE 291CM. GIO NOVA 01,#ACABADO EN TELA ANNA BEIG";GIO;0;0;-2;0;-2;No;"1145,42";"1119,97";"2308,99";;1599;2179;"0,413092434354415";"0,152492995622264";11/07/2025;19/07/2025;S;N;N;N;BAJA ROTACION;;15;0;0;0
ALMACEN REPARACIONES;TAPIZADOS ACOMODEL YECLA S.L.;KIM;00001 - Muebles;00057 - Asientos;00002 - Sofás;00008 - Chaise longues; -;Asientos;;00678001010241;CHAISELONGUE 296 CM IZQUIERDA KIM NOVA 3;NOVA 3;0;0;-1;0;-1;No;"1506,63";"1506,63";3039;;;;"0,400124284304047";"0,400124284304047";28/05/2024;31/05/2024;S;N;S;S;VENDER;;;0;0;0
ALMACEN REPARACIONES;TAPIZADOS ACOMODEL YECLA S.L.;MEMORY;00001 - Muebles;00057 - Asientos;00002 - Sofás;00004 - Sofás; -;Asientos;;00678001010664;"SOFA DESLIZ.BANDEJA C/CHAISELONGUE DESLIZANTE ARCON DCHA.296 CM. AVALON NOVA 01,#ACABADO EN TELA NORA CANELA";NOVA 01;0;0;-1;0;-1;No;"816,61";"816,61";1649;;;;"0,400789508793208";"0,400789508793208";22/10/2025;29/10/2025;S;N;S;S;VENDER;;;0;0;0
ALMACEN REPARACIONES;TAPIZADOS ACOMODEL YECLA S.L.;MEMORY;00001 - Muebles;00057 - Asientos;00002 - Sofás;00008 - Chaise longues; -;Asientos;6400749-54036;00678001010177;COMP.DOBLE CHAISELONGUE 385CM+3 PL. MOTOR RELAX MEMORY NOVA 06;NOVA 06;0;0;-1;0;-1;No;"2001,84";"2085,25";4039;;;;"0,37530267392919";"0,37530267392919";29/06/2023;18/07/2023;S;N;S;S;VENDER;;;0;0;0
ALMACEN REPARACIONES;TAPIZADOS ACOMODEL YECLA S.L.;SOLIO;00001 - Muebles;00057 - Asientos;00002 - Sofás;00004 - Sofás; -;Asientos;;00678001010260;SOFA 3 PLAZAS ELECTRICO 254 CM SOLIO NOVA 03;NOVA 03;0;0;-1;0;-1;No;"1159,31";"1159,31";2339;;;;"0,400271440786661";"0,400271440786661";25/07/2024;29/07/2024;S;N;S;S;VENDER;;;0;0;0
ALMACEN REPARACIONES;TAPIZADOS ANTONIO CAÑADA S.L.U.;CARLA;00001 - Muebles;00057 - Asientos;00002 - Sofás;00004 - Sofás; -;Asientos;6133425;01037001010380;"SOFA 3PZ. CARLA SERIE 1,#ACABADO EN TELA FUTUR 24";SERIE 1;0;0;-1;0;-1;No;"161,4";"159,03";"325,5";;;;"0,408828571428571";"0,408828571428571";30/01/2026;12/02/2026;S;N;S;S;COLECCION;;;0;0;0
ALMACEN REPARACIONES;TAPIZADOS ANTONIO CAÑADA S.L.U.;CARLA;00001 - Muebles;00057 - Asientos;00002 - Sofás;00004 - Sofás; -;Asientos;6133425-49047;01037001010168;"SOFA 3PZ. CARLA SERIE 1,#ACABADO EN TELA DINO COLOR 2";SERIE 1;0;0;-1;0;-1;No;"161,4";"150,93";"325,5";;;;"0,438939170506912";"0,438939170506912";07/01/2025;22/10/2025;S;N;N;N;LIQUIDACION;;;0;0;0
ALMACEN REPARACIONES;TAPIZADOS ANTONIO CAÑADA S.L.U.;KENIA;00001 - Muebles;00057 - Asientos;00002 - Sofás;00008 - Chaise longues; -;Asientos;6277387-48977;01037001010184;"SOFA 2 PZ.DESLIZANTE + CHAISELONGUE ARCON DCHA. KENIA SERIE 1,#ACABADO EN TELA DINO COLOR 7";SERIE 1;0;0;-2;0;-2;No;"358,47";"353,2";"722,93";;659;"722,93";"0,408833497019075";"0,35148406676783";06/10/2025;16/10/2025;S;N;S;S;COLECCION STOCK;8435676702255;;0;0;0
ALMACEN REPARACIONES;TAPIZADOS ANTONIO CAÑADA S.L.U.;KENIA;00001 - Muebles;00057 - Asientos;00002 - Sofás;00008 - Chaise longues; -;Asientos;6277387-49047;01037001010185;"SOFA 2 PZ.DESLIZANTE + CHAISELONGUE ARCON DCHA. KENIA SERIE 1,#ACABADO EN TELA DINO COLOR 2";SERIE 1;0;0;-1;0;-1;No;"358,47";"351,48";"722,93";;539;"722,93";"0,411712337294067";"0,210963265306122";06/10/2025;01/12/2025;S;N;S;S;COLECCION STOCK;8435676702262;;0;0;0
ALMACEN REPARACIONES;TAPIZADOS ANTONIO CAÑADA S.L.U.;KENIA;00001 - Muebles;00057 - Asientos;00002 - Sofás;00008 - Chaise longues; -;Asientos;6277388-49047;01037001010188;"SOFA 2 PZ.DESLIZANTE + CHAISELONGUE ARCON IZQ. KENIA SERIE 1,#ACABADO EN TELA DINO COLOR 2";SERIE 1;0;1;1;0;2;No;"358,47";"351,22";"722,93";;659;"722,93";"0,412147510824008";"0,355119575113809";06/10/2025;13/11/2025;S;N;S;S;COLECCION STOCK;8435676702279;;"358,47";"351,22";"722,93"
ALMACEN REPARACIONES;TAPIZADOS ANTONIO CAÑADA S.L.U.;NINGUNA;00001 - Muebles;00057 - Asientos;00002 - Sofás;00099 - Acc Asientos; -;Asientos;;01037001010247;ACCESORIO MOBILIARIO  C INVENTARIABLE;1037INV;0;7;4;0;11;No;0;"1,64";0;;;;;;04/11/2025;16/09/2025;S;N;S;S;VENDER;;;0;"11,48";0
ALMACEN REPARACIONES;TAPIZADOS ANTONIO CAÑADA S.L.U.;OCAÑA;00001 - Muebles;00057 - Asientos;00002 - Sofás;00004 - Sofás; -;Asientos;;01037001010254;"SOFA 2 PZ. OCAÑA SERIE 1,#ACABADO EN TELA KAYRA 1";SERIE 1;0;0;-2;0;-2;No;"205,82";"200,81";"415,08";;389;429;"0,414618627734413";"0,375372493573265";06/10/2025;20/12/2025;S;N;N;N;LIQUIDACION;;;0;0;0
ALMACEN REPARACIONES;TAPIZADOS ANTONIO SANTIAGO;YARA;00001 - Muebles;00057 - Asientos;00002 - Sofás;00004 - Sofás; -;Asientos;6393275-54146;01282008010012;SOFA 5 PLAZAS 340 CM YARA SERIE 0;SERIE 0;0;1;1;0;2;No;"1124,01";"1026,27";2269;;;;"0,452716306743059";"0,452716306743059";26/06/2023;;S;N;N;N;LIQUIDACION;;;"1124,01";"1026,27";2269
ALMACEN REPARACIONES;TAPIZADOS CAYUELAS S.L.;DAMA;00001 - Muebles;00057 - Asientos;00002 - Sofás;00004 - Sofás; -;Asientos;;01545001010026;"SOFA 3 PLAZAS 185 CM TELA GREEN DAMA,#ACABADO EN TELA GREEN MARENGO";;0;0;-1;0;-1;No;"188,68";152;"380,57";;;;"0,516724912631053";"0,516724912631053";01/10/2025;01/10/2025;S;N;S;S;VENDER;;;0;0;0
ALMACEN REPARACIONES;TAPIZADOS CAYUELAS S.L.;DAMA;00001 - Muebles;00057 - Asientos;00002 - Sofás;00004 - Sofás; -;Asientos;;01545001010027;"SOFA 3 PLAZAS 185 CM TELA GREEN DAMA,#ACABADO EN TELA GREEN PERLA";;0;0;-1;0;-1;No;178;"161,12";"359,03";;;;"0,456994680110297";"0,456994680110297";20/01/2026;28/01/2026;S;N;S;S;VENDER;;;0;0;0
ALMACEN REPARACIONES;TAPIZADOS CAYUELAS S.L.;DAMA;00001 - Muebles;00057 - Asientos;00002 - Sofás;00004 - Sofás; -;Asientos;;01545001010033;"CHAISELONGUE SIN POUF 255 CM TELA GREEN DAMA,#ACABADO EN TELA GREEN PERLA";;0;1;1;0;2;No;241;"233,2";"486,09";;;;"0,419506675718488";"0,419506675718488";14/08/2025;11/09/2025;S;N;S;S;VENDER;;;241;"233,2";"486,09"
ALMACEN REPARACIONES;TAPIZADOS CAYUELAS S.L.;DAMA;00001 - Muebles;00057 - Asientos;00002 - Sofás;00008 - Chaise longues; -;Asientos;;01545001010028;"CHAISELONGUE 255 CM TELA GREEN DAMA,#ACABADO EN TELA GREEN MOCA";;0;1;-3;0;-2;No;"289,38";"267,12";"583,68";;469;"583,68";"0,446245888157895";"0,310841791044776";02/12/2025;11/02/2026;S;N;S;S;VENDER;;;"289,38";"267,12";"583,68"
ALMACEN REPARACIONES;TAPIZADOS CAYUELAS S.L.;NEIRA;00001 - Muebles;00057 - Asientos;00002 - Sofás;00008 - Chaise longues; -;Asientos;6397255;01545001010010;CHAISELONGUE REVERSIBLE 265 CM GREEN PERLA NEIRA;;0;2;1;0;3;No;220;"224,17";"443,74";;;;"0,388728309370352";"0,388728309370352";11/02/2026;11/02/2026;S;N;S;S;VENDER;8435676712018;;440;"448,34";"887,48"
ALMACEN REPARACIONES;TAPIZADOS CAYUELAS S.L.;NINGUNA;00001 - Muebles;00057 - Asientos;00002 - Sofás;00008 - Chaise longues; -;Asientos;;01545000000001;ACCESORIO MOBILIARIO C INVENTARIABLE;1545INV;0;3;3;0;6;No;0;0;0;;;;;;26/12/2025;09/07/2025;S;N;S;S;VENDER;;;0;0;0
ALMACEN REPARACIONES;TAPIZADOS CAYUELAS S.L.;REACONDICIONADO;00001 - Muebles;00057 - Asientos;00002 - Sofás;00004 - Sofás; -;Asientos;;01545001010059;SOFA 3PZ. TELA GREEN PERLA VALDINI REACONDICIONADO B;;0;0;-1;0;-1;No;"128,54";"128,54";279;;"178,87";279;"0,442532616487455";"0,130466819477833";;16/01/2026;S;N;N;N;LIQUIDACION;;;0;0;0
ALMACEN REPARACIONES;TAPIZADOS CAYUELAS S.L.;VALDINI;00001 - Muebles;00057 - Asientos;00002 - Sofás;00004 - Sofás; -;Asientos;6397251;01545001010006;SOFA 3PZ. TELA GREEN PERLA VALDINI;;0;0;-3;0;-3;No;126;"133,31";"254,14";;;;"0,365290391123003";"0,365290391123003";12/02/2026;11/02/2026;S;N;S;S;VENDER;8435676709551;;0;0;0
ALMACEN REPARACIONES;TAPIZADOS CAYUELAS S.L.;VALDINI;00001 - Muebles;00057 - Asientos;00002 - Sofás;00004 - Sofás; -;Asientos;;01545001010038;CONJUNTO 3PZ.+ 2 PZ. TELA GREEN MARENGO VALDINI;;0;1;0;0;1;No;226;226;"523,76";;;;"0,477890636932946";"0,477890636932946";07/02/2026;07/02/2026;S;N;S;S;VENDER;;;226;226;"523,76"
ALMACEN REPARACIONES;TAPIZADOS CAYUELAS S.L.;YUQUE;00001 - Muebles;00057 - Asientos;00002 - Sofás;00004 - Sofás; -;Asientos;6397247;01545001010002;SOFA 3PZ. TELA GREEN PERLA YUQUE;;0;0;-3;0;-3;No;103;"109,18";"207,74";;;;"0,364071435448156";"0,364071435448156";11/02/2026;11/02/2026;S;N;S;S;VENDER;8435676709506;;0;0;0
ALMACEN REPARACIONES;TAPIZADOS JAEN;KATY;00001 - Muebles;00057 - Asientos;00002 - Sofás;00002 - Butacas; -;Asientos;6120710;01067001010607;"SILLON FIJO PALANCA KATY SERIE 1,#ACABADO EN TELA CYRO CHOCO";SERIE 1;0;0;-1;0;-1;No;"236,55";"224,81";479;;;;"0,432108350730689";"0,432108350730689";20/03/2025;22/03/2025;S;N;S;S;COLECCION;8435676702774;;0;0;0
ALMACEN REPARACIONES;TAPIZADOS JAEN;KATY;00001 - Muebles;00057 - Asientos;00002 - Sofás;00002 - Butacas; -;Asientos;6120710;01067001011106;"SILLON FIJO PALANCA KATY SERIE 1,#ACABADO EN TELA NAIMA C/11 VISON";SERIE 1;0;0;-1;0;-1;No;"236,55";"234,18";479;;;;"0,408438830897704";"0,408438830897704";10/09/2025;10/09/2025;S;N;S;S;COLECCION;8435676702774;;0;0;0
ALMACEN REPARACIONES;TAPIZADOS JAEN;KATY;00001 - Muebles;00057 - Asientos;00002 - Sofás;00099 - Acc Asientos; -;Asientos;;01067006010049;PALANCA RELAX PARA SILLON KATY;;0;3;0;0;3;No;15;"3,82";"30,25";;;;"0,8472";"0,8472";02/01/2025;12/02/2026;S;S;S;S;VENDER;;;45;"11,46";"90,75"
ALMACEN REPARACIONES;TAPIZADOS JAEN;KIMI;00001 - Muebles;00057 - Asientos;00002 - Sofás;00004 - Sofás; -;Asientos;6316255;01067001010598;"SOFA 3 PLAZAS + CHAISELONGUE IZDA 297 CM 2 ARCONES KIMI TELA PROMO DINO/HADA,#ACABADO EN TELA HADA PLATA";TELA PROMO DINO/HADA;0;0;-1;0;-1;No;"654,29";"643,86";1319;;;;"0,40934753601213";"0,40934753601213";11/02/2026;11/02/2026;S;N;S;S;VENDER;;;0;0;0
ALMACEN REPARACIONES;TAPIZADOS JAEN;KIMI;00001 - Muebles;00057 - Asientos;00002 - Sofás;00004 - Sofás; -;Asientos;6316256;01067001010683;"SOFA 3 PLAZAS + CHAISELONGUE DCHA 297 CM 2 ARCONES KIMI TELA PROMO DINO/HADA,#ACABADO EN TELA HADA BEIGE";TELA PROMO DINO/HADA;0;1;0;0;1;No;"654,29";"647,75";1319;;879;"1278,99";"0,40577899924185";"0,108330489192264";13/01/2025;18/09/2025;S;N;N;N;LIQUIDACION;;10;"654,29";"647,75";1319
ALMACEN REPARACIONES;TAPIZADOS JAEN;KIMI;00001 - Muebles;00057 - Asientos;00002 - Sofás;00004 - Sofás; -;Asientos;6316256;01067001011004;"SOFA 3 PLAZAS + CHAISELONGUE DCHA 297 CM 2 ARCONES KIMI TELA PROMO DINO/HADA,#ACABADO EN TELA LYRA 7";TELA PROMO DINO/HADA;0;0;-1;0;-1;No;"654,29";"647,75";1319;;;;"0,40577899924185";"0,40577899924185";16/07/2025;22/07/2025;S;N;S;S;COLECCION;;15;0;0;0
ALMACEN REPARACIONES;TAPIZADOS JAEN;KIMI;00001 - Muebles;00057 - Asientos;00002 - Sofás;00004 - Sofás; -;Asientos;6383432;01067001010279;SOFA 2 PLAZAS 178 KIMI SERIE 1;SERIE 1;0;0;-1;0;-1;No;"376,38";"372,62";759;;;;"0,405968115942029";"0,405968115942029";20/01/2026;24/01/2026;S;N;S;S;VENDER;;;0;0;0
ALMACEN REPARACIONES;TAPIZADOS JAEN;NICOL;00001 - Muebles;00057 - Asientos;00002 - Sofás;00004 - Sofás; -;Asientos;5978794;01067001010519;"CONJUNTO 3+2 PZ. NICOL SERIE 1,#ACABADO EN TELA DINO COLOR 14";SERIE 1;0;0;-1;0;-1;No;"490,75";"485,84";"989,01";;;;"0,405601156712268";"0,405601156712268";08/02/2024;13/02/2024;S;N;S;S;COLECCION;;;0;0;0
ALMACEN REPARACIONES;TAPIZADOS JAEN;NICOL;00001 - Muebles;00057 - Asientos;00002 - Sofás;00004 - Sofás; -;Asientos;5999640-47054;01067001010310;"SOFA 3 PZ. 200CM NICOL SERIE 1,#ACABADO EN TELA CYRO PIEDRA";SERIE 1;0;0;-1;0;-1;No;265;"262,36";"538,99";;;;"0,411017644112136";"0,411017644112136";03/07/2025;14/07/2025;S;N;S;S;COLECCION STOCK;8435676704686;;0;0;0
ALMACEN REPARACIONES;TAPIZADOS JAEN;NICOL;00001 - Muebles;00057 - Asientos;00002 - Sofás;00004 - Sofás; -;Asientos;6039298;01067001010777;"SOFA 2 PZ. NICOL SERIE 1,#ACABADO EN TELA ATENEA AZUL";SERIE 1;0;0;-1;0;-1;No;"225,74";"223,48";459;;;;"0,410869716775599";"0,410869716775599";05/12/2024;01/02/2025;S;N;S;S;VENDER;;;0;0;0
ALMACEN REPARACIONES;TAPIZADOS JAEN;NICOL;00001 - Muebles;00057 - Asientos;00002 - Sofás;00004 - Sofás; -;Asientos;6039298;01067001011144;"SOFA 2 PZ. NICOL SERIE 1,#ACABADO EN TELA LYRA 5";SERIE 1;0;0;-1;0;-1;No;"225,74";"223,48";459;;;;"0,410869716775599";"0,410869716775599";30/12/2025;02/01/2026;S;N;S;S;VENDER;;;0;0;0
ALMACEN REPARACIONES;TAPIZADOS JAEN;NICOL;00001 - Muebles;00057 - Asientos;00002 - Sofás;00004 - Sofás; -;Asientos;6368139;01067001011205;"SOFA 3 PZ.(234CM) FIJO 3 ASIENTOS NICOL SERIE 1,#ACABADO EN ACABADO EN TELA LYRA 5";SERIE 1;0;0;-1;0;-1;No;"338,61";"321,81";689;;;;"0,434847460087083";"0,434847460087083";04/11/2025;05/11/2025;S;N;S;S;VENDER;;;0;0;0
ALMACEN REPARACIONES;TAPIZADOS JAEN;NINGUNA;00001 - Muebles;00057 - Asientos;00002 - Sofás;00004 - Sofás; -;Asientos;6401575;01067001010407;"CONJUNTO 3+2 PZ. PUMA SERIE 1,#ACABADO EN TELA HADA CRUDO";SERIE 1;0;1;1;0;2;No;"579,09";"573,3";"1169,01";;;;"0,40659789052275";"0,40659789052275";13/01/2026;06/02/2026;S;N;S;S;VENDER;;;"579,09";"573,3";"1169,01"
ALMACEN REPARACIONES;TAPIZADOS JAEN;NINGUNA;00001 - Muebles;00057 - Asientos;00002 - Sofás;00004 - Sofás; -;Asientos;;01067001011349;"CONJUNTO 3+2 PZ. PUMA SERIE 2,#ACABADO EN TELA HADA PLATA";SERIE 2;0;0;-1;0;-1;No;"627,46";"621,19";1269;;;;"0,407691174152876";"0,407691174152876";30/12/2025;05/01/2026;S;N;S;S;VENDER;;;0;0;0
ALMACEN REPARACIONES;TAPIZADOS JAEN;NINGUNA;00001 - Muebles;00057 - Asientos;00002 - Sofás;00099 - Acc Asientos; -;Asientos;6333406;01067006010023;TELA ANCHO 140  SERIE 6;SERIE 6;0;0;-2;0;-2;No;18;"17,82";"36,3";;;;"0,406";"0,406";11/02/2026;30/01/2026;S;N;S;S;VENDER;;;0;0;0
ALMACEN REPARACIONES;TAPIZADOS JAEN;NINGUNA;00001 - Muebles;00057 - Asientos;00002 - Sofás;00099 - Acc Asientos; -;Asientos;;01067001010393;ACCESORIO C INVENTARIABLE;1067INV;0;8;8;0;16;No;0;"44,47";0;;;;;;03/02/2026;09/02/2026;S;N;S;S;VENDER;;;0;"355,76";0
ALMACEN REPARACIONES;TAPIZADOS JAEN;PUMA;00001 - Muebles;00057 - Asientos;00002 - Sofás;00004 - Sofás; -;Asientos;;01067001010746;"SOFA 3 PLAZAS SERIE 1 MODELO PUMA,#ACABADO EN TELA HADA PLATA";SERIE 1;0;0;-1;0;-1;No;"312,69";"309,56";639;;;;"0,413822222222222";"0,413822222222222";16/12/2025;16/12/2025;S;N;S;S;VENDER;;;0;0;0
ALMACEN REPARACIONES;TAPIZADOS JAEN;PUMA;00001 - Muebles;00057 - Asientos;00002 - Sofás;00004 - Sofás; -;Asientos;;01067001011209;"SOFA 3 PLAZAS SERIE 6 MODELO PUMA,#ACABADO EN TELA DAYTONA HP 60";SERIE 6;0;0;-2;0;-2;No;"435,85";"431,49";879;;;;"0,406026279863481";"0,406026279863481";06/02/2026;07/02/2026;S;N;S;S;VENDER;;;0;0;0
ALMACEN REPARACIONES;TAPIZADOS JAEN;SIROCCO;00001 - Muebles;00057 - Asientos;00002 - Sofás;00004 - Sofás; -;Asientos;6085407;01067001011284;"CONJUNTO 3+2 PZ. SIROCCO SERIE 1,#ACABADO EN TELA ALBI CRUDO";SERIE 1;0;0;-1;0;-1;No;"327,6";"324,32";669;;;;"0,413412257100149";"0,413412257100149";01/12/2025;27/01/2026;S;N;S;S;VENDER;;;0;0;0
ALMACEN REPARACIONES;TAPIZADOS JAEN;SIROCCO;00001 - Muebles;00057 - Asientos;00002 - Sofás;00004 - Sofás; -;Asientos;6144682;01067001010840;"SOFA 2 PZ. SIROCCO SERIE 1,#ACABADO EN TELA FUTUR 2";SERIE 1;0;0;-1;0;-1;No;"162,33";"160,71";329;;;;"0,408938905775076";"0,408938905775076";20/01/2025;03/02/2025;S;N;S;S;VENDER;;;0;0;0
ALMACEN REPARACIONES;TAPIZADOS JAEN;VENUS;00001 - Muebles;00057 - Asientos;00002 - Sofás;00004 - Sofás; -;Asientos;6294941;01067001010350;"MOD.3 PZ.C/BR+CHAIS 3PZ.IZQ.(304)2 MOTORES S/ARCON VENUS SERIE 1,#ACABADO EN TELA HADA ROSA";SERIE 1;0;0;-1;0;-1;No;728;"720,72";1469;;;;"0,406350442477876";"0,406350442477876";22/12/2025;29/01/2026;S;N;S;S;VENDER;;;0;0;0
ALMACEN REPARACIONES;TAPIZADOS JAEN;VENUS;00001 - Muebles;00057 - Asientos;00002 - Sofás;00004 - Sofás; -;Asientos;;01067001011269;SOFA 3 PLAZAS 3 ASIENTOS RELAX MOTOR (3 MOTORES) 244 CM VENUS SERIE 6;SERIE 6;0;0;-1;0;-1;No;"837,84";"796,28";"1689,67";;;;"0,42977102037676";"0,42977102037676";01/12/2025;12/12/2025;S;N;S;S;VENDER;;;0;0;0
ALMACEN REPARACIONES;TAPIZADOS JAEN;VENUS;00001 - Muebles;00057 - Asientos;00002 - Sofás;00008 - Chaise longues; -;Asientos;;01067001011409;CHAISELONGUE DERECHA 345 CM (SENTADA 70 CM) MOTOR SERIE 6 VENUS;SERIE 6;0;0;-1;0;-1;No;"1261,9";"1249,28";"2544,87";;;;"0,406009422878182";"0,406009422878182";28/01/2026;28/01/2026;S;N;S;S;VENDER;;;0;0;0
ALMACEN REPARACIONES;TAPIZADOS JAEN;VENUS;00001 - Muebles;00057 - Asientos;00002 - Sofás;00011 - Rinconeros; -;Asientos;;01067001010909;RINCONERA VENUS CHAISELONGUE CON MOTOR 407 CM SERIE 6;SERIE 6;0;0;-1;0;-1;No;"1613,07";"1596,94";3259;;;;"0,407088861613992";"0,407088861613992";11/03/2025;24/01/2026;S;N;S;S;VENDER;;;0;0;0
ALMACEN REPARACIONES;TAPIZADOS MUÑOZ ROBLES S.L.;FOAM;00001 - Muebles;00057 - Asientos;00002 - Sofás;00008 - Chaise longues; -;Asientos;6400377-54826;01386003010004;"CHAISELONGUE CAMA 270 PATA NEGRA IZQDA SERIE A FOAM,#ACABADO EN TELA MARE 4";;0;0;-1;0;-1;No;"738,99";690;"1490,54";;839;1989;"0,439867430595623";"0,004886769964243";;21/01/2026;S;N;N;N;BAJA ROTACION;;"9,29";0;0;0
ALMACEN REPARACIONES;TAPIZADOS MUÑOZ ROBLES S.L.;HORUS;00001 - Muebles;00057 - Asientos;00002 - Sofás;00008 - Chaise longues; -;Asientos;6386001-54320;01386001010022;CHAISELONGUE 308 CM DERECHA SERIE C HORUS;;0;0;-2;0;-2;No;"949,54";"835,59";"1918,95";;1199;2629;"0,473116079105761";"0,156744036697248";21/01/2026;20/01/2025;S;N;N;N;BAJA ROTACION;;10;0;0;0
ALMACEN REPARACIONES;TAPIZADOS MUÑOZ ROBLES S.L.;HORUS;00001 - Muebles;00057 - Asientos;00002 - Sofás;00008 - Chaise longues; -;Asientos;;01386001010102;CHAISELONGUE 288 CM IZQUIERDA SERIE B HORUS;;0;0;-1;0;-1;No;"841,54";"806,47";"1699,84";;979;1579;"0,425929087443524";"0,003239325842697";01/08/2024;26/04/2025;S;N;N;N;LIQUIDACION;;"10,89";0;0;0
ALMACEN REPARACIONES;TAPIZADOS MUÑOZ ROBLES S.L.;MERCURY;00001 - Muebles;00057 - Asientos;00002 - Sofás;00008 - Chaise longues; -;Asientos;6394541;01386001010043;CHAISELONGUE 310 CM DERECHA SERIE B MERCURY #ACABADO EN TELA OASIS 6 FROCA;;0;1;0;0;1;No;"876,96";"829,07";"1772,87";;1599;"1772,87";"0,434152137494571";"0,372623702313946";21/01/2026;10/12/2025;S;N;S;S;COLECCION STOCK;;;"876,96";"829,07";"1772,87"
ALMACEN REPARACIONES;TAPIZADOS MUÑOZ ROBLES S.L.;MERCURY;00001 - Muebles;00057 - Asientos;00002 - Sofás;00008 - Chaise longues; -;Asientos;;01386001010148;"CHAISELONGUE 258X190 CM IZQUIERDA SERIE B MERCURY,#ACABADO EN TELA OASIS 6";;0;1;0;0;1;No;"806,98";"773,35";"1636,24";;;;"0,428107429227986";"0,428107429227986";10/07/2025;03/07/2025;S;N;S;S;VENDER;;;"806,98";"773,35";"1636,24"
ALMACEN REPARACIONES;TAPIZADOS MUÑOZ ROBLES S.L.;NINGUNA;00001 - Muebles;00057 - Asientos;00002 - Sofás;00099 - Acc Asientos; -;Asientos;;01386001010066;ACCESORIO  C INVENTARIABLE;INV1386;0;1;1;0;2;No;0;"4,03";0;;;;;;24/09/2025;22/01/2025;S;N;S;S;VENDER;;;0;"4,03";0
ALMACEN REPARACIONES;TAPIZADOS MUÑOZ ROBLES S.L.;PISSA;00001 - Muebles;00057 - Asientos;00002 - Sofás;00013 - Sofás cama; -;Asientos;6333734-46510;01386002010001;"SOFA CAMA 212 CM PISSA TELA LIDO,#ACABADO EN TELA LIDO 3";TELA LIDO;0;2;1;0;3;No;460;"446,7";"927,81";;859;"946,93";"0,417437837488279";"0,370771827706636";05/12/2025;17/01/2026;S;N;S;N;OFERTA STOCK;8435676700299;;920;"893,4";"1855,62"
ALMACEN REPARACIONES;TAPIZADOS MUÑOZ ROBLES S.L.;QUEEN;00001 - Muebles;00057 - Asientos;00002 - Sofás;00008 - Chaise longues; -;Asientos;;01386001010151;"CHAISELONGUE 324CM X 212CM DCHA SERIE B QUEEN, #ACABADO EN ENZO 10";;0;0;1;0;1;No;"907,2";"883,59";"1831,29";;1649;"1831,29";"0,416179905967924";"0,351641055184961";05/02/2026;05/02/2026;S;N;S;S;COLECCION STOCK;;;0;0;0
ALMACEN REPARACIONES;TAPIZADOS MUÑOZ ROBLES S.L.;QUEEN;00001 - Muebles;00057 - Asientos;00002 - Sofás;00008 - Chaise longues; -;Asientos;;01386001010163;"CHAISELONGUE 324CM X 212CM IZQUIERDA SERIE B QUEEN ,#ACABADO EN ENZO 10";;0;0;-2;0;-2;No;"907,2";"881,64";"1831,29";;1649;"1831,29";"0,417468341988434";"0,353071922377198";05/02/2026;11/02/2026;S;N;S;S;COLECCION STOCK;;;0;0;0
ALMACEN REPARACIONES;TAPIZADOS MUÑOZ ROBLES SL;KIBUC;00001 - Muebles;00057 - Asientos;00002 - Sofás; -; -;Tapiceria;;03827003000084;"ANDY SOFA 3 PLAZAS L198XP93XH105CM AS77CM BRAZO 22CM SERIE A,#SA/SP 3-SEMINIDO";ANDY02SA;0;0;-1;0;-1;No;"285,86";"272,25";"628,64";;;;"0,47597591626368";"0,47597591626368";02/10/2024;04/10/2024;S;N;S;S;VENDER;;;0;0;0
ALMACEN REPARACIONES;TAPIZADOS MUÑOZ ROBLES SL;KIBUC;00001 - Muebles;00057 - Asientos;00002 - Sofás; -; -;Tapiceria;;03827003000085;ACCESORIO MOBILIARIO C INVENTARIABLE;3827INV;0;1;1;0;2;No;0;0;0;;;;;;05/02/2026;;S;N;S;S;VENDER;;;0;0;0
ALMACEN REPARACIONES;TAPIZADOS PEDRO ORTIZ S.L.;ALOHA;00001 - Muebles;00057 - Asientos;00002 - Sofás;00004 - Sofás; -;Asientos;;01176001012244;"SOFA 3 PLAZAS  DESLIZANTE 231 CM ALOHA (REDUCCION BRAZO 12 CM) TOTAL 219 CM SERIE 400,#ACABADO EN METEO 97 S/400 REDUCIR 6 CMS EN CADA BRAZO. 231CMS.(219 CMS)";SERIE 400;0;0;-1;0;-1;No;"1014,71";"897,93";"2047,78";;;;"0,46942772172792";"0,46942772172792";17/07/2025;04/06/2025;S;N;S;S;VENDER;;;0;0;0
ALMACEN REPARACIONES;TAPIZADOS PEDRO ORTIZ S.L.;ALOHA;00001 - Muebles;00057 - Asientos;00002 - Sofás;00004 - Sofás; -;Asientos;;01176001012255;SOFA 3 PLAZAS  DESLIZANTE CON MOTOR 272CM ALOHA SERIE 400 PATAS METALICAS NEGRAS;SERIE 400;0;0;-1;0;-1;No;"1336,61";"1271,8";"2697,4";;;;"0,429495810780752";"0,429495810780752";26/06/2025;04/09/2025;S;N;S;S;VENDER;;;0;0;0
ALMACEN REPARACIONES;TAPIZADOS PEDRO ORTIZ S.L.;DALLAS;00001 - Muebles;00057 - Asientos;00002 - Sofás;00011 - Rinconeros; -;Asientos;6401760-54974;01176001010933;SOFA RINCONERA 311X271 DALLAS SERIE 600;SERIE 600;0;0;-1;0;-1;No;"1406,87";"1335,43";"2841,6";;;;"0,431351949605856";"0,431351949605856";04/08/2023;06/11/2023;S;N;S;S;VENDER;;;0;0;0
ALMACEN REPARACIONES;TAPIZADOS PEDRO ORTIZ S.L.;ELVAS;00001 - Muebles;00057 - Asientos;00002 - Sofás;00002 - Butacas; -;Asientos;6279173;01176001011321;"SILLON RELAX ELECTRICO ELVAS SERIE 400,#ACABADO EN TELA MATEO COLOR 70 HILO CONTRASTADO BLANCO, PATA METALICA";SERIE 400;0;1;1;0;2;No;"459,15";"426,43";"925,91";;;;"0,442731690985085";"0,442731690985085";06/06/2024;25/06/2024;S;N;S;S;VENDER;;;"459,15";"426,43";"925,91"
ALMACEN REPARACIONES;TAPIZADOS PEDRO ORTIZ S.L.;ELVAS;00001 - Muebles;00057 - Asientos;00002 - Sofás;00002 - Butacas; -;Asientos;6279173;01176001012538;"SILLON RELAX ELECTRICO ELVAS SERIE 400,#ACABADO EN TELA TINA 2";SERIE 400;0;0;-1;0;-1;No;"459,15";"436,89";"925,91";;;;"0,429062327872039";"0,429062327872039";18/12/2025;26/12/2025;S;N;S;S;VENDER;;;0;0;0
ALMACEN REPARACIONES;TAPIZADOS PEDRO ORTIZ S.L.;ELVAS;00001 - Muebles;00057 - Asientos;00002 - Sofás;00004 - Sofás; -;Asientos;;01176001011886;"CONJUNTO 3 PLAZAS FIJO 200CM + SOFA 2PZ. DESLIZANTE 172 CM ELVAS SERIE 800,#ACABADO EN TELA MARINA 104";SERIE 800;0;0;-1;0;-1;No;"1388,9";"1289,9";"2800,41";;;;"0,442660538992505";"0,442660538992505";23/12/2024;28/12/2024;S;N;S;S;VENDER;;;0;0;0
ALMACEN REPARACIONES;TAPIZADOS PEDRO ORTIZ S.L.;ELVAS;00001 - Muebles;00057 - Asientos;00002 - Sofás;00004 - Sofás; -;Asientos;;01176001012137;"SOFA 3PZ. RELAX 200 ELVAS SERIE 400,#ACABADO EN TELA ISLA 5";SERIE 400;0;0;-2;0;-2;No;"830,07";"734,53";"1677,77";;;;"0,470260345577761";"0,470260345577761";29/05/2025;09/06/2025;S;N;S;S;VENDER;;;0;0;0
ALMACEN REPARACIONES;TAPIZADOS PEDRO ORTIZ S.L.;ELVAS;00001 - Muebles;00057 - Asientos;00002 - Sofás;00004 - Sofás; -;Asientos;;01176001012138;"SOFA 2PZ. FIJO 172 ELVAS SERIE 600,#ACABADO EN TELA ALTAMIRA 113";SERIE 600;0;0;-1;0;-1;No;"521,25";"461,25";"1059,83";;;;"0,473394317956653";"0,473394317956653";02/06/2025;05/06/2025;S;N;S;S;VENDER;;;0;0;0
ALMACEN REPARACIONES;TAPIZADOS PEDRO ORTIZ S.L.;ELVAS;00001 - Muebles;00057 - Asientos;00002 - Sofás;00004 - Sofás; -;Asientos;;01176001012145;SOFA 3PLAZAS RELAX MOTOR 302 CM ELVAS SERIE 800;SERIE 800;0;-1;-1;0;-2;No;"1006,54";"890,69";"2038,25";;;;"0,47124498957439";"0,47124498957439";29/05/2025;04/06/2025;S;N;N;N;LIQUIDACION;;;"-1006,54";"-890,69";"-2038,25"
ALMACEN REPARACIONES;TAPIZADOS PEDRO ORTIZ S.L.;ELVAS;00001 - Muebles;00057 - Asientos;00002 - Sofás;00004 - Sofás; -;Asientos;;01176001012425;RINCONERA 183X244 ELVAS SERIE 400 (REDUCCION BRAZOS A 19 CM);SERIE 400;0;0;-1;0;-1;No;"1019,62";"970,18";"2056,27";;;;"0,429103279238621";"0,429103279238621";06/11/2025;11/11/2025;S;N;S;S;VENDER;;;0;0;0
ALMACEN REPARACIONES;TAPIZADOS PEDRO ORTIZ S.L.;IFNI;00001 - Muebles;00057 - Asientos;00002 - Sofás;00002 - Butacas; -;Asientos;;01176001012226;"SILLON MANUAL RELAX 5 RADIOS NEGRO 71 IFNI SERIE 400,#ACABADO EN TELA MARCO 5";SERIE 400;0;0;-1;0;-1;No;"534,32";"472,82";"1080,4";;;;"0,470462606442058";"0,470462606442058";02/06/2025;20/06/2025;S;N;S;S;VENDER;;;0;0;0
ALMACEN REPARACIONES;TAPIZADOS PEDRO ORTIZ S.L.;MINI;00001 - Muebles;00057 - Asientos;00002 - Sofás;00002 - Butacas; -;Asientos;6326195;01176001012428;"SILLON RELAX MOTOR 0,82 MINI SERIE 400,#ACABADO EN METEO 02";SERIE 400;0;0;-1;0;-1;No;"400,33";"380,92";"812,63";;;;"0,432812965310166";"0,432812965310166";18/12/2025;19/12/2025;S;N;S;S;COLECCION;;;0;0;0
ALMACEN REPARACIONES;TAPIZADOS PEDRO ORTIZ S.L.;MINI;00001 - Muebles;00057 - Asientos;00002 - Sofás;00002 - Butacas; -;Asientos;6326195-50500;01176001010883;"SILLON RELAX MOTOR 0,82 MINI SERIE 400,#ACABADO EN TELA BABEL ASH";SERIE 400;0;0;-1;0;-1;No;"400,33";"371,63";"812,63";;569;789;"0,446645705917822";"0,209714762741652";15/12/2025;07/01/2026;S;N;N;N;LIQUIDACION;;;0;0;0
ALMACEN REPARACIONES;TAPIZADOS PEDRO ORTIZ S.L.;MINI;00001 - Muebles;00057 - Asientos;00002 - Sofás;00002 - Butacas; -;Asientos;6368900;01176001011773;"SILLON RELAX MOTOR 87CM MINI SERIE 500,#ACABADO EN TELA OSLO ARENA";SERIE 500;0;0;-1;0;-1;No;"416,67";"368,35";"843,52";;;;"0,471614780918058";"0,471614780918058";15/11/2024;16/12/2024;S;N;S;S;VENDER;;;0;0;0
ALMACEN REPARACIONES;TAPIZADOS PEDRO ORTIZ S.L.;NINGUNA;0 - SIN FAMILIA; -; -; -; -;Asientos;;01176001011021;ACCESORIO C INVENTARIABLE NINGUNA;1176INV;0;18;16;0;34;No;0;"57,25";0;;;;;;29/01/2026;23/12/2025;S;N;S;S;VENDER;;;0;"1030,5";0
ALMACEN REPARACIONES;TAPIZADOS PEDRO ORTIZ S.L.;PALMA;00001 - Muebles;00057 - Asientos;00002 - Sofás;00004 - Sofás; -;Asientos;;01176001011775;"SOFA 3 PLAZAS DESLIZANTE 232 CM PALMA SERIE 400,#ACABADO EN TELA SANTOS 3";SERIE 400;0;0;-1;0;-1;No;"661,77";"563,11";"1337,9";;;;"0,490721952313327";"0,490721952313327";15/11/2024;07/12/2024;S;N;S;S;VENDER;;;0;0;0
ALMACEN REPARACIONES;TAPIZADOS PEDRO ORTIZ S.L.;PIXEL;00001 - Muebles;00057 - Asientos;00002 - Sofás;00002 - Butacas; -;Asientos;6397041;01176001011814;"SILLON MOTOR 85CM BOTONERA EXTERIOR PIXEL SERIE 400,#ACABADO EN TELA METEO 06";SERIE 400;0;1;0;0;1;No;"410,13";"362,7";"833,23";;549;"809,01";"0,473294288491773";"0,200606557377049";28/11/2024;14/01/2026;S;N;N;N;LIQUIDACION;;;"410,13";"362,7";"833,23"
ALMACEN REPARACIONES;TAPIZADOS PEDRO ORTIZ S.L.;RENE;00001 - Muebles;00057 - Asientos;00002 - Sofás;00004 - Sofás; -;Asientos;6326193-50499;01176001010857;MOD.2PL. RELAX MOTOR+CHAISELONGUE BR/DCHO ABAT. RENE S400;S400;0;0;-1;0;-1;No;"1241,84";"1121,75";"2512,02";;1699;2439;"0,459670902301733";"0,201108004708652";06/11/2025;28/01/2026;S;S;N;N;LIQUIDACION;;;0;0;0
ALMACEN REPARACIONES;TAPIZADOS PEDRO ORTIZ S.L.;TERUEL;00001 - Muebles;00057 - Asientos;00002 - Sofás;00004 - Sofás; -;Asientos;;01176001011796;"SOFA 3 ASIENTOS RELAX ELECTRICO(SENTADA 91) 324CM  TERUEL SERIE 500,#ACABADO EN TELA BRUTUS LIGHT GREY";SERIE 500;0;0;-2;0;-2;No;"1611,12";"1391,54";"3253,58";;;;"0,482489012103591";"0,482489012103591";25/11/2024;26/11/2024;S;N;S;S;VENDER;;;0;0;0
ALMACEN REPARACIONES;TAPIZADOS PEDRO ORTIZ S.L.;TERUEL;00001 - Muebles;00057 - Asientos;00002 - Sofás;00008 - Chaise longues; -;Asientos;;01176001012206;CHAISELONGUE DERECHA 258 CM TERUEL SERIE 500;SERIE 500;0;0;-1;0;-1;No;"1527,79";"1453,71";"3088,78";;;;"0,43052302203459";"0,43052302203459";06/11/2025;04/06/2025;S;N;S;S;VENDER;;;0;0;0
ALMACEN REPARACIONES;TAPIZADOS PEDRO ORTIZ S.L.;TERUEL;00001 - Muebles;00057 - Asientos;00002 - Sofás;00008 - Chaise longues; -;Asientos;;01176001012390;SOFA 3 PLAZAS RELAX ELECTRICO MOTOR 333 CM TERUEL SERIE PIEL ESPESORADA;SERIE PIEL ESPESORADA;0;0;-1;0;-1;No;"2055,57";"1955,9";"4154,84";;;;"0,430389858574578";"0,430389858574578";06/11/2025;07/11/2025;S;N;S;S;VENDER;;;0;0;0
ALMACEN REPARACIONES;TAPIZADOS PEDRO ORTIZ S.L.;VEGA;00001 - Muebles;00057 - Asientos;00002 - Sofás;00008 - Chaise longues; -;Asientos;;01176001010968;CHAISELONGUE 268 CM. IZQUIERDA SERIE PIEL FLOR ESPESORADA VEGA VEGA;SERIE PIEL FLOR ESPESORADA;0;0;-1;0;-1;No;"1772,89";"1652,18";"3583,17";;;;"0,442075648099309";"0,442075648099309";29/04/2025;24/10/2025;S;N;S;S;VENDER;;;0;0;0
ALMACEN REPARACIONES;TAPIZADOS PEDRO ORTIZ S.L.;VEGA;00001 - Muebles;00057 - Asientos;00002 - Sofás;00008 - Chaise longues; -;Asientos;;01176001012441;CHAISELONGUE 268 CM. DERECHA SERIE PIEL FLOR ESPESORADA MODELO VEGA;SERIE PIEL FLOR ESPESORADA;0;0;-1;0;-1;No;"1772,89";"1686,92";"3583,17";;;;"0,430344304065953";"0,430344304065953";06/11/2025;18/11/2025;S;N;S;S;VENDER;;;0;0;0
ALMACEN REPARACIONES;TAPIZADOS PEDRO ORTIZ S.L.;VIANA;00001 - Muebles;00057 - Asientos;00002 - Sofás;00004 - Sofás; -;Asientos;6374878;04442001010093;CONJUNTO 3 PZ.2 RELAX MOTOR 206+2 PZ. FIJO 178 VIANA PIEL FLOR ESPESORADA;PIEL FLOR ESPESORADA;0;0;-1;0;-1;No;"1668,33";"1668,33";3369;;;;"0,400807569011576";"0,400807569011576";29/04/2025;03/05/2025;S;N;S;S;COLECCION;;;0;0;0
ALMACEN REPARACIONES;TAPIZADOS PEDRO ORTIZ S.L.;VIANA;00001 - Muebles;00057 - Asientos;00002 - Sofás;00004 - Sofás; -;Asientos;6393492;04442001010050;CONJUNTO SOFA 3PL.FIJO 206CM+2 PZ.FIJO 178 VIANA PIEL FLOR ESPESORADA;PIEL FLOR ESPESORADA;0;0;-1;0;-1;No;"1375,24";"1323,04";"2778,99";;;;"0,42393517069151";"0,42393517069151";18/12/2025;31/12/2025;S;N;S;S;VENDER;;;0;0;0
ALMACEN REPARACIONES;TAPIZADOS PEDRO ORTIZ S.L.;VIANA;00001 - Muebles;00057 - Asientos;00002 - Sofás;00004 - Sofás; -;Asientos;;01176001012490;"SILLON MOTOR 105 (BRAZO ESTRECHO -6CM POR BRAZO) VIANA PIEL FLOR ESPESORADA,#ACABADO EN PIEL ESPESORADA TOPO";PIEL FLOR ESPESORADA;0;0;-2;0;-2;No;"629,09";"556,68";"1268,69";;;;"0,469072192576595";"0,469072192576595";18/12/2025;23/12/2025;S;N;S;S;VENDER;;;0;0;0
ALMACEN REPARACIONES;TAPIZADOS PEDRO ORTIZ S.L. (BOBBIO);PAULA;00001 - Muebles;00057 - Asientos;00002 - Sofás;00008 - Chaise longues; -;Asientos;;04443001010335;RINCONERA CHAISELONGUE 366 CM DERECHA PAULA SERIE 600;SERIE 600;0;0;-1;0;-1;No;"1862,76";1774;"3861,02";;;;"0,444048463877421";"0,444048463877421";02/06/2025;30/06/2025;S;N;S;S;VENDER;;;0;0;0
ALMACEN REPARACIONES;"TAPIZADOS ZEN, S.L.";ARIEL;00001 - Muebles;00057 - Asientos;00002 - Sofás;00008 - Chaise longues; -;Asientos;6315598;04997001010048;SOFA 3PZ.+CHAISELONGUE IZQ. 275 ARIEL TELA MONTERO HAMSTER HILO PLATA;TELA MONTERO HAMSTER HILO PLATA;0;0;-1;0;-1;No;"473,11";"474,95";"960,21";;;;"0,40149602691078";"0,40149602691078";20/03/2025;15/09/2025;S;N;S;S;COLECCION;8435676701203;;0;0;0
ALMACEN REPARACIONES;"TAPIZADOS ZEN, S.L.";DIMAR;00001 - Muebles;00057 - Asientos;00002 - Sofás;00008 - Chaise longues; -;Asientos;6333490;04997001010902;"CHAISELONGUE IZQUIERDA DIMAR SERIE OFERTA,#ACABADO EN VEGA 3";SERIE OFERTA;0;1;1;0;2;No;"591,41";"591,41";"1193,21";;;;"0,400268100334392";"0,400268100334392";12/02/2025;21/02/2025;S;N;S;S;COLECCION;8435676700992;;"591,41";"591,41";"1193,21"
ALMACEN REPARACIONES;"TAPIZADOS ZEN, S.L.";ELAN;00001 - Muebles;00057 - Asientos;00002 - Sofás;00008 - Chaise longues; -;Asientos;;04997003010007;"CHAISELONGUE DERECHA 285 CM MODELO ELAN TELA OFERTA,#ACABADO EN TELA BELU 100";ELAN;0;0;-2;0;-2;No;"521,18";"509,8";"1051,22";;949;"1051,22";"0,41319799851601";"0,349991570073762";05/02/2026;06/02/2026;S;N;S;S;VENDER;;;0;0;0
ALMACEN REPARACIONES;"TAPIZADOS ZEN, S.L.";LASER;00001 - Muebles;00057 - Asientos;00002 - Sofás;00008 - Chaise longues; -;Asientos;6264400-46784;04997001010370;"CHAISELONGUE DCHA. LASER TELA OFERTA,#ACABADO EN TELA TOPACIO 32 HILO CONTRASTADO CHOCO";TELA OFERTA;0;1;1;0;2;No;"596,97";"432,54";1209;;;;"0,56710223325062";"0,56710223325062";;;S;N;N;N;LIQUIDACION;;15;"596,97";"432,54";1209
ALMACEN REPARACIONES;"TAPIZADOS ZEN, S.L.";LEXI;00001 - Muebles;00057 - Asientos;00002 - Sofás;00008 - Chaise longues; -;Asientos;;04997004010009;"CHAISELONGUE IZQUIERDA 285X155X80 LEXI TELA OFERTA,#ACABADO EN TELA GABRIELLA 2";LEXI;0;0;-2;0;-2;No;"633,6";"594,11";"1277,78";;1089;"1277,78";"0,437404639296279";"0,339877777777778";01/10/2025;16/01/2026;S;N;N;N;BAJA ROTACION;;;0;0;0
ALMACEN REPARACIONES;"TAPIZADOS ZEN, S.L.";LUANA;00001 - Muebles;00057 - Asientos;00002 - Sofás;00008 - Chaise longues; -;Asientos;6332291-48961;04997001010325;"CHAISELONGUE ARCON REVER.C/PUFF. DESL.RECLINAB. LUANA SERIE OFERTA,#ACABADO EN TELA DINO COLOR 1";SERIE OFERTA;0;3;1;0;4;No;"452,96";"456,54";"921,35";;859;949;"0,400430455310143";"0,356911059371362";27/01/2026;28/01/2026;S;N;S;S;COLECCION;8435676702200;;"1358,88";"1369,62";"2764,05"
ALMACEN REPARACIONES;"TAPIZADOS ZEN, S.L.";LUANA;00001 - Muebles;00057 - Asientos;00002 - Sofás;00008 - Chaise longues; -;Asientos;;04997001010663;CHAISELONGUE ARCON REVER.C/PUFF. DESL.RECLINAB. 260 CM. LUANA SERIE OFERTA;SERIE OFERTA;0;0;-1;0;-1;No;"452,96";"466,55";"921,35";;;;"0,387284419601671";"0,387284419601671";14/03/2025;18/03/2025;S;N;S;S;VENDER;8435676702200;;0;0;0
ALMACEN REPARACIONES;"TAPIZADOS ZEN, S.L.";MAGNA;00001 - Muebles;00056 - Auxiliares;00001 - Mueble Auxiliar;00006 - Mesas; -;Mueble Auxiliar;6361680-22;04997001010356;"MESA DE COMEDOR 160X0,90X0,76 MAGNA,#ACABADO EN BLANCO";;0;0;-1;0;-1;No;"247,49";"198,05";"485,08";;239;459;"0,505977364558423";"-0,002679916317992";;11/11/2025;S;S;N;N;LIQUIDACION;;"2,69";0;0;0
ALMACEN REPARACIONES;"TAPIZADOS ZEN, S.L.";MARIA;00001 - Muebles;00057 - Asientos;00002 - Sofás;00008 - Chaise longues; -;Asientos;6333489-51004;04997001010333;"CHAISELONGUE DERECHA MARIA SERIE OFERTA,#ACABADO EN TELA FABIO 14";SERIE OFERTA;0;0;-1;0;-1;No;"542,38";"552,26";"1096,11";;;;"0,390358084498819";"0,390358084498819";10/12/2025;16/12/2025;S;N;N;N;BAJA ROTACION;8435676700862;10;0;0;0
ALMACEN REPARACIONES;"TAPIZADOS ZEN, S.L.";NINGUNA;00001 - Muebles;00057 - Asientos;00002 - Sofás;00004 - Sofás; -;Asientos;;04997004010036;"MODULO 1 PLAZA S/BR 60 CM TIJUANA SERIE OFERTA,#ACABADO EN ACABADO EN TELA NASERA 27 PERLA";TIJUANA;0;0;-1;0;-1;No;"169,83";"169,83";"342,5";;;;"0,400016642335766";"0,400016642335766";;;S;N;N;N;LIQUIDACION;;;0;0;0
ALMACEN REPARACIONES;"TAPIZADOS ZEN, S.L.";NINGUNA;00001 - Muebles;00057 - Asientos;00002 - Sofás;00008 - Chaise longues; -;Asientos;;04997003010011;"CHAISELONGUE DERECHA 285 CM MODELO ELAN TELA OFERTA,#ACABADO EN TELA BELU 20";ELAN;0;0;-1;0;-1;No;"521,18";506;"1051,22";;;;"0,417571964003729";"0,417571964003729";15/01/2026;27/01/2026;S;N;S;S;VENDER;;;0;0;0
ALMACEN REPARACIONES;"TAPIZADOS ZEN, S.L.";NINGUNA;00001 - Muebles;00057 - Asientos;00002 - Sofás;00099 - Acc Asientos; -;Asientos;6340875;04997001010928;"TELA SERIE OFERTA  ANCHO 140 CM,#ACABADO EN TELA ALBI ARENA";ANCHO 140 CM;0;0;-1;0;-1;No;"11,47";"11,14";"22,47";;;;"0,400115709835336";"0,400115709835336";28/03/2025;07/04/2025;S;N;S;S;VENDER;;;0;0;0
ALMACEN REPARACIONES;"TAPIZADOS ZEN, S.L.";NINGUNA;00001 - Muebles;00057 - Asientos;00002 - Sofás;00099 - Acc Asientos; -;Asientos;;04997001010425;ACCESORIO MOBILIARIO  C INVENTARIABLE;"""C""";0;9;9;0;18;No;0;"151,08";0;;;;;;12/02/2026;05/02/2026;S;N;S;S;VENDER;;;0;"1359,72";0
ALMACEN REPARACIONES;"TAPIZADOS ZEN, S.L.";OMAR;00001 - Muebles;00057 - Asientos;00002 - Sofás;00008 - Chaise longues; -;Asientos;6348080-52126;04997001010343;"CHAISELONGUE REVERSIBLE 280X152X105 OMAR SERIE OFERTA,#ACABADO EN TELA NELIA 14";SERIE OFERTA;0;1;1;0;2;No;"475,62";"439,22";"960,2";;;;"0,446515101020621";"0,446515101020621";;20/09/2023;S;N;S;S;COLECCION;8435676701296;5;"475,62";"439,22";"960,2"
ALMACEN REPARACIONES;"TAPIZADOS ZEN, S.L.";RAGA;00001 - Muebles;00057 - Asientos;00002 - Sofás;00004 - Sofás; -;Asientos;6363380;04997001011195;"SOFA 3PZ. ANCHO 210CM RAGA SERIE OFERTA MODULO BR-30#MODULO 1,50#MODULO BR-30,#ACABADO EN A ELEGIR";SERIE OFERTA;0;0;-1;0;-1;No;"439,11";"439,11";"888,64";;;;"0,402094098847677";"0,402094098847677";05/02/2026;11/02/2026;S;N;S;S;VENDER;;;0;0;0
ALMACEN REPARACIONES;"TAPIZADOS ZEN, S.L.";RAGA;00001 - Muebles;00057 - Asientos;00002 - Sofás;00008 - Chaise longues; -;Asientos;6355574;04997001010597;"CHAISELONGUE 280X150X105 V.F. DCHA. RAGA SERIE OFERTA,#ACABADO EN TELA MAGIA 26";SERIE OFERTA;0;0;-1;0;-1;No;"565,02";"570,32";"1144,66";;1039;"1144,66";"0,397124735729387";"0,335815976900866";10/12/2025;08/11/2025;S;N;S;S;COLECCION;8435676705164;;0;0;0
ALMACEN REPARACIONES;"TAPIZADOS ZEN, S.L.";RAGA;00001 - Muebles;00057 - Asientos;00002 - Sofás;00008 - Chaise longues; -;Asientos;6355574-51315;04997001010345;"CHAISELONGUE 280X150X105 V.F. DCHA. RAGA SERIE OFERTA,#ACABADO EN TELA MAGIA COLOR 5";SERIE OFERTA;0;0;-2;0;-2;No;"565,02";"571,54";"1144,66";;1039;"1144,66";"0,395835095137421";"0,334395187680462";05/02/2026;06/02/2026;S;N;S;S;COLECCION;8435676705157;;0;0;0
ALMACEN REPARACIONES;"TAPIZADOS ZEN, S.L.";RAGA;00001 - Muebles;00057 - Asientos;00002 - Sofás;00008 - Chaise longues; -;Asientos;6365614;04997001010686;"CHAISELONGUE 240 CM. IZQUIERDA RAGA SERIE OFERTA,#ACABADO EN TELA MAGIA 5";SERIE OFERTA;0;0;-1;0;-1;No;"607,41";"566,92";1230;;1109;1230;"0,442298211382114";"0,381448872858431";24/01/2025;27/12/2025;S;N;S;S;VENDER;2000063656143;;0;0;0
ALMACEN REPARACIONES;"TAPIZADOS ZEN, S.L.";RAGA;00001 - Muebles;00057 - Asientos;00002 - Sofás;00008 - Chaise longues; -;Asientos;6367690;04997001011055;"CHAISELONGUE 260 CM. DERECHA RAGA SERIE OFERTA,#ACABADO EN TELA MAGIA 27";SERIE OFERTA;0;0;-1;0;-1;No;"630,87";"611,81";"1277,6";;;;"0,420561912961803";"0,420561912961803";14/07/2025;18/07/2025;S;N;S;S;VENDER;;;0;0;0
ALMACEN REPARACIONES;"TAPIZADOS ZEN, S.L.";RAGA;00001 - Muebles;00057 - Asientos;00002 - Sofás;00008 - Chaise longues; -;Asientos;;04997001011173;"CHAISELONGUE 280X170X105 CM. DERECHA RAGA SERIE OFERTA,#ACABADO EN TELA MAGIA 29";SERIE OFERTA;0;0;-1;0;-1;No;"565,02";"581,97";"1144,66";;;;"0,384809725158562";"0,384809725158562";30/12/2025;31/12/2025;S;N;S;S;VENDER;;;0;0;0
ALMACEN REPARACIONES;"TAPIZADOS ZEN, S.L.";REACONDICIONADO;00001 - Muebles;00057 - Asientos;00002 - Sofás;00008 - Chaise longues; -;Asientos;;04997001011170;SOFA 3PZ.+CHAISELONGUE IZQ. 275 ARIEL TELA MONTERO HAMSTER HILO PLATA (REACONDICIONADA);TELA MONTERO HAMSTER HILO PLATA;0;1;1;0;2;No;"487,3";"427,3";"989,01";;;;"0,477221666110555";"0,477221666110555";11/12/2025;;S;N;S;S;VENDER;8435676701203;;"487,3";"427,3";"989,01"
ALMACEN REPARACIONES;"TAPIZADOS ZEN, S.L.";SUPRA;00001 - Muebles;00057 - Asientos;00002 - Sofás;00011 - Rinconeros; -;Asientos;;04997001011153;"RINCONERA 286X211 DOS BRAZOS CON PUFF SUPRA SERIE OFERTA 1 MODULO 2 PZ SIN BRAZO 150 CM#1 PLAZA SIN BRAZO 75CM#1 MOD. RINCON#2 BRAZOS CON PUFF,#ACABADO EN TELA MORET STEEL 3";SERIE OFERTA;0;0;-1;0;-1;No;"942,48";"899,78";"1900,7";;;;"0,427193244594097";"0,427193244594097";10/12/2025;24/12/2025;S;N;S;S;VENDER;;;0;0;0
ALMACEN REPARACIONES;"TAPIZADOS ZEN, S.L.";TIJUANA;00001 - Muebles;00057 - Asientos;00002 - Sofás;00008 - Chaise longues; -;Asientos;;04997004010007;"CHAISELONGUE IZQUIERDA 285X145X105 TIJUANA TELA OFERTA,#ACABADO EN TELA NASERA 27 PERLA";TIJUANA;0;0;-1;0;-1;No;"630,24";"630,25";1271;;1149;1271;"0,399998033044847";"0,336290252393386";27/01/2026;10/02/2026;S;N;S;S;VENDER;;;0;0;0
ALMACEN REPARACIONES;"TAPIZADOS ZEN, S.L.";TIJUANA;00001 - Muebles;00057 - Asientos;00002 - Sofás;00008 - Chaise longues; -;Asientos;;04997004010008;"CHAISELONGUE DERECHA 285X145X105 TIJUANA TELA OFERTA,#ACABADO EN TELA NASERA 27 PERLA";TIJUANA;0;0;-1;0;-1;No;"630,24";"613,65";1271;;1149;1271;"0,415801337529504";"0,353771540469974";05/02/2026;11/02/2026;S;N;S;S;VENDER;;;0;0;0
ALMACEN REPARACIONES;TAYBER TAPIZADOS CONVERTIBLES S.L.U;CAMILA;00001 - Muebles;00057 - Asientos;00002 - Sofás;00008 - Chaise longues; -;Asientos;6352053;01143001010031;"COMP.2 MODULOS RELAX 77+CHAISE.ABATIB.+2BRAZOS DCH CAMILA OFERTA GRUPO 1,#ACABADO EN TELA GARE MARFIL";OFERTA GRUPO 1;0;0;-1;0;-1;No;1062;1062;2149;;;;"0,402038157282457";"0,402038157282457";18/04/2024;24/04/2024;S;N;S;S;VENDER;2000063520536;;0;0;0
ALMACEN REPARACIONES;TAYBER TAPIZADOS CONVERTIBLES S.L.U;NINGUNA;00001 - Muebles;00057 - Asientos;00002 - Sofás;00099 - Acc Asientos; -;Asientos;;01143001010030;ACCESORIO MOBILIARIO  C INVENTARIABLE;INV1143;0;1;1;0;2;No;0;0;0;;;;;;12/02/2026;;S;N;S;S;VENDER;;;0;0;0
ALMACEN REPARACIONES;TCL ELECTRONICS IBERIA S.L;TCL;00002 - Electrodomesticos;00011 - Electrónica de consumo;00001 - Televisión;00001 - Televisores;"00005 - Televisor entre 50"" y 55""";Electrónica de consumo;;04503001010030;PANTALLA LED  55 UHD  55P61B  TCL;55P61B;0;0;-1;0;-1;No;229;229;399;;289;399;"0,305538847117794";"0,04121107266436";22/01/2026;20/08/2025;S;N;N;N;LIQUIDACION;5901292524616;;0;0;0
ALMACEN REPARACIONES;TCL ELECTRONICS IBERIA S.L;TCL;00002 - Electrodomesticos;00011 - Electrónica de consumo;00001 - Televisión;00001 - Televisores;"00006 - Televisor entre 56"" y 65""";Electrónica de consumo;;04503000000005;"PANTALLA LED 65"" UHD 65P631 TCL";65P631;0;1;1;0;2;No;"396,03";"396,03";"684,7";;"484,03";"684,7";"0,30013684825471";"0,00998636448154";13/09/2024;16/09/2024;S;N;N;N;LIQUIDACION;5901292518639;2;"396,03";"396,03";"684,7"
ALMACEN REPARACIONES;"TEGAR MOBEL, S.L.";KIBUC;09999 - KIBUC;00004 - Juveniles; -; -; -;Juvenil;;03898001005847;"COMPACTO CAMA CON BASE 30GR DE 2 CAJONES 23,7 + CAMA NIDO DE 90X190 200X100X61CM";K63888;0;0;-1;0;-1;No;"459,87";"439,38";1012;"446,07";;;"0,474654347826087";"0,474654347826087";21/01/2026;02/02/2026;S;N;S;S;VENDER;;;0;0;0
ALMACEN REPARACIONES;"TEGAR MOBEL, S.L.";KIBUC;09999 - KIBUC;00004 - Juveniles; -; -; -;Juvenil;;03898001010005;ACCESORIO C INVENTARIABLE NINGUNA;3898INV;0;3;3;0;6;No;0;"19,7";0;;;;;;21/01/2026;03/05/2025;S;N;S;S;VENDER;;;0;"59,1";0
ALMACEN REPARACIONES;"TEKA INDUSTRIAL,S.A";TEKA;00002 - Electrodomesticos;00006 - Gran Electrodoméstico;00005 - Extraccion de Humos;00001 - Campanas; -;Gran Electrodoméstico;6348226;00037001010129;CAMPANA INTEGRA 66750 POS SS TEKA 113100000;113100000;0;0;-1;0;-1;No;"276,39";"245,76";"383,87";;;;"0,225337744548936";"0,225337744548936";08/04/2024;08/10/2025;S;S;S;S;VENDER;8434778014808;;0;0;0
ALMACEN REPARACIONES;TIANJIN MEGA INTERNATIONAL TRADE;20 2;00001 - Muebles;00057 - Asientos;00002 - Sofás;00001 - Sillas; -;Asientos;6401574;01378001010029;SILLA COCINA TAPIZADO BLANCO 20 2 THDC202;THDC202;0;2;2;0;4;No;"10,88";"10,88";"42,5";;"16,9";"42,5";"0,69024";"0,22101775147929";24/05/2024;30/01/2026;S;N;N;N;LIQUIDACION;;1;"21,76";"21,76";85
ALMACEN REPARACIONES;TIANJIN MEGA INTERNATIONAL TRADE;ANET;00001 - Muebles;00057 - Asientos;00002 - Sofás;00001 - Sillas; -;Asientos;;01378001010061;SILLA COCINA TAPIZADO BLANCO ANET;;0;1;-11;0;-10;No;"13,98";"11,58";"29,9";;"25,9";"29,9";"0,531377926421405";"0,459003861003861";29/10/2025;10/02/2026;S;N;S;N;IMPORTACION;;;"13,98";"11,58";"29,9"
ALMACEN REPARACIONES;TIANJIN MEGA INTERNATIONAL TRADE;ASHER;00001 - Muebles;00052 - Salón;00001 - Convencional;00002 - Mesas de comedor; -;Salón;6327312-50536;01378001010045;"MESA 140X80X75 TAPA CRISTAL TRANS.PATAS NEGRAS ASHER THDT070,#ACABADO EN PATAS NEGRAS CRISTAL TRANSPARENTE";THDT070;0;2;2;0;4;No;"31,76";"32,94";"61,9";;;;"0,356100161550888";"0,356100161550888";;10/06/2024;S;S;N;N;LIQUIDACION;8435676700091;;"63,52";"65,88";"123,8"
ALMACEN REPARACIONES;TIANJIN MEGA INTERNATIONAL TRADE;BASIL;00001 - Muebles;00052 - Salón;00001 - Convencional;00002 - Mesas de comedor; -;Salón;6327311;01378001010003;MESA 150X90X75 TAPA CRISTAL TRANS.PATAS CROMADAS BASIL THDT117;THDT117;0;1;1;0;2;No;"59,93";"61,51";119;;;;"0,37456218487395";"0,37456218487395";;;S;S;N;N;LIQUIDACION;;;"59,93";"61,51";119
ALMACEN REPARACIONES;TIANJIN MEGA INTERNATIONAL TRADE;BASIL;00001 - Muebles;00052 - Salón;00001 - Convencional;00002 - Mesas de comedor; -;Salón;6327311-50535;01378001010043;"MESA 150X90X75 TAPA CRISTAL TRANS.PATAS CROMADAS BASIL THDT117,#ACABADO EN PATAS CROMADAS CRISTAL TRANSPARENTE";THDT117;0;4;4;0;8;No;"59,93";"61,51";119;;;;"0,37456218487395";"0,37456218487395";;;S;S;N;N;LIQUIDACION;;;"239,72";"246,04";476
ALMACEN REPARACIONES;TIANJIN MEGA INTERNATIONAL TRADE;CODY 2;00001 - Muebles;00057 - Asientos;00002 - Sofás;00001 - Sillas; -;Asientos;6364792;01378001010009;SILLA MA-1030 GRIS OSCURO CODY 2 THDC012;THDC012;0;2;2;0;4;No;"14,74";"14,65";"31,9";;"27,9";"31,9";"0,444310344827586";"0,364641577060932";23/05/2025;19/12/2025;S;N;S;N;IMPORTACION;8435676703085;;"29,48";"29,3";"63,8"
ALMACEN REPARACIONES;TIANJIN MEGA INTERNATIONAL TRADE;MARC;00001 - Muebles;00057 - Asientos;00002 - Sofás;00001 - Sillas; -;Asientos;6327309-50538;01378001010034;"SILLA PATA CROMADA MARC THDC090,#ACABADO EN PATA CROMADA TELA MA-1028-27 GRIS";THDC090;0;17;16;0;33;No;"21,81";"20,4";"47,9";;"40,9";"47,9";"0,484676409185804";"0,396479217603912";29/10/2025;12/01/2026;S;N;S;N;IMPORTACION;8435676709988;;"370,77";"346,8";"814,3"
ALMACEN REPARACIONES;TIANJIN MEGA INTERNATIONAL TRADE;MARC;00001 - Muebles;00057 - Asientos;00002 - Sofás;00001 - Sillas; -;Asientos;6327309-50539;01378001010035;"SILLA PATA CROMADA MARC THDC090,#ACABADO EN PATA CROMADA TELA MA-1006-5 VISON";THDC090;0;4;3;0;7;No;"21,96";"20,3";"46,9";;"39,9";"46,9";"0,476268656716418";"0,384385964912281";29/10/2025;11/12/2025;S;N;S;N;IMPORTACION;8435676709971;;"87,84";"81,2";"187,6"
ALMACEN REPARACIONES;TIANJIN MEGA INTERNATIONAL TRADE;NINGUNA;00001 - Muebles;00052 - Salón;00001 - Convencional;00002 - Mesas de comedor; -;Salón;;01378001010088;ACCESORIO MOBILIARIO INVENTARIABLE;INV1378;0;3;3;0;6;No;"0,01";"0,01";"0,09";;;;"0,865555555555556";"0,865555555555556";03/06/2025;03/06/2025;S;N;S;S;VENDER;;;"0,03";"0,03";"0,27"
ALMACEN REPARACIONES;TIANJIN MEGA INTERNATIONAL TRADE;OTTO;00001 - Muebles;00057 - Asientos;00002 - Sofás;00001 - Sillas; -;Asientos;6327308-157;01378001010031;"SILLA PATA HAYA OTTO THDC124,#ACABADO EN NEGRO";THDC124;0;3;3;0;6;No;"13,73";"12,73";"27,9";;"23,9";"27,9";"0,447910394265233";"0,355510460251046";29/10/2025;09/02/2026;S;N;S;N;IMPORTACION;8435676700626;;"41,19";"38,19";"83,7"
ALMACEN REPARACIONES;TIANJIN MEGA INTERNATIONAL TRADE;OTTO;00001 - Muebles;00057 - Asientos;00002 - Sofás;00001 - Sillas; -;Asientos;6327308-240;01378001010032;"SILLA PATA HAYA OTTO THDC124,#ACABADO EN VISON";THDC124;0;2;1;0;3;No;"13,73";"14,5";"27,9";;"23,9";"27,9";"0,371146953405018";"0,265899581589958";21/01/2025;05/02/2026;S;N;S;N;IMPORTACION;8435676700626;;"27,46";29;"55,8"
ALMACEN REPARACIONES;TIANJIN MEGA INTERNATIONAL TRADE;OTTO;00001 - Muebles;00057 - Asientos;00002 - Sofás;00001 - Sillas; -;Asientos;6356753-50537;01378001010044;"JUEGO 4 SILLAS PATA HAYA OTTO THDC124,#ACABADO EN PATA DE HAYA TAPIZADO PP BLANCO";THDC124;0;1;1;0;2;No;"57,54";"77,06";129;;;;"0,277189147286822";"0,277189147286822";;15/12/2023;S;N;S;S;OFERTA;;;"57,54";"77,06";129
ALMACEN REPARACIONES;TIANJIN MEGA INTERNATIONAL TRADE;VEGA;00001 - Muebles;00057 - Asientos;00002 - Sofás;00001 - Sillas; -;Asientos;6394104;01378001010023;SILLA UF860-03B VISON VEGA THDC211;THDC211;0;2;0;0;2;No;"23,92";"23,96";"50,9";;"39,9";"50,9";"0,430420432220039";"0,273393483709273";31/07/2024;23/12/2025;S;N;N;N;LIQUIDACION;8435676710137;1;"47,84";"47,92";"101,8"
ALMACEN REPARACIONES;TIANJIN MEGA INTERNATIONAL TRADE;VEGA;00001 - Muebles;00057 - Asientos;00002 - Sofás;00001 - Sillas; -;Asientos;6394106;01378001010024;SILLA UF860-08B GRIS VEGA THDC211;THDC211;0;9;8;0;17;No;"23,92";"23,5";"50,9";;"39,9";"50,9";"0,441355599214145";"0,28734335839599";31/07/2024;07/02/2026;S;N;N;N;LIQUIDACION;8435676710144;1;"215,28";"211,5";"458,1"
ALMACEN REPARACIONES;TIANJIN MEGA INTERNATIONAL TRADE;YANIK;00001 - Muebles;00057 - Asientos;00002 - Sofás;00001 - Sillas; -;Asientos;6394102;01378001010021;SILLA G062-13 VISON VELVET YANIK THDC015;THDC015;0;3;3;0;6;No;"18,19";"19,4";"39,9";;"26,9";"39,9";"0,411679197994987";"0,127360594795539";07/06/2024;07/02/2026;S;N;N;N;LIQUIDACION;8435676710151;2;"54,57";"58,2";"119,7"
ALMACEN REPARACIONES;TIANJIN MEGA INTERNATIONAL TRADE;YANIK;00001 - Muebles;00057 - Asientos;00002 - Sofás;00001 - Sillas; -;Asientos;6394103;01378001010022;SILLA G062-38 GRIS VELVET YANIK THDC015;THDC015;0;1;0;0;1;No;"18,19";"19,02";"39,9";;"25,9";"39,9";"0,423203007518797";"0,111420849420849";07/06/2024;21/01/2026;S;N;N;N;LIQUIDACION;8435676710168;2;"18,19";"19,02";"39,9"
ALMACEN REPARACIONES;TIANJIN NORMAN FORNITURE CO. LTD;NINGUNA;00001 - Muebles;00052 - Salón;00001 - Convencional;00099 - Acc. Salón; -;Salón;;01496001010060;ACCESORIO MOBILIARIO C INVENTARIABLE;INV1496;0;10;10;0;20;No;0;0;0;;;;;;11/04/2025;;S;N;S;S;VENDER;;;0;0;0
ALMACEN REPARACIONES;TIANJIN NORMAN FORNITURE CO. LTD;RAKEL;00001 - Muebles;00057 - Asientos;00002 - Sofás;00001 - Sillas; -;Asientos;6401046-54908;01496001010034;"SILLA RAKEL LDC-2026,#ACABADO EN TELA HAGO-09 GIRS CLARO";LDC-2026;0;0;-1;0;-1;No;"68,43";"54,61";119;;"98,9";109;"0,444721848739496";"0,331869565217391";19/08/2024;07/02/2026;S;N;S;N;IMPORTACION;;;0;0;0
ALMACEN REPARACIONES;TIANJIN NORMAN FORNITURE CO. LTD;RAKEL;00001 - Muebles;00057 - Asientos;00002 - Sofás;00001 - Sillas; -;Asientos;6401046-54909;01496001010035;"SILLA RAKEL LDC-2026,#ACABADO EN TELA HAGO-30 BEIG";LDC-2026;0;3;0;0;3;No;"68,43";"55,61";119;;129;139;"0,434553781512605";"0,478386821705426";19/08/2024;18/07/2025;S;N;S;N;IMPORTACION;;;"205,29";"166,83";357
ALMACEN REPARACIONES;TOVAL MONTAÑO MIGUEL ANGEL;NINGUNA;00001 - Muebles;00055 - Textil;00002 - Cama;00099 - Acc. de Cama; -;Textil;;01359001010208;"MESA CAMILLA COMPLETA DM 120X70  GRUPO 5,#ACABADO EN 120X60 !!! FALDA CON TAPA, TODO EN TELA VENICE C/1026, 6 FUELLES";GRUPO 5;0;0;-1;0;-1;No;136;136;"265,47";;;;"0,380118280785023";"0,380118280785023";06/11/2025;07/11/2025;S;N;S;S;VENDER;;;0;0;0
ALMACEN REPARACIONES;TOVAL MONTAÑO MIGUEL ANGEL;NINGUNA;00001 - Muebles;00056 - Auxiliares;00001 - Mueble Auxiliar;00006 - Mesas; -;Mueble Auxiliar;6307300;01359001010087;"MESA CAMILLA COMPLETA DM 120X70  GRUPO 1,#ACABADO EN TELA TORINO 1 TAPETE LONDRES 8";GRUPO 1;0;1;0;0;1;No;85;"84,98";"165,89";;;;"0,380156730363494";"0,380156730363494";04/02/2026;04/02/2026;S;N;S;S;COLECCION C/A;;;85;"84,98";"165,89"
ALMACEN REPARACIONES;TOVAL MONTAÑO MIGUEL ANGEL;NINGUNA;00001 - Muebles;00056 - Auxiliares;00001 - Mueble Auxiliar;00006 - Mesas; -;Mueble Auxiliar;6400140;01359001010154;"MESA 130X80 CM COMPLETA BARNIZADA BLANCO  GRUPO 4,#ACABADO EN ROPA STELLA MARIS COD.5940 COLOR 1001 NACAR/ TAPETE AMARANTO COD. 6085 COLOR 3001 NACAR";GRUPO 4;0;0;-1;0;-1;No;232;228;"452,87";;;;"0,390818557201846";"0,390818557201846";26/11/2024;10/12/2024;S;N;S;S;VENDER;;;0;0;0
ALMACEN REPARACIONES;TOVAL MONTAÑO MIGUEL ANGEL;NINGUNA;00001 - Muebles;00056 - Auxiliares;00001 - Mueble Auxiliar;00006 - Mesas; -;Mueble Auxiliar;;01359001010203;"MESA CAMILLA COMPLETA BARNIZADA 140X80 BLANCO  GRUPO 2,#ACABADO EN CON TAPA COSIDA: TAPA EN COVAC 2010 PLOMO Y FALDA COVAC 1008 PERLA. 10 FUELLES";GRUPO 2;0;0;-1;0;-1;No;227;227;454;;;;"0,395";"0,395";04/12/2025;11/12/2025;S;N;S;S;VENDER;;;0;0;0
ALMACEN REPARACIONES;TOVAL MONTAÑO MIGUEL ANGEL;NINGUNA;00001 - Muebles;00056 - Auxiliares;00001 - Mueble Auxiliar;00099 - Acc. Auxiliar; -;Mueble Auxiliar;;01359001010094;ACCESORIO  C INVENTARIABLE;1359INV;0;1;1;0;2;No;25;"14,75";"48,79";;;;"0,634197581471613";"0,634197581471613";06/02/2026;20/11/2025;S;N;S;S;VENDER;;;25;"14,75";"48,79"
ALMACEN REPARACIONES;TRATAM.INTEGRAL DEL AGUA HIDROSALUD;NINGUNA;00002 - Electrodomesticos;00007 - Pequeño Electrodoméstico;00003 - Hogar;00002 - Depuradores; -;Pequeño Electrodoméstico;6362908;01449001010002;DEPURADOR AGUA INTELIGENTE 5 GENERACION I-WATER BP-500G;BP-500G;0;0;-1;0;-1;No;295;"264,27";1689;;;;"0,810676909413854";"0,810676909413854";22/08/2023;04/03/2024;S;N;N;S;NO COLECCION;2000063629086;"0,01";0;0;0
ALMACEN REPARACIONES;TRATAM.INTEGRAL DEL AGUA HIDROSALUD;NINGUNA;00002 - Electrodomesticos;00007 - Pequeño Electrodoméstico;00003 - Hogar;00002 - Depuradores; -;Pequeño Electrodoméstico;;01449001010053;DEPURADOR DE AGUA RO BOLD FLUJO DIRECTO MEMBRANA 600GPD;;0;1;-4;0;-3;No;135;135;499;;;;"0,672645290581162";"0,672645290581162";02/02/2026;02/02/2026;S;N;S;S;VENDER;;50;135;135;499
ALMACEN REPARACIONES;TRATAM.INTEGRAL DEL AGUA HIDROSALUD;NINGUNA;00002 - Electrodomesticos;00007 - Pequeño Electrodoméstico;00003 - Hogar;00002 - Depuradores; -;Pequeño Electrodoméstico;;01449001010064;PREFILTRO COMBINADO BOLD;;0;0;-1;0;-1;No;"14,9";"14,9";109;;;;"0,834596330275229";"0,834596330275229";14/01/2026;09/02/2026;S;N;N;S;NO COLECCION;;4;0;0;0
ALMACEN REPARACIONES;"UNITO COMFORT, S.L";ERIKA;00001 - Muebles;00057 - Asientos;00002 - Sofás;00003 - Butacas; -;Asientos;6348615;01207001010077;"BUTACA BALANCIN GIRATORIO ERIKA ER-01 SERIE 3,#ACABADO EN TELA HERITAGE TERRACOTA";ER-01 SERIE 3;0;1;1;0;2;No;"330,24";"297,22";959;;;;"0,624988321167883";"0,624988321167883";21/10/2025;06/10/2023;S;S;N;N;LIQUIDACION;;;"330,24";"297,22";959
ALMACEN REPARACIONES;UNIVERSAL IMPORTADORA ALICANTINA SA;NINGUNA;00001 - Muebles;00053 - Decoración;00002 - Decoracion;00001 - Decoracion; -;Decoración;6349464;00983001011554;PLANTA PLASTICO 13 X 13 X 21 CM MACETA DE CEMENTO.  136437;136437;0;1;1;0;2;No;"4,78";"4,54";"10,9";;;;"0,496018348623853";"0,496018348623853";;;S;N;S;S;VENDER;8424346364374;;"4,78";"4,54";"10,9"
ALMACEN REPARACIONES;UNIVERSAL IMPORTADORA ALICANTINA SA;NINGUNA;00001 - Muebles;00056 - Auxiliares;00001 - Mueble Auxiliar;00006 - Mesas;00002 - Mesas auxiliares;Mueble Auxiliar;;00983001012360;ESTANTERÍA BOTELLERO URBAN PB-METAL 75 X 40 X 90 CM;804136;0;0;-1;0;-1;No;"59,69";"53,87";119;;;;"0,452246218487395";"0,452246218487395";04/11/2024;03/12/2025;S;N;S;S;VENDER;;;0;0;0
ALMACEN REPARACIONES;"VAMASUR,S.L.";MY FEEL;00001 - Muebles;00052 - Salón;00002 - Salón comedor;00002 - Elementos; -;Salón;6260406;00655005010012;FOCO LED MY FEEL PUNT-LED70;PUNT-LED70;0;3;0;0;3;No;"8,62";"8,38";"16,9";;"8,9";"16,9";"0,400011834319527";"-0,139303370786517";02/05/2023;;S;N;N;N;LIQUIDACION;;1;"25,86";"25,14";"50,7"
ALMACEN REPARACIONES;"VAMASUR,S.L.";MY FEEL;00001 - Muebles;00052 - Salón;00002 - Salón comedor;00004 - Comedores completos; -;Salón;6249820;00655005010373;"COMPOSICION SALON C/LED  3,15ML MY FEEL 201";201;0;0;-1;0;-1;No;"536,41";"525,68";1049;;;;"0,393638894184938";"0,393638894184938";17/12/2024;29/01/2025;S;N;S;S;VENDER;;;0;0;0
ALMACEN REPARACIONES;"VAMASUR,S.L.";NINGUNA;00001 - Muebles;00052 - Salón;00002 - Salón comedor;00004 - Comedores completos; -;Salón;;00655001010013;ACCESORIO C INVENTARIABLE NINGUNA;0655INV;0;9;9;0;18;No;0;0;0;;;;;;29/05/2025;29/01/2025;S;N;S;S;VENDER;;;0;0;0
ALMACEN REPARACIONES;"VAMASUR,S.L.";TESEO;00001 - Muebles;00050 - Dormitorios Matrimonio;00001 - Dormitorio;00002 - Cabezales; -;Dormitorios matrimonio;6362352;00655007010361;GALERIA BOREAL 285 X 71 CAMA 150 PARA MESITAS 60 LED TESEO 11-815-285L;11-815-285L;0;1;1;0;2;No;"165,58";"162,27";329;;;;"0,403201519756839";"0,403201519756839";05/11/2024;15/01/2025;S;N;N;N;LIQUIDACION;;;"165,58";"162,27";329
ALMACEN REPARACIONES;VENTA SERVICIO LED S.L.;KIBUC;00001 - Muebles;00056 - Auxiliares; -; -; -;Auxiliar;;04056003000002;SILLA DAIA L46XP45XH84CM PATA 2 TELA BEIGE /GRIS;DAIAP2TB;0;0;-1;0;-1;No;"60,96";"58,61";140;;;;"0,493442142857143";"0,493442142857143";15/09/2025;12/12/2025;S;N;S;S;VENDER;;;0;0;0
ALMACEN REPARACIONES;VERSA HOME;NINGUNA;00001 - Muebles;00052 - Salón;00001 - Convencional;00002 - Mesas de comedor; -;Salón;;00023001013242;MESA DE COMEDOR COLLINS 164.5X75X80 CM. 21300104;21300104;0;0;-2;0;-2;No;"59,96";"59,96";"117,02";;;;"0,380006836438216";"0,380006836438216";09/02/2026;09/02/2026;S;N;S;S;VENDER;8420327581761;;0;0;0
ALMACEN REPARACIONES;VERSA HOME;NINGUNA;00001 - Muebles;00053 - Decoración;00002 - Decoracion;00001 - Decoracion; -;Decoración;;00023001012840;ACCESORIO MOBILIARIO  C INVENTARIABLE;23INV;0;1;1;0;2;No;0;0;0;;;;;;19/12/2025;;S;N;S;S;VENDER;;;0;0;0
ALMACEN REPARACIONES;VERSA HOME;NINGUNA;00001 - Muebles;00053 - Decoración;00002 - Decoracion;00003 - Espejos; -;Decoración;;00023001013407;ESPEJO DE PIE NEGRO 21760071;21760071;0;0;-1;0;-1;No;"23,96";"23,96";"43,93";;;;"0,340050079672206";"0,340050079672206";26/12/2025;27/01/2026;S;N;S;S;VENDER;8420327590718;;0;0;0
ALMACEN REPARACIONES;VERSA HOME;NINGUNA;00001 - Muebles;00054 - Menaje;00002 - Servicio de Mesa;00001 - Vajilla; -;Menage;;00023001013008;VAJILLA 18 P. DENALI BEIGE 22590011;22590011;0;2;0;0;2;No;"23,96";"23,96";"43,92";;;;"0,339899817850638";"0,339899817850638";03/12/2024;30/06/2025;S;N;S;S;VENDER;8420327557650;;"47,92";"47,92";"87,84"
ALMACEN REPARACIONES;VERSA HOME;NINGUNA;00001 - Muebles;00056 - Auxiliares;00001 - Mueble Auxiliar;00006 - Mesas;00002 - Mesas auxiliares;Mueble Auxiliar;;00023001013004;2 MESAS AUXILIARES AUREA BLANCAS 21300080;21300080;0;0;-1;0;-1;No;"52,46";"52,46";"102,9";;"98,9";"109,76";"0,38312342079689";"0,358173913043478";14/08/2025;17/01/2026;S;N;S;S;VENDER;8420327562159;;0;0;0
ALMACEN REPARACIONES;VERSA HOME;NINGUNA;00001 - Muebles;00056 - Auxiliares;00001 - Mueble Auxiliar;00006 - Mesas;00002 - Mesas auxiliares;Mueble Auxiliar;;00023001013210;MESA DE ENTRADA NASHVILLE 80X30X80 CM. 21520106;21520106;0;0;-1;0;-1;No;"52,46";"52,46";"102,39";;;;"0,380050786209591";"0,380050786209591";12/01/2026;30/01/2026;S;N;S;S;VENDER;8420327590794;;0;0;0
ALMACEN REPARACIONES;VERSA HOME;NINGUNA;00001 - Muebles;00056 - Auxiliares;00001 - Mueble Auxiliar;00007 - Percheros; -;Mueble Auxiliar;6264851;00023001010722;PERCHERO BLANCO BERLIN  18790704;18790704;0;0;-1;0;-1;No;"30,36";"28,46";"59,63";;;;"0,422495388227402";"0,422495388227402";14/08/2025;22/01/2026;S;S;S;S;VENDER;8420327419897;;0;0;0
ALMACEN REPARACIONES;VERSA HOME;NINGUNA;00001 - Muebles;00056 - Auxiliares;00001 - Mueble Auxiliar;00099 - Acc. Auxiliar; -;Mueble Auxiliar;;00023001012490;ESTANTERIA 5 ALTURAS NORTON 21300061;21300061;0;1;1;0;2;No;"59,95";"44,96";"106,71";;"59,9";"106,71";"0,490192109455534";"0,091792988313856";09/04/2025;09/06/2025;S;N;N;N;LIQUIDACION;8420327532152;2;"59,95";"44,96";"106,71"
ALMACEN REPARACIONES;VERSA HOME;NINGUNA;00001 - Muebles;00056 - Auxiliares;00001 - Mueble Auxiliar;00099 - Acc. Auxiliar; -;Mueble Auxiliar;;00023001012844;MESA DE ENTRADA LASSE 21300050;21300050;0;0;-1;0;-1;No;"19,96";"18,71";"39,37";;;;"0,42496570993142";"0,42496570993142";07/01/2025;29/12/2025;S;N;N;N;LIQUIDACION;8420327529060;;0;0;0
ALMACEN REPARACIONES;VISOBATH S L;BOX;00003 - Cocinas;00001 - Baño;00001 - Mobiliario;00001 - Armarios; -;Baño;;01180001010209;MUEBLE 2 CAJONES BOX+LAVABO FLAT+ESPEJO SEVILLA 60 COSTA 78697;78697;0;1;0;0;1;No;"177,84";"154,44";309;;179;309;"0,395234951456311";"-0,043979888268156";09/02/2026;21/03/2025;S;N;S;S;VENDER;;;"177,84";"154,44";309
ALMACEN REPARACIONES;VISOBATH S L;NINGUNA;00003 - Cocinas;00001 - Baño;00001 - Mobiliario;00001 - Armarios; -;Baño;;01180001010183;MUEBLE GRANADA 3 CAJONES 80CM CENIZA 70525;70525;0;1;1;0;2;No;"200,64";"147,84";"345,1";;199;"345,1";"0,481638945233266";"0,101073366834171";02/08/2024;01/07/2024;S;N;N;N;LIQUIDACION;8434006705256;;"200,64";"147,84";"345,1"
ALMACEN REPARACIONES;VISOBATH S L;NINGUNA;00003 - Cocinas;00001 - Baño;00001 - Mobiliario;00004 - Modulos y Encimeras; -;Baño;;01180001010172;ACCESORIO  C INVENTARIABLE;1180INV;0;2;2;0;4;No;0;"26,22";0;;;;;;14/08/2025;18/09/2025;S;N;S;S;VENDER;;;0;"52,44";0
ALMACEN REPARACIONES;VISOBATH S L;NINGUNA;00003 - Cocinas;00001 - Baño;00001 - Mobiliario;00099 - Accesorios; -;Baño;;01180001010184;TIRADOR GRANADA 80 (3 UNIDADES) NEGRO 71189;71189;0;1;1;0;2;No;0;0;0;;"0,01";0;;1;11/12/2023;27/06/2024;S;N;N;N;LIQUIDACION;8434006711899;;0;0;0
ALMACEN REPARACIONES;VISOBATH S L;NINGUNA;00003 - Cocinas;00001 - Baño;00001 - Mobiliario;00099 - Accesorios; -;Baño;;01180001010186;PATAS GRANADA (4 UNIDADES) NEGRO 87610;87610;0;2;2;0;4;No;0;0;0;;"0,01";0;;1;06/09/2024;01/07/2024;S;N;N;N;LIQUIDACION;8434006876109;;0;0;0
ALMACEN REPARACIONES;VISOBATH S L;NINGUNA;00003 - Cocinas;00001 - Baño;00003 - Sanitarios;00002 - Lavabos; -;Baño;6394390;01180001010073;ESPEJO A MEDIDA 120X100 RETROILUMINADO;;0;1;1;0;2;No;"244,87";"244,87";429;;;;"0,309341025641026";"0,309341025641026";30/05/2023;27/07/2023;S;N;N;N;LIQUIDACION;;;"244,87";"244,87";429
ALMACEN REPARACIONES;VISOBATH S L;NINGUNA;00003 - Cocinas;00001 - Baño;00003 - Sanitarios;00002 - Lavabos; -;Baño;;01180001010185;LAVABO FLAT CERAMICO 80 CM 80022;80022;0;1;1;0;2;No;"57,57";"54,84";99;;;;"0,329733333333333";"0,329733333333333";14/01/2026;24/01/2026;S;N;S;S;VENDER;8434006800227;;"57,57";"54,84";99
ALMACEN REPARACIONES;VIVANCO ACCESORIOS S.A.U;VIVANCO;00002 - Electrodomesticos;00011 - Electrónica de consumo;00011 - Alta Fidelidad;00016 - Auriculares; -;Electrónica de consumo;6336110;00748001010118;AURICULAR SPORT RESIST AGUA C/MICRO VIVANCO SBX60P 37298;SBX60P37298;0;0;-1;0;-1;No;"5,9";"4,2";"10,2";;"5,13";"10,2";"0,501764705882353";"0,009356725146199";24/04/2024;03/03/2025;S;N;N;N;LIQUIDACION;4008928372984;;0;0;0
ALMACEN REPARACIONES;"XINYANG YONGHAOXUAN FURNITURE CO,LT";ALTAN;00001 - Muebles;00057 - Asientos;00002 - Sofás;00002 - Butacas; -;Asientos;6392275-54388;01334001010101;"SILLON RELAX ALTAN HD-1858,#ACABADO EN TELA PK1083 GRIS";HD-1858;0;1;1;0;2;No;"119,83";"118,92";389;;159;389;"0,630094601542417";"0,095011320754717";19/09/2024;26/03/2025;S;N;N;N;LIQUIDACION;;"1,59";"119,83";"118,92";389
ALMACEN REPARACIONES;"XINYANG YONGHAOXUAN FURNITURE CO,LT";ALTAN;00001 - Muebles;00057 - Asientos;00002 - Sofás;00004 - Sofás; -;Asientos;6392277-54388;01334001010103;"SOFA 3PZ.C/2 RELAX ALTAN HD-1858,#ACABADO EN TELA PK1083 GRIS";HD-1858;0;0;-1;0;-1;No;"238,41";"238,41";509;;;;"0,43324931237721";"0,43324931237721";12/06/2024;25/02/2025;S;N;N;N;LIQUIDACION;;;0;0;0
ALMACEN REPARACIONES;"XINYANG YONGHAOXUAN FURNITURE CO,LT";ARKO;00001 - Muebles;00057 - Asientos;00002 - Sofás;00002 - Butacas; -;Asientos;6356354-50495;01334001010072;"SILLON RELAX POWER LIFT ARKO HD-5107,#ACABADO EN TELA 0953 GRIS";HD-5107;0;0;-1;0;-1;No;"215,48";"229,78";629;;239;719;"0,557974880763116";"-0,163321338912134";25/09/2025;07/03/2024;S;N;N;N;LIQUIDACION;8435676702811;"3,09";0;0;0
ALMACEN REPARACIONES;"XINYANG YONGHAOXUAN FURNITURE CO,LT";FRAN;00001 - Muebles;00057 - Asientos;00002 - Sofás;00002 - Butacas; -;Asientos;6339331-49578;01334001010069;"SILLON RELAX MANUAL 75X95X100 FRAN HD1808-2,#ACABADO EN TELA 1802-32 GRIS OSCURO";HD1808;0;2;2;0;4;No;"136,4";"144,17";399;;179;399;"0,562792731829574";"0,025443016759777";06/09/2025;09/07/2024;S;N;N;N;LIQUIDACION;8435676700688;"1,99";"272,8";"288,34";798
ALMACEN REPARACIONES;"XINYANG YONGHAOXUAN FURNITURE CO,LT";FRAN;00001 - Muebles;00057 - Asientos;00002 - Sofás;00004 - Sofás; -;Asientos;6339329-49578;01334001010113;"SOFA 3 PL.C/2 RELAX MANUAL 180X95X100 FRAN HD1808-2,#ACABADO EN TELA 1802-32 GRIS OSCURO";HD1808-2;0;2;2;0;4;No;"272,78";"234,83";789;;239;909;"0,639867807351077";"-0,188888284518828";;;S;S;N;N;LIQUIDACION;8435676700213;10;"545,56";"469,66";1578
ALMACEN REPARACIONES;"XINYANG YONGHAOXUAN FURNITURE CO,LT";LORCA;00001 - Muebles;00057 - Asientos;00002 - Sofás;00013 - Sofás cama; -;Asientos;6400409-54830;01334001010120;"SOFA CAMA 189X95 LORCA HD6087A ,#ACABADO EN TELA KSTUR 7 GRIS CLARO";HD6087A;0;1;1;0;2;No;"220,63";"219,36";469;;;;"0,434060554371002";"0,434060554371002";19/11/2025;06/09/2024;S;N;N;N;LIQUIDACION;8435676711103;;"220,63";"219,36";469
ALMACEN REPARACIONES;"XINYANG YONGHAOXUAN FURNITURE CO,LT";MAXI;00001 - Muebles;00057 - Asientos;00002 - Sofás;00002 - Butacas; -;Asientos;6364215;01334001010028;SILLON RELAX POWER LIFT 2 MOTORES MAXI HD-5108;HD-5108;0;0;-1;0;-1;No;"238,43";"238,43";689;;249;689;"0,581276777939042";"-0,158635742971888";;;S;N;N;N;LIQUIDACION;8435676702743;6;0;0;0
ALMACEN REPARACIONES;"XINYANG YONGHAOXUAN FURNITURE CO,LT";MAXI;00001 - Muebles;00057 - Asientos;00002 - Sofás;00002 - Butacas; -;Asientos;6364215-53457;01334001010074;"SILLON RELAX POWER LIFT 2 MOTORES MAXI HD-5108,#ACABADO EN GRIS 0953";HD-5108;0;3;3;0;6;No;"238,43";"239,61";709;;329;709;"0,59107461212976";"0,118759574468085";17/03/2025;18/09/2024;S;N;N;N;LIQUIDACION;8435676702743;"3,29";"715,29";"718,83";2127
ALMACEN REPARACIONES;"XINYANG YONGHAOXUAN FURNITURE CO,LT";MAXI;00001 - Muebles;00057 - Asientos;00002 - Sofás;00002 - Butacas; -;Asientos;;01334001010228;"SILLON RELAX POWER LIFT 2 MOTORES MAXI HD-5108,#ACABADO EN GRIS 0953 REACONDICIONADO A";HD-5108;0;0;-1;0;-1;No;"238,43";"59,6";709;;319;709;"0,89828490832158";"0,773931034482759";;22/12/2025;S;N;N;N;LIQUIDACION;;3;0;0;0
ALMACEN REPARACIONES;"XINYANG YONGHAOXUAN FURNITURE CO,LT";REACONDICIONADO;00001 - Muebles;00057 - Asientos;00002 - Sofás;00002 - Butacas; -;Asientos;;01334001010190;"SILLON RELAX MANUAL EDGAR HD-1918,#ACABADO EN TELA 0951 VISON REACONDICIONADO";HD-1918-9;0;0;-1;0;-1;No;"110,63";"110,63";319;;159;319;"0,580368965517241";"0,158098742138365";;02/02/2026;S;N;N;N;LIQUIDACION;8435676702163;2;0;0;0
ALMACEN REPARACIONES;"XINYANG YONGHAOXUAN FURNITURE CO,LT";REACONDICIONADO;00001 - Muebles;00057 - Asientos;00002 - Sofás;00002 - Butacas; -;Asientos;;01334001010192;"SILLON RELAX POWER LIFT 2 MOTORES MAXI HD-5108,#ACABADO EN GRIS 0953 REACONDICIONADO";HD-5108-13;0;0;-1;0;-1;No;"238,43";"238,43";689;;299;709;"0,581276777939042";"0,035116053511706";;02/02/2024;S;N;N;N;LIQUIDACION;;"2,99";0;0;0
ALMACEN REPARACIONES;"XINYANG YONGHAOXUAN FURNITURE CO,LT";SHARA;00001 - Muebles;00057 - Asientos;00002 - Sofás;00002 - Butacas; -;Asientos;6356352-33979;01334001010071;"SILLON RELAX ELECTRICO SHARA HD-1916,#ACABADO EN CHOCOLATE HILO DORADO";HD-1916;0;2;1;0;3;No;"243,84";"243,84";709;;329;819;"0,58385557122708";"0,103202431610942";18/09/2025;14/01/2025;S;S;N;N;LIQUIDACION;8435676702699;3;"487,68";"487,68";1418
ALMACEN REPARACIONES;"XINYANG YONGHAOXUAN FURNITURE CO,LT";TEIDE;00001 - Muebles;00057 - Asientos;00002 - Sofás;00008 - Chaise longues; -;Asientos;;01334001010220;"CHAISELONGUE CAMA 229 TEIDE HD6081A,#ACABADO EN KSTUR 11 AZUL";HD6081A;0;0;-1;0;-1;No;"225,59";"225,59";479;;;;"0,430137995824635";"0,430137995824635";08/11/2024;10/06/2025;S;N;N;N;LIQUIDACION;;;0;0;0
ALMACEN REPARACIONES;"XINYANG YONGHAOXUAN FURNITURE CO,LT";TEN;00001 - Muebles;00057 - Asientos;00002 - Sofás;00002 - Butacas; -;Asientos;;01334001010237;SILLON RELAX MANUAL TEN HD819 TELA XNR6-6 GRIS CLARO;HD-819;0;0;-1;0;-1;No;"108,74";"108,74";239;;;;"0,449475313807531";"0,449475313807531";23/01/2025;26/12/2025;S;N;N;N;IMPORTACION;;;0;0;0
ALMACEN REPARACIONES;"XINYANG YONGHAOXUAN FURNITURE CO,LT";TOM;00001 - Muebles;00057 - Asientos;00002 - Sofás;00002 - Butacas; -;Asientos;6364220-54600;01334001010077;"SILLON RELAX ELECTRICO TOM HD-1927,#ACABADO EN TELA PK1040A-3 GRIS PERLA";HD-1927;0;1;1;0;2;No;"145,73";"148,76";319;;;;"0,435737931034483";"0,435737931034483";;18/06/2025;S;N;N;N;LIQUIDACION;8435676710953;2;"145,73";"148,76";319
ALMACEN REPARACIONES;"XINYANG YONGHAOXUAN FURNITURE CO,LT";TORINO;00001 - Muebles;00057 - Asientos;00002 - Sofás;00002 - Butacas; -;Asientos;6393390-54440;01334001010106;"SILLON RELAX MANUAL TORINO HD1947,#ACABADO EN TELA PK6005B-2 GRIS";HD1947;0;1;0;0;1;No;"128,14";"127,68";419;;179;"346,28";"0,631282100238664";"0,136911731843575";28/10/2024;03/09/2024;S;N;N;N;LIQUIDACION;;"1,79";"128,14";"127,68";419
ALMACEN REPARACIONES;"XINYANG YONGHAOXUAN FURNITURE CO,LT";VENTUR;00001 - Muebles;00057 - Asientos;00002 - Sofás;00002 - Butacas; -;Asientos;6356357-53457;01334001010073;"SILLON RELAX POWER LIFT VENTUR HD-5102,#ACABADO EN TELA 0953 GRIS";HD-5102;0;1;1;0;2;No;"202,4";"218,17";589;;299;589;"0,551806960950764";"0,117104682274247";10/04/2024;11/02/2026;S;N;N;N;LIQUIDACION;8435676702170;2;"202,4";"218,17";589